fdc_id,food,carbs,calories,fiber,protein,fat
319877,Hummus,0.0,0.0,0.0,0.0,19.0
319915,Hummus - NFY12140Q,0.0,0.0,5.7,0.0,0.0
319934,Hummus - NFY12141F,0.0,0.0,5.4,0.0,0.0
319951,Hummus - NFY1213ZX,0.0,0.0,5.5,0.0,0.0
319973,Hummus - NFY12143E,0.0,0.0,5.7,0.0,0.0
320000,Hummus - NFY12141Z,0.0,0.0,5.5,0.0,0.0
320018,Hummus - NFY12142O,0.0,0.0,4.9,0.0,0.0
320027,"MILK, 2% ",0.0,0.0,0.0,0.0,1.8
320356,"Proximates, Beef, Eye of Round roast/steak, lean only, raw, animal 5, select",0.0,0.0,0.0,23.4,3.46
320383,"Proximates, Beef, Eye of Round roast/steak, lean only, raw, animal 10, select",0.0,0.0,0.0,23.9,1.91
320389,"Proximates, Beef, Eye of Round roast/steak, lean only, raw, animal 11, select",0.0,0.0,0.0,23.5,2.81
320391,"Proximates, Beef, Eye of Round roast/steak, lean only, raw, animal 16, select",0.0,0.0,0.0,23.8,2.07
320393,"Proximates, Beef, Eye of Round roast/steak, lean only, raw, animal 17, select",0.0,0.0,0.0,23.8,3.3
320395,"Proximates, Beef, Eye of Round roast/steak, lean only, raw, animal 18, select",0.0,0.0,0.0,24.0,2.24
320401,"Proximates, Beef, Eye of Round roast/steak, lean only, raw, animal 22, select",0.0,0.0,0.0,23.9,3.01
320403,"Proximates, Beef, Eye of Round roast/steak, lean only, raw, animal 23, select",0.0,0.0,0.0,23.3,3.45
320405,"Proximates, Beef, Eye of Round roast/steak, lean only, raw, animal 28, select",0.0,0.0,0.0,22.9,1.98
320407,"Proximates, Beef, Eye of Round roast/steak, lean only, raw, animal 29, select",0.0,0.0,0.0,23.3,2.27
320409,"Proximates, Beef, Eye of Round roast/steak, lean only, raw, animal 35, select",0.0,0.0,0.0,22.7,1.47
320411,"Proximates, Beef, Eye of Round roast/steak, lean only, raw, animal 36, select",0.0,0.0,0.0,22.6,1.74
320448,"TOMATOES, GRAPE",0.0,0.0,0.0,0.0,0.7
321358,"Hummus, commercial",14.9,594.5,5.4,7.35,17.1
321359,"Milk, reduced fat, fluid, 2% milkfat, with added vitamin A and vitamin D",4.91,129.5,0.0,3.35,1.9
321360,"Tomatoes, grape, raw",5.51,70.0,2.1,0.83,0.63
321511,"Beans, snap, canned, drained - NFY1211Z9",0.0,0.0,0.0,0.0,0.43
321520,"Beans, snap, canned, drained - NFY1211ZM",0.0,0.0,0.0,0.0,0.38
321526,"Beans, snap, canned, drained - NFY1211Z2",0.0,0.0,0.0,0.0,0.43
321536,"Beans, snap, canned, drained - NFY1211YP",0.0,0.0,0.0,0.0,0.3
321546,"Beans, snap, canned, drained - NFY1211YW",0.0,0.0,0.0,0.0,0.43
321555,"Beans, snap, canned, drained - NFY1211ZF",0.0,0.0,0.0,0.0,0.38
321565,"Beans, snap, canned, drained - NFY1211ZZ",0.0,0.0,0.0,0.0,0.35
321571,"Beans, snap, canned, drained - NFY12120I",0.0,0.0,0.0,0.0,0.38
321581,"Beans, snap, canned, drained - NFY12120C",0.0,0.0,0.0,0.0,0.47
321590,"Beans, snap, canned, drained - NFY12120P",0.0,0.0,0.0,0.0,0.41
321599,"Beans, snap, canned, drained - NFY121205",0.0,0.0,0.0,0.0,0.39
321609,"Beans, snap, canned, drained - NFY1211ZS",0.0,0.0,0.0,0.0,0.37
321611,"Beans, snap, green, canned, regular pack, drained solids",4.11,53.5,0.0,1.04,0.39
321660,"Broccoli, Region 1, n/a, Yes, Proximates - NFY01047M",0.0,0.0,0.0,0.0,0.38
321663,"Broccoli, Region 1, n/a, Yes, Fiber - NFY01047T",0.0,0.0,2.0,0.0,0.0
321673,"Broccoli, Region 1, n/a, Yes, Proximates - NFY01048F",0.0,0.0,0.0,0.0,0.41
321682,"Broccoli, Pass 2, Region 1, n/a, Yes, Proximates - NFY010CUE",0.0,0.0,0.0,0.0,0.37
321706,"Broccoli, Region 3, n/a, Yes, Proximates - NFY0104BP",0.0,0.0,0.0,0.0,0.36
321709,"Broccoli, Region 3, n/a, Yes, Proximates - NFY0104AU",0.0,0.0,0.0,0.0,0.22
321712,"Broccoli, Region 3, n/a, Yes, Fiber - NFY0104B1",0.0,0.0,2.5,0.0,0.0
321731,"Broccoli, Region 4, n/a, Yes, Proximates - NFY0104BX",0.0,0.0,0.0,0.0,0.3
321735,"Broccoli, Region 4, n/a, Yes, Fiber - NFY0104C5",0.0,0.0,2.7,0.0,0.0
321745,"Broccoli, Region 4, n/a, Yes, Proximates - NFY0104CS",0.0,0.0,0.0,0.0,0.42
321747,"Broccoli, Cooked, Region 4, n/a, Yes, Proximates - NFY0104CY",0.0,0.0,0.0,0.0,0.52
321748,"Broccoli, Cooked, Region 4, n/a, Yes, Proximates - NFY0104DY",0.0,0.0,0.0,0.0,0.47
321752,"Broccoli, Cooked, Region 4, n/a, Yes, Fiber - NFY0104D6",0.0,0.0,3.2,0.0,0.0
321775,"Broccoli, Region 2, n/a, Yes, Proximates - NFY01048K",0.0,0.0,0.0,0.0,0.34
321778,"Broccoli, Region 2, n/a, Yes, Fiber - NFY01048R",0.0,0.0,2.5,0.0,0.0
321790,"Broccoli, Region 2, n/a, Yes, Proximates - NFY01049F",0.0,0.0,0.0,0.0,0.3
321793,"Broccoli, Cooked, Region 2, n/a, Yes, Proximates - NFY01049N",0.0,0.0,0.0,0.0,0.29
321796,"Broccoli, Cooked, Region 2, n/a, Yes, Fiber - NFY01049U",0.0,0.0,2.2,0.0,0.0
321809,"Broccoli, Cooked, Region 2, n/a, Yes, Proximates - NFY0104AN",0.0,0.0,0.0,0.0,0.45
321817,"Broccoli, Pass 2, Region 2, n/a, Yes, Proximates - NFY010D7D",0.0,0.0,0.0,0.0,0.31
321831,"Broccoli, steamed, Pass 2, Region 2, n/a, Yes, Proximates - NFY010D8W",0.0,0.0,0.0,0.0,0.43
321862,"Broccoli, Pass 2, Region 4, n/a, Yes, Proximates - NFY010CV8",0.0,0.0,0.0,0.0,0.23
321865,"Broccoli, steamed, Pass 2, Region 4, n/a, Yes, Proximates - NFY010CW4",0.0,0.0,0.0,0.0,0.35
321889,"Broccoli, Pass 2, Region 3, n/a, Yes, Proximates - NFY010D84",0.0,0.0,0.0,0.0,0.41
321900,"Broccoli, raw",6.29,82.0,2.4,2.57,0.34
321903,"MILK, 1%",0.0,0.0,0.0,0.0,1.07
322024,"MILK, SKIM ",0.0,0.0,0.0,0.0,1.12
322035,"MILK, 1% ",0.0,0.0,0.0,0.0,1.14
322228,"Milk, lowfat, fluid, 1% milkfat, with added vitamin A and vitamin D",5.19,111.0,0.0,3.38,0.95
322559,"Milk, nonfat, fluid, with added vitamin A and vitamin D (fat free or skim)",4.89,88.5,0.0,3.43,0.08
322562,"MILK, WHOLE ",0.0,0.0,0.0,0.0,3.34
322892,"Milk, whole, 3.25% milkfat, with added vitamin D",4.67,156.0,0.0,3.28,3.2
322896,Hot dogs beef,0.0,0.0,0.0,0.0,26.9
323121,"Frankfurter, beef, unheated",2.89,812.0,0.0,11.7,28.0
323127,Almonds dry roasted salted,0.0,0.0,0.0,0.0,59.6
323157,"Almonds, dry roasted, salted - NFY1213KL",0.0,0.0,10.6,0.0,0.0
323174,"Almonds, dry roasted, salted - NFY1213JZ",0.0,0.0,10.9,0.0,0.0
323200,"Almonds, dry roasted, salted - NFY1213J8",0.0,0.0,10.7,0.0,0.0
323225,"Almonds, dry roasted, salted - NFY1213IK",0.0,0.0,11.0,0.0,0.0
323244,"Almonds, dry roasted, salted - NFY1213I4",0.0,0.0,11.5,0.0,0.0
323261,"Almonds, dry roasted, salted - NFY1213LG",0.0,0.0,11.3,0.0,0.0
323276,"Almonds, dry roasted, salted - NFY1213L0",0.0,0.0,11.2,0.0,0.0
323290,"Almonds, dry roasted, salted - NFY1213M2",0.0,0.0,10.8,0.0,0.0
323294,"Nuts, almonds, dry roasted, with salt added",16.2,1605.0,11.0,20.4,57.8
323300,"CHEESE, RICOTTA, WHOLE MILK, GALBANI",0.0,0.0,0.0,0.0,11.2
323308,"CHEESE, RICOTTA, WHOLE MILK, SORRENTO",0.0,0.0,0.0,0.0,8.2
323347,"CHEESE, RICOTTA, WHOLE MILK, POLLY-O",0.0,0.0,0.0,0.0,11.5
323367,"CHEESE, RICOTTA, WHOLE MILK, STORE/OTHER",0.0,0.0,0.0,0.0,11.5
323384,"CHEESE, RICOTTA, WHOLE MILK, LUCERNE",0.0,0.0,0.0,0.0,11.9
323444,"Cheese, ricotta, whole milk",6.86,407.0,0.0,7.81,11.0
323448,Kale - NFY1212EC,0.0,0.0,0.0,0.0,1.49
323454,Kale - NFY1212CI,0.0,0.0,0.0,0.0,1.56
323461,Kale - NFY1212DW,0.0,0.0,0.0,0.0,1.45
323466,Kale - NFY1212DX,0.0,0.0,4.0,0.0,0.0
323476,Kale - NFY1212CY,0.0,0.0,0.0,0.0,1.43
323483,Kale - NFY1212D0,0.0,0.0,4.2,0.0,0.0
323493,Kale - NFY1212ES,0.0,0.0,0.0,0.0,1.51
323505,"Kale, raw",4.42,91.5,4.1,2.92,1.49
323511,Whole eggs,0.0,0.0,0.0,0.0,11.5
323604,"Egg, whole, raw, frozen, pasteurized",0.91,388.5,0.0,12.3,10.3
323608,Egg whites,0.0,0.0,0.0,0.0,0.1
323697,"Egg, white, raw, frozen, pasteurized",0.74,124.5,0.0,10.1,0.16
323703,"Egg whites, dried",0.0,0.0,0.0,0.0,0.34
323793,"Egg, white, dried",6.02,973.0,0.0,79.9,0.65
323800,Salsa,0.0,0.0,0.0,0.0,0.3
323893,"Proximates, Salsa, TOSTITOS CHUNKY, MEDIUM (FL,MO) - NFY090KVT",0.0,0.0,0.0,0.0,0.1
323895,"TDF, Salsa, TOSTITOS CHUNKY, MEDIUM (FL,MO) - NFY090KVU",0.0,0.0,1.8,0.0,0.0
323902,"Proximates, Salsa, TOSTITOS CHUNKY, MEDIUM (CO,CT) - NFY090KVK",0.0,0.0,0.0,0.0,0.2
323904,"TDF, Salsa, TOSTITOS CHUNKY, MEDIUM (CO,CT) - NFY090KVL",0.0,0.0,1.9,0.0,0.0
323911,"Proximates, Salsa, TOSTITOS CHUNKY, MEDIUM (AL,CA1) - NFY090KUN",0.0,0.0,0.0,0.0,0.1
323913,"TDF, Salsa, TOSTITOS CHUNKY, MEDIUM (AL,CA1) - NFY090KUO",0.0,0.0,2.0,0.0,0.0
323922,"Proximates, Salsa, TOSTITOS CHUNKY, MEDIUM (IN,NY) - NFY090KU1",0.0,0.0,0.0,0.0,0.2
323927,"TDF, Salsa, TOSTITOS CHUNKY, MEDIUM (IN,NY) - NFY090KU4",0.0,0.0,1.8,0.0,0.0
323939,"Proximates, Salsa, TOSTITOS CHUNKY, MEDIUM (CA2,NC) - NFY090KUZ",0.0,0.0,0.0,0.0,0.2
323943,"TDF, Salsa, TOSTITOS CHUNKY, MEDIUM (CA2,NC) - NFY090KV2",0.0,0.0,1.9,0.0,0.0
323955,"Proximates, Salsa, TOSTITOS CHUNKY, MEDIUM (MI,OK) - NFY090KW5",0.0,0.0,0.0,0.0,0.2
323960,"TDF, Salsa, TOSTITOS CHUNKY, MEDIUM (MI,OK) - NFY090KW8",0.0,0.0,1.9,0.0,0.0
323969,"Proximates, Salsa, PACE CHUNKY, MEDIUM (AL,CA1) - NFY090KXG",0.0,0.0,0.0,0.0,0.1
323971,"TDF, Salsa, PACE CHUNKY, MEDIUM (AL,CA1) - NFY090KXH",0.0,0.0,1.9,0.0,0.0
323979,"Proximates, Salsa, PACE CHUNKY, MEDIUM (IN,NY) - NFY090KWU",0.0,0.0,0.0,0.0,0.2
323984,"TDF, Salsa, PACE CHUNKY, MEDIUM (IN,NY) - NFY090KWX",0.0,0.0,1.8,0.0,0.0
323996,"Proximates, Salsa, PACE CHUNKY, MEDIUM (CA2,NC) - NFY090KXS",0.0,0.0,0.0,0.0,0.2
324000,"TDF, Salsa, PACE CHUNKY, MEDIUM (CA2,NC) - NFY090KXV",0.0,0.0,1.9,0.0,0.0
324009,"Proximates, Salsa, PACE CHUNKY, MEDIUM (CO,CT) - NFY090KYD",0.0,0.0,0.0,0.0,0.1
324011,"TDF, Salsa, PACE CHUNKY, MEDIUM (CO,CT) - NFY090KYE",0.0,0.0,1.8,0.0,0.0
324018,"Proximates, Salsa, PACE CHUNKY, MEDIUM (FL,MO) - NFY090KYM",0.0,0.0,0.0,0.0,0.2
324020,"TDF, Salsa, PACE CHUNKY, MEDIUM (FL,MO) - NFY090KYN",0.0,0.0,1.7,0.0,0.0
324029,"Proximates, Salsa, PACE CHUNKY, MEDIUM (MI,OK) - NFY090KYY",0.0,0.0,0.0,0.0,0.2
324034,"TDF, Salsa, PACE CHUNKY, MEDIUM (MI,OK) - NFY090KZ1",0.0,0.0,1.8,0.0,0.0
324038,"Sauce, salsa, ready-to-serve",6.74,75.5,1.8,1.44,0.19
324051,"BEEF BREAKFAST SAUSAGE, BANQUET BROWN N SERVE SAUSAGE LINKS",0.0,0.0,0.0,0.0,29.7
324062,"BEEF BREAKFAST SAUSAGE, ECKRICH SAUSAGE LINKS",0.0,0.0,0.0,0.0,25.4
324146,"BEEF BREAKFAST SAUSAGE, BANQUET BROWN N SERVE SAUSAGE LINKS, MAPLE FLAVOR",0.0,0.0,0.0,0.0,32.5
324157,"Sausage, breakfast sausage, beef, pre-cooked, unprepared",3.37,849.0,0.0,13.3,28.7
324164,"Proximates, Onion rings, frozen, ALEXIA (CA2,NC) - NFY120675",0.0,0.0,0.0,0.0,15.0
324169,"Proximates, Onion rings, frozen, Store brand/other (AL,MI) - NFY12068R",0.0,0.0,0.0,0.0,15.7
324176,"Proximates, Onion rings, frozen, ORE-IDA (CA2,NC) - NFY12069K",0.0,0.0,0.0,0.0,12.8
324190,"Proximates, Onion rings, frozen, ALEXIA (FL,MO) - NFY12068D",0.0,0.0,0.0,0.0,15.8
324192,"TDF, Onion rings, frozen, ALEXIA (FL,MO) - NFY12068F",0.0,0.0,2.8,0.0,0.0
324209,"Proximates, Onion rings, frozen, ORE-IDA (CA1,CT) - NFY120696",0.0,0.0,0.0,0.0,12.6
324211,"TDF, Onion rings, frozen, ORE-IDA (CA1,CT) - NFY120698",0.0,0.0,1.9,0.0,0.0
324227,"Proximates, Onion rings, frozen, ALEXIA (CO,CT) - NFY12067K",0.0,0.0,0.0,0.0,14.8
324229,"TDF, Onion rings, frozen, ALEXIA (CO,CT) - NFY12067M",0.0,0.0,2.6,0.0,0.0
324246,"Proximates, Onion rings, frozen, ORE-IDA (NY,OK) - NFY1206AS",0.0,0.0,0.0,0.0,13.7
324248,"TDF, Onion rings, frozen, ORE-IDA (NY,OK) - NFY1206AU",0.0,0.0,2.6,0.0,0.0
324258,"Proximates, Onion rings, frozen, ALEXIA (IN,NY) - NFY12066A",0.0,0.0,0.0,0.0,15.8
324264,"Proximates, Onion rings, frozen, Store brand/other (CO,IN) - NFY12069Z",0.0,0.0,0.0,0.0,13.9
324266,"TDF, Onion rings, frozen, Store brand/other (CO,IN) - NFY1206A1",0.0,0.0,2.2,0.0,0.0
324285,"Proximates, Onion rings, frozen, ORE-IDA (FL,MO) - NFY1206AE",0.0,0.0,0.0,0.0,12.6
324294,"TDF, Onion rings, frozen, ORE-IDA (FL,MO) - NFY1207BC",0.0,0.0,1.8,0.0,0.0
324311,"Proximates, Onion rings, frozen, ALEXIA (AL,OK) - NFY12066P",0.0,0.0,0.0,0.0,15.4
324313,"TDF, Onion rings, frozen, ALEXIA (AL,OK) - NFY12066R",0.0,0.0,2.5,0.0,0.0
324317,"Onion rings, breaded, par fried, frozen, prepared, heated in oven",36.3,749.0,2.4,4.52,14.4
324324,"Proximates, Pickles, kosher dill, spears, VLASIC (FL,MO) - NFY120HMY",0.0,0.0,0.0,0.0,0.24
324331,"Proximates, Pickles, kosher dill, spears, VLASIC (CA2,NC) - NFY120HMD",0.0,0.0,0.0,0.0,0.36
324338,"Proximates, Pickles, kosher dill, spears, VLASIC (IN,NY) - NFY120HLM",0.0,0.0,0.0,0.0,0.3
324347,"Proximates, Pickles, kosher dill, spears, VLASIC (CO,CT) - NFY120HMM",0.0,0.0,0.0,0.0,0.4
324349,"TDF, Pickles, kosher dill, spears, VLASIC (CO,CT) - NFY120HMO",0.0,0.0,1.1,0.0,0.0
324358,"Proximates, Pickles, kosher dill, spears, CLAUSEN (IN,NY) - NFY120HNO",0.0,0.0,0.0,0.0,0.3
324365,"Proximates, Pickles, kosher dill, spears, CLAUSEN (CA2,NC) - NFY120HOC",0.0,0.0,0.0,0.0,0.24
324377,"Proximates, Pickles, kosher dill, spears, VLASIC (MI,OK) - NFY120HN9",0.0,0.0,0.0,0.0,0.24
324380,"TDF, Pickles, kosher dill, spears, VLASIC (MI,OK) - NFY120HNC",0.0,0.0,1.0,0.0,0.0
324394,"Proximates, Pickles, kosher dill, spears, VLASIC (AL,CA1) - NFY120HLX",0.0,0.0,0.0,0.0,0.32
324397,"TDF, Pickles, kosher dill, spears, VLASIC (AL,CA1) - NFY120HM0",0.0,0.0,0.9,0.0,0.0
324409,"Proximates, Pickles, kosher dill, spears, CLAUSEN (CO,CT) - NFY120HOK",0.0,0.0,0.0,0.0,0.2
324411,"TDF, Pickles, kosher dill, spears, CLAUSEN (CO,CT) - NFY120HOM",0.0,0.0,1.1,0.0,0.0
324420,"Proximates, Pickles, kosher dill, spears, CLAUSEN (MI,OK) - NFY120HOV",0.0,0.0,0.0,0.0,0.36
324431,"Proximates, Pickles, kosher dill, spears, CLAUSEN (AL,CA1) - NFY120HNX",0.0,0.0,0.0,0.0,0.35
324434,"TDF, Pickles, kosher dill, spears, CLAUSEN (AL,CA1) - NFY120HO0",0.0,0.0,1.1,0.0,0.0
324444,"Proximates, Pickles, kosher dill, spears, store brand, AMERICAS CHOICE & SHOP RITE (NY,CT1) - NFY120HPJ",0.0,0.0,0.0,0.0,0.28
324451,"Proximates, Pickles, kosher dill, spears, store brand, HY VEE & PUBLIX (MO1,FL) - NFY120HQO",0.0,0.0,0.0,0.0,0.3
324458,"Proximates, Pickles, kosher dill, spears, store brand, FOOD LION & SUNNY SELECT (NC1,CA2) - NFY120HQ5",0.0,0.0,0.0,0.0,0.28
324465,"Proximates, Pickles, kosher dill, spears, store brand, SAFEWAY (CA1,CO1) - NFY120HPR",0.0,0.0,0.0,0.0,0.25
324468,"TDF, Pickles, kosher dill, spears, store brand, SAFEWAY (CA1,CO1) - NFY120HPU",0.0,0.0,1.0,0.0,0.0
324480,"Proximates, Pickles, kosher dill, spears, store brand, GREAT VALUE & GREAT VALUE (AL1,OK1) - NFY120HQD",0.0,0.0,0.0,0.0,0.36
324482,"TDF, Pickles, kosher dill, spears, store brand, GREAT VALUE & GREAT VALUE (AL1,OK1) - NFY120HQF",0.0,0.0,0.9,0.0,0.0
324496,"Proximates, Pickles, kosher dill, spears, CLAUSEN (FL,MO) - NFY120HP5",0.0,0.0,0.0,0.0,0.33
324499,"TDF, Pickles, kosher dill, spears, CLAUSEN (FL,MO) - NFY120HP8",0.0,0.0,1.3,0.0,0.0
324506,"Pickles, kosher dill",0.0,0.0,0.0,0.0,0.44
324524,"Proximates, Pickles, kosher dill, spears, store brand, KROGER (IN1,MI1) - NFY120HQX",0.0,0.0,0.0,0.0,0.37
324526,"TDF, Pickles, kosher dill, spears, store brand, KROGER (IN1,MI1) - NFY120HQZ",0.0,0.0,0.8,0.0,0.0
324653,"Pickles, cucumber, dill or kosher dill",1.99,31.0,1.0,0.48,0.43
324660,"Proximates, Peanut butter, creamy, SKIPPY (MI) - NFY120C7Y",0.0,0.0,0.0,0.0,50.2
324667,"Proximates, Peanut butter, creamy, SKIPPY (IN,NY) - NFY120C6F",0.0,0.0,0.0,0.0,50.4
324679,"Proximates, Peanut butter, creamy, SKIPPY (CO,CT) - NFY120C7L",0.0,0.0,0.0,0.0,50.3
324680,"TDF, Peanut butter, creamy, SKIPPY (CO,CT) - NFY120C7M",0.0,0.0,5.2,0.0,0.0
324688,"Proximates, Peanut butter, creamy, JIF (IN,NY) - NFY120C8R",0.0,0.0,0.0,0.0,52.0
324705,"Proximates, Peanut butter, creamy, SKIPPY (FL,MO) - NFY120C8D",0.0,0.0,0.0,0.0,49.7
324707,"TDF, Peanut butter, creamy, SKIPPY (FL,MO) - NFY120C8F",0.0,0.0,5.0,0.0,0.0
324714,"Proximates, Peanut butter, creamy, SKIPPY (AL,CA1) - NFY120C6T",0.0,0.0,0.0,0.0,50.8
324716,"TDF, Peanut butter, creamy, SKIPPY (AL,CA1) - NFY120C6V",0.0,0.0,3.8,0.0,0.0
324731,"Proximates, Peanut butter, creamy, JIF (CA2,NC) - NFY120C9J",0.0,0.0,0.0,0.0,51.8
324743,"Proximates, Peanut butter, creamy, JIF (AL,CA1) - NFY120C96",0.0,0.0,0.0,0.0,52.2
324744,"TDF, Peanut butter, creamy, JIF (AL,CA1) - NFY120C97",0.0,0.0,6.1,0.0,0.0
324753,"Proximates, Peanut butter, creamy, JIF (FL,MO) - NFY120CAA",0.0,0.0,0.0,0.0,51.4
324759,"Proximates, Peanut butter, creamy, store brand/other brand, AMERICAS CHOICE & GREAT VALUE (NY) - NFY120CB3",0.0,0.0,0.0,0.0,52.5
324765,"Proximates, Peanut butter, creamy, store brand/other brand, MY ESSENTIALS & SUNNY SELECT (CA2,NC) - NFY120CBW",0.0,0.0,0.0,0.0,50.0
324776,"Proximates, Peanut butter, creamy, JIF (CO,CT) - NFY120C9W",0.0,0.0,0.0,0.0,51.7
324778,"TDF, Peanut butter, creamy, JIF (CO,CT) - NFY120C9Y",0.0,0.0,5.2,0.0,0.0
324793,"Proximates, Peanut butter, creamy, JIF (MI,OK) - NFY120CAP",0.0,0.0,0.0,0.0,52.7
324795,"TDF, Peanut butter, creamy, JIF (MI,OK) - NFY120CAR",0.0,0.0,4.7,0.0,0.0
324804,"Proximates, Peanut butter, creamy, store brand/other brand, HYVEE & PUBLIX (FL,MO) - NFY120CCO",0.0,0.0,0.0,0.0,51.0
324817,"Proximates, Peanut butter, creamy, store brand/other brand, GREAT VALUE (AL,OK) - NFY120CBI",0.0,0.0,0.0,0.0,50.2
324819,"TDF, Peanut butter, creamy, store brand/other brand, GREAT VALUE (AL,OK) - NFY120CBK",0.0,0.0,4.9,0.0,0.0
324833,"Proximates, Peanut butter, creamy, store brand/other brand, KROGER (IN,MI) - NFY120CCA",0.0,0.0,0.0,0.0,51.2
324835,"TDF, Peanut butter, creamy, store brand/other brand, KROGER (IN,MI) - NFY120CCC",0.0,0.0,4.8,0.0,0.0
324849,"Proximates, Peanut butter, creamy, store brand/other brand, SAFEWAY KITCHENS & SHOP RITE (CO,CT) - NFY120CD2",0.0,0.0,0.0,0.0,51.8
324850,"TDF, Peanut butter, creamy, store brand/other brand, SAFEWAY KITCHENS & SHOP RITE (CO,CT) - NFY120CD3",0.0,0.0,3.6,0.0,0.0
324859,"Proximates, Peanut butter, creamy, SKIPPY (CA2,NC) - NFY120C77",0.0,0.0,0.0,0.0,50.1
324860,"Peanut butter, smooth style, with salt",22.3,1548.5,4.8,22.5,51.1
324870,"Proximates, Parmesan cheese, grated, KRAFT 100% (FL,MO) - NFY120DS3",0.0,0.0,0.0,0.0,28.7
324880,"Proximates, Parmesan cheese, grated, KRAFT 100% (IN,NY) - NFY120DQH",0.0,0.0,0.0,0.0,28.7
324890,"Proximates, Parmesan cheese, grated, KRAFT 100% (CA2,NC) - NFY120DRC",0.0,0.0,0.0,0.0,30.4
324912,"Proximates, Parmesan cheese, grated, KRAFT 100% (AL,CA1) - NFY120DR5",0.0,0.0,0.0,0.0,28.8
324920,"Proximates, Parmesan cheese, grated, store brand/other brand, PRICE CHOPPER (CT) - NFY120DSY",0.0,0.0,0.0,0.0,23.8
324937,"Proximates, Parmesan cheese, grated, KRAFT 100% (CO,CT) - NFY120DRR",0.0,0.0,0.0,0.0,29.6
324956,"Proximates, Parmesan cheese, grated, KRAFT 100% (MI,OK) - NFY120DSK",0.0,0.0,0.0,0.0,27.9
324969,"Proximates, Parmesan cheese, grated, store brand/other brand, MY ESSENTIALS & SUNNYSIDE FARMS (CA2,NC) - NFY120DTQ",0.0,0.0,0.0,0.0,26.6
324987,"Proximates, Parmesan cheese, grated, store brand/other brand, GREAT VALUE (AL,OK) - NFY120DTF",0.0,0.0,0.0,0.0,26.0
325005,"Proximates, Parmesan cheese, grated, store brand/other brand, SAFEWAY KITCHENS (CO,CA1) - NFY120DU4",0.0,0.0,0.0,0.0,22.3
325016,"Proximates, Parmesan cheese, grated, store brand/other brand, FLORA & HYVEE (FL,MO) - NFY120DUE",0.0,0.0,0.0,0.0,28.4
325025,"Proximates, Parmesan cheese, grated, store brand/other brand, KROGER (MI,IN) - NFY120DUT",0.0,0.0,0.0,0.0,35.2
325036,"Cheese, parmesan, grated",12.4,1090.5,0.0,29.6,28.0
325042,"Proximates, American cheese, pasteurized process, mixed store brand - NFY090HPC",0.0,0.0,0.0,0.0,30.2
325056,"Proximates, American cheese, pasteurized process, KRAFT - NFY090HJO",0.0,0.0,0.0,0.0,31.0
325069,"Proximates, American cheese, pasteurized process, KRAFT - NFY090HKD",0.0,0.0,0.0,0.0,31.2
325090,"Proximates, American cheese, pasteurized process, LAND-O-LAKES - NFY090HMG",0.0,0.0,0.0,0.0,31.0
325100,"Proximates, American cheese, pasteurized process, mixed store brand - NFY090HP4",0.0,0.0,0.0,0.0,30.0
325105,"Proximates, American cheese, pasteurized process, KRAFT DELI DELUXE - NFY090HKO",0.0,0.0,0.0,0.0,30.8
325113,"Proximates, American cheese, pasteurized process, KRAFT - NFY090HKW",0.0,0.0,0.0,0.0,31.0
325118,"Proximates, American cheese, pasteurized process, mixed store brand - NFY090HPK",0.0,0.0,0.0,0.0,30.6
325126,"Proximates, American cheese, pasteurized process, KRAFT - NFY090HK2",0.0,0.0,0.0,0.0,30.9
325136,"Proximates, American cheese, pasteurized process, LUCERNE  - NFY090HPQ",0.0,0.0,0.0,0.0,30.1
325147,"Proximates, American cheese, pasteurized process, KRAFT DELI DELUXE - NFY090HMZ",0.0,0.0,0.0,0.0,30.7
325151,"Proximates, American cheese, pasteurized process, KROGER DELUXE - NFY090HQ4",0.0,0.0,0.0,0.0,29.8
325168,"Proximates, American cheese, pasteurized process, mixed store brand - NFY090HPY",0.0,0.0,0.0,0.0,30.1
325198,"Cheese, pasteurized process, American, vitamin D fortified",5.27,948.0,0.0,18.0,30.6
325201,"Grapefruit juice, white, shelf stable - NFY1213V5",0.0,0.0,0.0,0.0,0.86
325206,"Grapefruit juice, white, shelf stable - NFY1213U4",0.0,0.0,0.0,0.0,0.87
325211,"Grapefruit juice, white, shelf stable - NFY1213US",0.0,0.0,0.0,0.0,0.5
325221,"Grapefruit juice, white, shelf stable - NFY1213SW",0.0,0.0,0.0,0.0,0.69
325227,"Grapefruit juice, white, shelf stable - NFY1213VF",0.0,0.0,0.0,0.0,0.83
325239,"Grapefruit juice, white, shelf stable - NFY1213SH",0.0,0.0,0.0,0.0,0.73
325250,"Grapefruit juice, white, shelf stable - NFY1213TH",0.0,0.0,0.0,0.0,0.65
325255,"Grapefruit juice, white, shelf stable - NFY1213T5",0.0,0.0,0.0,0.0,0.43
325266,"Grapefruit juice, white, shelf stable - NFY1213UD",0.0,0.0,0.0,0.0,0.68
325273,"Grapefruit juice, white, shelf stable - NFY1213UF",0.0,0.0,0.0,0.0,0.0
325279,"Grapefruit juice, white, shelf stable - NFY1213TQ",0.0,0.0,0.0,0.0,0.72
325284,"Grapefruit juice, white, shelf stable - NFY1213TS",0.0,0.0,0.5,0.0,0.0
325287,"Grapefruit juice, white, canned or bottled, unsweetened",7.59,97.0,0.2,0.55,0.7
325300,"Peaches, raw, Region 2, n/a, Yes - Proximates,  NF00095B, NF00095Y",0.0,0.0,0.0,0.0,0.07
325309,"Peaches, raw, Region 4, n/a, Yes - Proximates,  NF0009EH, NF0009F4",0.0,0.0,0.0,0.0,0.28
325329,"Peaches, raw, Region 1, n/a, Yes - Proximates,  NF00094C; NF000956",0.0,0.0,0.0,0.0,0.22
325345,"Peaches, raw, Region 3, n/a, Yes - Proximates,",0.0,0.0,0.0,0.0,0.18
325364,"Peaches, Raw, Pass 2, Region 2, n/a, Yes, Proximates - NFY010BRV",0.0,0.0,0.0,0.0,0.51
325382,"Peaches, Raw, Pass 2, Region 4, n/a, Yes, Proximates - NFY010BTH",0.0,0.0,0.0,0.0,0.35
325400,"Peaches, Raw, Pass 2, Region 3, n/a, Yes, Proximates - NFY010BSN",0.0,0.0,0.0,0.0,0.16
325427,"Peaches, Raw, Pass 2, Region 1, n/a, Yes, Proximates - NFY010BR1",0.0,0.0,0.0,0.0,0.38
325430,"Peaches, yellow, raw",10.1,108.0,1.5,0.91,0.27
325437,Sunflower seeds dry roasted salted,0.0,0.0,0.0,0.0,58.3
325473,"Sunflower seeds, dry roasted, salted - NFY1213GS",0.0,0.0,9.6,0.0,0.0
325496,"Sunflower seeds, dry roasted, salted - NFY1213G2",0.0,0.0,11.0,0.0,0.0
325518,"Sunflower seeds, dry roasted, salted - NFY1213HJ",0.0,0.0,10.3,0.0,0.0
325524,"Seeds, sunflower seed kernels, dry roasted, with salt added",17.1,1586.0,10.3,21.0,56.1
325531,"ITALIAN PORK SAUSAGE, STORE/OTHER, COOKED",0.0,0.0,0.0,0.0,29.2
325555,"ITALIAN PORK SAUSAGE, KROGER, COOKED",0.0,0.0,0.0,0.0,24.3
325578,"ITALIAN PORK SAUSAGE, JOHNSONVILLE HOT, COOKED",0.0,0.0,0.0,0.0,26.8
325588,"ITALIAN PORK SAUSAGE, GREAT VALUE, COOKED",0.0,0.0,0.0,0.0,28.7
325604,"ITALIAN PORK SAUSAGE, JOHNSONVILLE MILD, COOKED",0.0,0.0,0.0,0.0,25.8
325658,"Sausage, Italian, pork, mild, cooked, pan-fried",2.15,836.0,0.0,18.2,26.2
325666,"TDF, White bread, store brand, mixed composite (IN1,NY1) - NFY0907G9",0.0,0.0,1.7,0.0,0.0
325676,"TDF, White bread, store brand, mixed composite (MI1,OK1) - NFY0907HX",0.0,0.0,1.8,0.0,0.0
325686,"TDF, White bread, store brand, mixed composite (CA2,NC) - NFY0907GX",0.0,0.0,2.4,0.0,0.0
325695,"TDF, White bread, store brand, PUBLIX BREAD (FL1) - NFY0907HL",0.0,0.0,2.1,0.0,0.0
325705,"TDF, White bread, store brand, mixed composite (AL1,CA1) - NFY0907GL",0.0,0.0,1.8,0.0,0.0
325715,"TDF, White bread, store brand, mixed composite (CO2,CT1) - NFY0907H9",0.0,0.0,1.8,0.0,0.0
325722,"Proximates, White bread, store brand, FOOD WORLD SANDWICH BREAD (AL1) - NFY0907IT",0.0,0.0,0.0,0.0,2.9
325729,"Proximates, White bread, store brand, AMERICAS CHOICE LARGE WHITE (NY1) - NFY0907II",0.0,0.0,0.0,0.0,2.4
325736,"Proximates, White bread, store brand, SUNNYSIDE FARMS BREAD (CA2) - NFY0907JF",0.0,0.0,0.0,0.0,4.3
325743,"Proximates, White bread, store brand, SAFEWAY PREMIUM WHITE (CA1) - NFY0907J4",0.0,0.0,0.0,0.0,3.3
325750,"Proximates, White bread, store brand, KROGER BREAD (IN1) - NFY0907I7",0.0,0.0,0.0,0.0,2.3
325757,"Proximates, White bread, store brand, LOWES FOOD STORE (NC1) - NFY0907JQ",0.0,0.0,0.0,0.0,3.2
325764,"Proximates, White bread, store brand, SHOP RITE ROUND TOP WHITE (CT1) - NFY0907KC",0.0,0.0,0.0,0.0,2.6
325771,"Proximates, White bread, store brand, KROGER BREAD (MI1) - NFY0907L9",0.0,0.0,0.0,0.0,3.2
325778,"Proximates, White bread, store brand, PUBLIX BREAD (FL1) - NFY0907KN",0.0,0.0,0.0,0.0,3.3
325785,"Proximates, White bread, store brand, GREAT VALUE WHITE (OK1) - NFY0907LK",0.0,0.0,0.0,0.0,3.4
325794,"Proximates, White bread, store brand, SAFEWAY PREMIUM WHITE (CO1) - NFY0907K1",0.0,0.0,0.0,0.0,3.1
325804,"TDF, White bread, PEPPERIDGE FARMS (FL1,MO1) - NFY0907NN",0.0,0.0,2.3,0.0,0.0
325809,"Proximates, White bread, PEPPERIDGE FARMS (FL1,MO1) - NFY0907NU",0.0,0.0,0.0,0.0,5.2
325819,"TDF, White bread, PEPPERIDGE FARMS (CO1,CT1) - NFY0907N3",0.0,0.0,2.1,0.0,0.0
325822,"Proximates, White bread, PEPPERIDGE FARMS (CO1,CT1) - NFY0907N6",0.0,0.0,0.0,0.0,5.4
325836,"TDF, White bread, PEPPERIDGE FARMS (NC1,NY1,MI1) - NFY0907OR",0.0,0.0,2.2,0.0,0.0
325839,"Proximates, White bread, PEPPERIDGE FARMS (NC1,NY1,MI1) - NFY0907OU",0.0,0.0,0.0,0.0,5.3
325850,"TDF, White bread, SARA LEE SOFT AND SMOOTH CLASSIC WHOLE (IN1,MO1) - NFY0907PB",0.0,0.0,2.9,0.0,0.0
325853,"Proximates, White bread, SARA LEE SOFT AND SMOOTH CLASSIC WHOLE (IN1,MO1) - NFY0907PE",0.0,0.0,0.0,0.0,4.0
325865,"TDF, White bread, SARA LEE SOFT AND SMOOTH CLASSIC WHOLE (AL1,CA1) - NFY0907PV",0.0,0.0,4.0,0.0,0.0
325868,"Proximates, White bread, SARA LEE SOFT AND SMOOTH CLASSIC WHOLE (AL1,CA1) - NFY0907PY",0.0,0.0,0.0,0.0,3.6
325871,"Bread, white, commercially prepared",49.2,700.0,2.3,9.43,3.59
325878,"TURKEY BREAKFAST SAUSAGE, HONEYSUCKLE WHITE",0.0,0.0,0.0,0.0,10.4
325887,"TURKEY BREAKFAST SAUSAGE, HILLSHIRE SMOKED",0.0,0.0,0.0,0.0,9.37
325902,"TURKEY BREAKFAST SAUSAGE, JIMMY DEAN",0.0,0.0,0.0,0.0,11.2
325939,"TURKEY BREAKFAST SAUSAGE, JENNIE O - MILD",0.0,0.0,0.0,0.0,9.72
325954,"TURKEY BREAKFAST SAUSAGE, HONEYSUCKLE FRESH",0.0,0.0,0.0,0.0,11.2
325963,"TURKEY BREAKFAST SAUSAGE, BUTTERBALL",0.0,0.0,0.0,0.0,11.9
325992,"Sausage, turkey, breakfast links, mild, raw",0.93,437.5,0.0,16.7,10.4
325997,"Proximates, Cheese, swiss, slices (FL) - 18c-16-04-Prox",0.0,0.0,0.0,0.0,31.0
326003,"Proximates, Cheese, swiss, slices (MI, OK) - 18c-16-06-Prox",0.0,0.0,0.0,0.0,31.4
326009,"Proximates, Cheese, swiss, slices (AL, CA1) - 18c-16-02-Prox",0.0,0.0,0.0,0.0,30.9
326015,"Cholesterol, Cheese, swiss, slices (CO, CT) - 18c-16-05-Chol",0.0,0.0,0.0,0.0,30.4
326019,"Proximates, Cheese, swiss, slices (CO, CT) - 18c-16-05-Prox",0.0,0.0,0.0,0.0,31.3
326029,"Proximates, Cheese, swiss, slices (NY, NC) - 18c-17-06-Prox",0.0,0.0,0.0,0.0,30.7
326036,"Cholesterol, Cheese, swiss, slices (CA2, NC) - 18c-16-03-Chol",0.0,0.0,0.0,0.0,30.7
326042,"Proximates, Cheese, swiss, slices (CA2, NC) - 18c-16-03-Prox",0.0,0.0,0.0,0.0,31.3
326056,"Proximates, Cheese, swiss, slices (AL, CA1) - 18c-17-02-Prox",0.0,0.0,0.0,0.0,30.3
326063,"Cholesterol, Cheese, swiss, slices (IN, NY) - 18c-16-01-Chol",0.0,0.0,0.0,0.0,30.2
326068,"Proximates, Cheese, swiss, slices (IN, NY) - 18c-16-01-Prox",0.0,0.0,0.0,0.0,30.5
326081,"Proximates, Cheese, swiss, slices (CT, OK) - 18c-17-04-Prox",0.0,0.0,0.0,0.0,32.1
326088,"Cholesterol, Cheese, swiss, slices (IN, MI) - 18c-17-01-Chol",0.0,0.0,0.0,0.0,29.4
326093,"Proximates, Cheese, swiss, slices (IN, MI) - 18c-17-01-Prox",0.0,0.0,0.0,0.0,29.9
326103,"Cholesterol, Cheese, swiss, slices (FL, MO) - 18c-17-05-Chol",0.0,0.0,0.0,0.0,31.1
326107,"Proximates, Cheese, swiss, slices (FL, MO) - 18c-17-05-Prox",0.0,0.0,0.0,0.0,32.0
326120,"Cholesterol, Cheese, swiss, slices (CA2, CO) - 18c-17-03-Chol",0.0,0.0,0.0,0.0,31.7
326126,"Proximates, Cheese, swiss, slices (CA2, CO) - 18c-17-03-Prox",0.0,0.0,0.0,0.0,32.2
326135,"Cheese, swiss",1.44,1016.5,0.0,27.0,31.0
326139,Kale - NFY1214RQ,0.0,0.0,0.0,0.0,1.3
326144,Kale - NFY1214T3,0.0,0.0,0.0,0.0,1.34
326149,Kale - NFY1214SF,0.0,0.0,0.0,0.0,0.91
326154,Kale - NFY1214SR,0.0,0.0,0.0,0.0,1.25
326168,Kale - NFY1214S2,0.0,0.0,0.0,0.0,1.27
326183,Kale - NFY1214RD,0.0,0.0,0.0,0.0,1.19
326196,"Kale, frozen, cooked, boiled, drained, without salt",5.3,93.5,0.0,2.94,1.21
326210,"Carrots, sliced or crinkle cut, frozen, unprepared - Proximates - NF9913SR",0.0,0.0,0.0,0.0,0.25
326230,"Carrots, sliced or crinkle cut, frozen, unprepared - Proximates - NF9913VW",0.0,0.0,0.0,0.0,0.26
326249,"Carrots, sliced or crinkle cut, frozen, unprepared - Proximates - NF9913WD",0.0,0.0,0.0,0.0,1.16
326251,"Carrots, sliced or crinkle cut, frozen, unprepared - Proximates - NF9913WG",0.0,0.0,0.0,0.0,0.24
326263,"Carrots, sliced or crinkle cut, frozen, unprepared - Proximates - NF9913X5",0.0,0.0,0.0,0.0,0.48
326277,"Carrots, sliced or crinkle cut, frozen, unprepared - Proximates - NF9913Z7",0.0,0.0,0.0,0.0,0.29
326298,"Carrots, sliced or crinkle cut, frozen, unprepared - Proximates - NF9913T8",0.0,0.0,0.0,0.0,1.08
326300,"Carrots, sliced or crinkle cut, frozen, unprepared - Proximates - NF9913TB",0.0,0.0,0.0,0.0,0.17
326312,"Carrots, sliced or crinkle cut, frozen, unprepared - Proximates - NF9913U0",0.0,0.0,0.0,0.0,0.42
326327,"Carrots, whole, unprepared - Proximates - NF99143A",0.0,0.0,0.0,0.0,0.35
326348,"Carrots, whole, unprepared - Proximates - NF99146P",0.0,0.0,0.0,0.0,0.3
326372,"Carrots, sliced or crinkle cut, frozen, unprepared - Proximates - NF9913QG",0.0,0.0,0.0,0.0,0.92
326375,"Carrots, sliced or crinkle cut, frozen, unprepared - Proximates - NF9913QM",0.0,0.0,0.0,0.0,0.27
326377,"Carrots, sliced or crinkle cut, frozen, unprepared - Proximates - NF9913QP",0.0,0.0,0.0,0.0,0.46
326393,"Carrots, whole, unprepared - Proximates - NF9914EH",0.0,0.0,0.0,0.0,0.37
326412,"Carrots, whole, unprepared - Proximates - NF99143S",0.0,0.0,0.0,0.0,1.38
326414,"Carrots, whole, unprepared - Proximates - NF99143U",0.0,0.0,0.0,0.0,0.38
326440,"Carrots, whole, unprepared - Proximates - NF99140C",0.0,0.0,0.0,0.0,1.51
326442,"Carrots, whole, unprepared - Proximates - NF99140F",0.0,0.0,0.0,0.0,0.4
326454,"Carrots, whole, unprepared - Proximates - NF991414",0.0,0.0,0.0,0.0,0.41
326458,"Carrots, frozen, unprepared (Includes foods for USDA's Food Distribution Program)",7.92,95.0,3.2,0.81,0.47
326465,"Proximates, Mustard, yellow, FRENCHS CLASSIC (CA2,NC) - NFY120HZ4",0.0,0.0,0.0,0.0,3.57
326472,"Proximates, Mustard, yellow, FRENCHS CLASSIC (FL,MO) - NFY120HZT",0.0,0.0,0.0,0.0,3.7
326479,"Proximates, Mustard, yellow, FRENCHS CLASSIC (IN,NY) - NFY120HY9",0.0,0.0,0.0,0.0,3.24
326486,"Proximates, Mustard, yellow, store brand, AMERICAS CHOICE YELLOW MUSTARD & SHOP RITE YELLOW MUSTARD (NY,CT1) - NFY120I0M",0.0,0.0,0.0,0.0,3.22
326493,"Proximates, Mustard, yellow, store brand, MY ESSENTIALS YELLOW MUSTARD & SUNNY SELECT YELLOW MUSTARD (NC1,CA2) - NFY120I1D",0.0,0.0,0.0,0.0,2.91
326505,"Proximates, Mustard, yellow, FRENCHS CLASSIC (CO,CT) - NFY120HZG",0.0,0.0,0.0,0.0,2.67
326507,"TDF, Mustard, yellow, FRENCHS CLASSIC (CO,CT) - NFY120HZI",0.0,0.0,4.5,0.0,0.0
326520,"Proximates, Mustard, yellow, FRENCHS CLASSIC (MI,OK) - NFY120I04",0.0,0.0,0.0,0.0,3.58
326524,"TDF, Mustard, yellow, FRENCHS CLASSIC (MI,OK) - NFY120I08",0.0,0.0,6.6,0.0,0.0
326536,"Proximates, Mustard, yellow, store brand, HY VEE YELLOW MUSTARD & PUBLIX YELLOW MUSTARD (MO1,FL) - NFY120I1X",0.0,0.0,0.0,0.0,3.16
326549,"Proximates, Mustard, yellow, FRENCHS CLASSIC (AL,CA1) - NFY120HYM",0.0,0.0,0.0,0.0,3.38
326553,"TDF, Mustard, yellow, FRENCHS CLASSIC (AL,CA1) - NFY120HYQ",0.0,0.0,2.6,0.0,0.0
326567,"Proximates, Mustard, yellow, store brand, SAFEWAY & SAFEWAY (CA1,CO1) - NFY120I1M",0.0,0.0,0.0,0.0,3.11
326569,"TDF, Mustard, yellow, store brand, SAFEWAY & SAFEWAY (CA1,CO1) - NFY120I1O",0.0,0.0,5.2,0.0,0.0
326582,"Proximates, Mustard, yellow, store brand, GREAT VALUE & GREAT VALUE (AL1,OK1) - NFY120I0W",0.0,0.0,0.0,0.0,2.8
326586,"TDF, Mustard, yellow, store brand, GREAT VALUE & GREAT VALUE (AL1,OK1) - NFY120I10",0.0,0.0,3.3,0.0,0.0
326600,"Proximates, Mustard, yellow, store brand, KROGER & KROGER (IN1,MI1) - NFY120I26",0.0,0.0,0.0,0.0,3.25
326602,"TDF, Mustard, yellow, store brand, KROGER & KROGER (IN1,MI1) - NFY120I28",0.0,0.0,3.6,0.0,0.0
326623,"Mustard, Yellow, Prepared, French's Classic Yellow Mustard, Proximates - NFY0210KB",0.0,0.0,0.0,0.0,3.97
326654,"Mustard, Yellow, Prepared, Store Brand, Proximates - NFY0210ME",0.0,0.0,0.0,0.0,4.11
326685,"Mustard, Yellow, Prepared, Store Brand, Proximates - NFY0210NF",0.0,0.0,0.0,0.0,3.96
326698,"Mustard, prepared, yellow",5.3,157.5,4.3,4.25,3.38
326708,"Mission Figs, Dried, Region 3, n/a, Yes, Proximates  - NF",0.0,0.0,0.0,0.0,0.59
326733,"Mission Figs, Dried, Region 2, n/a, Yes, Proximates  - NF",0.0,0.0,0.0,0.0,0.7
326765,"Figs, Dried, Pass 2, Region 1, n/a, No, Proximates - NFY010CDB",0.0,0.0,0.0,0.0,1.35
326779,"Figs, Dried, Pass 2, Region 1, n/a, No, Proximates - NFY010CE6",0.0,0.0,0.0,0.0,1.21
326789,"Figs, Dried, Pass 2, Region 2, n/a, Yes, Proximates - NFY010CEH",0.0,0.0,0.0,0.0,1.1
326802,"Figs, Dried, Pass 2, Region 2, n/a, Yes, Proximates - NFY010CFB",0.0,0.0,0.0,0.0,1.12
326826,"Mission Figs, Dried, Region 4, n/a, No, Proximates  - NFY",0.0,0.0,0.0,0.0,0.69
326837,"Figs, Dried, Pass 2, Region 4, n/a, Yes, Proximates - NFY010CGO",0.0,0.0,0.0,0.0,1.07
326850,"Figs, Dried, Pass 2, Region 4, n/a, Yes, Proximates - NFY010CHH",0.0,0.0,0.0,0.0,1.19
326863,"Figs, Dried, Pass 2, Region 3, n/a, Yes, Proximates - NFY010CFL",0.0,0.0,0.0,0.0,1.57
326876,"Figs, Dried, Pass 2, Region 3, n/a, Yes, Proximates - NFY010CGE",0.0,0.0,0.0,0.0,1.04
326889,"Mission Figs, Dried, Region 1, n/a, No, Proximates  - NFY",0.0,0.0,0.0,0.0,0.59
326905,"Figs, dried, uncooked",63.9,644.5,9.8,3.3,0.92
326910,"Kiwi, Pass 2, Region 2, n/a, Yes, Proximates - NFY010BYV",0.0,0.0,0.0,0.0,1.09
326924,"Kiwi, Region 4, n/a, Yes, Fiber  - NFY0100U9",0.0,0.0,3.8,0.0,0.0
326935,"Kiwi, Region 4, n/a, Yes, Proximates  - NFY0100U2",0.0,0.0,0.0,0.0,0.4
326943,"Kiwi, Region 2, n/a, Yes, Fiber  - NFY0100SD",0.0,0.0,3.5,0.0,0.0
326957,"Kiwi, Region 2, n/a, Yes, Proximates  - NFY0100S6",0.0,0.0,0.0,0.0,0.34
326971,"Kiwi, Pass 2, Region 1, n/a, Yes, Proximates - NFY010BY1",0.0,0.0,0.0,0.0,0.9
326982,"Kiwi, Region 3, n/a, Yes, Proximates  - NFY0100T4",0.0,0.0,0.0,0.0,0.11
326986,"Kiwi, Region 3, n/a, Yes, Fiber  - NFY0100TB",0.0,0.0,2.4,0.0,0.0
327010,"Kiwi, Region 1, n/a, Yes, Proximates  - NFY0100RA",0.0,0.0,0.0,0.0,0.27
327014,"Kiwi, Region 1, n/a, Yes, Fiber  - NFY0100RH",0.0,0.0,2.5,0.0,0.0
327023,"Kiwi, Pass 2, Region 3, n/a, Yes, Proximates - NFY010BZD",0.0,0.0,0.0,0.0,0.19
327033,"Kiwi, Pass 2, Region 4, n/a, Yes, Proximates - NFY010BZU",0.0,0.0,0.0,0.0,0.25
327046,"Kiwifruit, green, raw",14.0,149.5,3.0,1.06,0.44
327069,"Cantaloupe, raw, Region 3, n/a, Yes - Proximates,  NF0009H6, NF0009I0",0.0,0.0,0.0,0.0,0.18
327089,"Cantaloupe, raw, Region 1, n/a, Yes - Proximates,  NF000980, NF00098U",0.0,0.0,0.0,0.0,0.18
327093,"Cantaloupe, raw, Region 1, n/a, Yes - Fiber,  NF000987",0.0,0.0,0.0,0.0,0.18
327109,"Cantaloupe, raw, Region 4, n/a, Yes - Proximates,  NF0009I5, NF0009IS",0.0,0.0,0.0,0.0,0.23
327130,"Cantaloupe, Raw, Pass 2, Region 4, n/a, Yes, Proximates - NFY010CYB",0.0,0.0,0.0,0.0,0.32
327148,"Cantaloupe, Raw, Pass 2, Region 2, n/a, Yes, Proximates - NFY010DA7",0.0,0.0,0.0,0.0,0.25
327177,"Cantaloupe, Raw, Pass 2, Region 3, n/a, Yes, Proximates - NFY010DAX",0.0,0.0,0.0,0.0,0.01
327184,"Cantaloupe, Raw, Pass 2, Region 1, n/a, Yes, Proximates - NFY010CXG",0.0,0.0,0.0,0.0,0.14
327198,"Melons, cantaloupe, raw",8.16,87.5,0.8,0.82,0.18
327203,"Nectarines, Raw, Pass 2, Region 2, n/a, Yes, Proximates - NFY010BV5",0.0,0.0,0.0,0.0,0.7
327226,"Nectarines, fresh, Region 2, n/a, Yes - Proximates, NF0008MO",0.0,0.0,0.0,0.0,0.13
327247,"Nectarines, fresh, Region 4, n/a, Yes - Proximates, NF0008OC",0.0,0.0,0.0,0.0,0.17
327268,"Nectarines, Raw, Pass 2, Region 1, n/a, Yes, Proximates - NFY010BU9",0.0,0.0,0.0,0.0,0.43
327289,"Nectarines, fresh, Region 3, n/a, Yes - Proximates, NF0008NF",0.0,0.0,0.0,0.0,0.23
327302,"Nectarines, Raw, Pass 2, Region 3, n/a, Yes, Proximates - NFY010BVY",0.0,0.0,0.0,0.0,0.39
327321,"Nectarines, Raw, Pass 2, Region 4, n/a, Yes, Proximates - NFY010BWR",0.0,0.0,0.0,0.0,0.01
327347,"Nectarines, fresh, Region 1, n/a, Yes - Proximates, NF0008LR",0.0,0.0,0.0,0.0,0.13
327357,"Nectarines, raw",9.18,101.0,1.5,1.06,0.28
327362,"Oranges, Navel, Pass 2, Region 2, n/a, Yes - Proximates, NFY01074V",0.0,0.0,0.0,0.0,0.31
327378,"Oranges, Navel, Pass 2, Region 4, n/a, Yes - Proximates, NFY01076C",0.0,0.0,0.0,0.0,0.24
327403,"Oranges, Navel, Pass 2, Region 3, n/a, Yes - Proximates, NFY01075M",0.0,0.0,0.0,0.0,0.05
327414,"Oranges, Navel, Raw, Region 1, n/a, Yes, Proximates - NFY0103ZP",0.0,0.0,0.0,0.0,0.07
327417,"Oranges, Navel, Raw, Region 1, n/a, Yes, Fiber - NFY0103ZW",0.0,0.0,1.9,0.0,0.0
327426,"Oranges, Navel, Raw, Region 1, n/a, Yes, Proximates - NFY01040J",0.0,0.0,0.0,0.0,0.19
327432,"Oranges, Navel, Raw, Region 2, n/a, Yes, Proximates - NFY01040Q",0.0,0.0,0.0,0.0,0.07
327436,"Oranges, Navel, Raw, Region 2, n/a, Yes, Fiber - NFY01040Y",0.0,0.0,2.1,0.0,0.0
327446,"Oranges, Navel, Raw, Region 2, n/a, Yes, Proximates - NFY01041J",0.0,0.0,0.0,0.0,0.07
327454,"Oranges, Navel, Raw, Region 4, n/a, Yes, Proximates - NFY01043D",0.0,0.0,0.0,0.0,0.07
327457,"Oranges, Navel, Raw, Region 4, n/a, Yes, Proximates - NFY01042O",0.0,0.0,0.0,0.0,0.07
327460,"Oranges, Navel, Raw, Region 4, n/a, Yes, Fiber - NFY01042V",0.0,0.0,2.0,0.0,0.0
327470,"Oranges, Navel, Raw, Region 3, n/a, Yes, Proximates - NFY01041O",0.0,0.0,0.0,0.0,0.17
327473,"Oranges, Navel, Raw, Region 3, n/a, Yes, Fiber - NFY01041V",0.0,0.0,2.0,0.0,0.0
327484,"Oranges, Navel, Raw, Region 3, n/a, Yes, Proximates - NFY01042H",0.0,0.0,0.0,0.0,0.2
327489,"Oranges, Navel, Pass 2, Region 1, n/a, Yes - Proximates, NFY010743",0.0,0.0,0.0,0.0,0.12
327501,"Oranges, raw, navels (Includes foods for USDA's Food Distribution Program)",11.8,121.5,2.0,0.91,0.15
327511,"Strawberries, Fresh, Pass 2, Region 2, n/a, Yes - Proximates, NFY010906",0.0,0.0,0.0,0.0,0.25
327515,"Strawberries, Fresh, Pass 2, Region 2, n/a, Yes - Fiber, NFY01090E",0.0,0.0,2.0,0.0,0.0
327541,"Strawberries, fresh, Region 4, n/a, Yes - Proximates, NF0008L0",0.0,0.0,0.0,0.0,0.22
327569,"Strawberries, fresh, Region 3, n/a, Yes - Proximates, NF0008K3",0.0,0.0,0.0,0.0,0.25
327589,"Strawberries, fresh, Region 2, n/a, Yes - Proximates, NF0008JC",0.0,0.0,0.0,0.0,0.13
327612,"Strawberries, Fresh, Pass 2, Region 1, n/a, Yes - Proximates, NFY0108ZB",0.0,0.0,0.0,0.0,0.32
327616,"Strawberries, Fresh, Pass 2, Region 1, n/a, Yes - Fiber, NFY0108ZJ",0.0,0.0,2.1,0.0,0.0
327643,"Strawberries, fresh, Region 1, n/a, Yes - Proximates, NF0008IF",0.0,0.0,0.0,0.0,0.31
327659,"Strawberries, Fresh, Pass 2, Region 4, n/a, Yes - Proximates, NFY01091W",0.0,0.0,0.0,0.0,0.26
327663,"Strawberries, Fresh, Pass 2, Region 4, n/a, Yes - Fiber, NFY010924",0.0,0.0,1.8,0.0,0.0
327687,"Strawberries, Fresh, Pass 2, Region 3, n/a, Yes - Fiber, NFY010919",0.0,0.0,1.1,0.0,0.0
327697,"Strawberries, Fresh, Pass 2, Region 3, n/a, Yes - Proximates, NFY010911",0.0,0.0,0.0,0.0,0.01
327699,"Strawberries, raw",7.63,81.5,1.8,0.64,0.22
327751,"Romaine Lettuce, Pass 2, Region 4 - Proximates - NFY0105I4",0.0,0.0,0.0,0.0,0.26
327769,"Romaine Lettuce, Pass 2, Region 3 - Proximates - NFY0105HB",0.0,0.0,0.0,0.0,0.16
327771,"Romaine Lettuce, Pass 2, Region 3 - Fiber - NFY0105HE",0.0,0.0,1.6,0.0,0.0
327791,"Romaine Lettuce, Pass 2, Region 1 - Proximates - NFY0105FO",0.0,0.0,1.8,0.0,0.28
327793,"Romaine Lettuce, Pass 2, Region 1 - Fiber - NFY0105FR",0.0,0.0,1.7,0.0,0.0
327822,"Romaine Lettuce, Pass 2, Region 2 - Proximates - NFY0105GK",0.0,0.0,0.0,0.0,0.21
327824,"Romaine Lettuce, Pass 2, Region 2 - Fiber - NFY0105GN",0.0,0.0,1.7,0.0,0.0
327835,"Romaine Lettuce, Region 1, n/a, Yes - Proximates - NFY0101Q8",0.0,0.0,0.0,0.0,0.31
327839,"Romaine Lettuce, Region 1, n/a, Yes - Fiber - NFY0101QF",0.0,0.0,2.0,0.0,0.0
327860,"Romaine Lettuce, Region 2, n/a, Yes - Proximates - NFY0101R5",0.0,0.0,0.0,0.0,0.31
327864,"Romaine Lettuce, Region 2, n/a, Yes - Fiber - NFY0101RC",0.0,0.0,1.8,0.0,0.0
327889,"Romaine Lettuce, Region 3, n/a, Yes - Proximates - NFY0101S5",0.0,0.0,0.0,0.0,0.23
327893,"Romaine Lettuce, Region 3, n/a, Yes - Fiber - NFY0101SC",0.0,0.0,1.8,0.0,0.0
327908,"Romaine Lettuce, Region 4, n/a, Yes - Proximates - NFY0101T5",0.0,0.0,0.0,0.0,0.34
327912,"Romaine Lettuce, Region 4, n/a, Yes - Fiber - NFY0101TC",0.0,0.0,2.0,0.0,0.0
327923,"Lettuce, cos or romaine, raw",3.24,43.5,1.8,1.24,0.26
327935,"Proximates, Cheddar cheese, sliced, CRACKER BARREL (NY,NC) - NFY120DA7",0.0,0.0,0.0,0.0,35.9
327947,"Proximates, Cheddar cheese, sliced, TILLAMOOK (CO,CA1) - NFY120D9B",0.0,0.0,0.0,0.0,36.2
327959,"Proximates, Cheddar cheese, sliced, CRACKER BARREL (FL,MO) - NFY120DAX",0.0,0.0,0.0,0.0,37.6
327976,"Proximates, Cheddar cheese, sliced, CRACKER BARREL (AL,CT) - NFY120DAM",0.0,0.0,0.0,0.0,36.6
327996,"Proximates, Cheddar cheese, sliced, CRACKER BARREL (MI) - NFY120DBE",0.0,0.0,0.0,0.0,36.0
328006,"Proximates, Cheddar cheese, sliced, SARGENTO SHARP  (NY) - NFY120DBP",0.0,0.0,0.0,0.0,33.6
328019,"Proximates, Cheddar cheese, sliced, SARGENTO NATURAL SHARP CHEDDAR DELI STYLE (CA2,IN) - NFY120DCK",0.0,0.0,0.0,0.0,33.7
328042,"Proximates, Cheddar cheese, sliced, TILLAMOOK (CA2,IN) - NFY120D9U",0.0,0.0,0.0,0.0,37.3
328056,"Proximates, Cheddar cheese, sliced, storebrand, KROGER (IN,MI) - NFY120DDA",0.0,0.0,0.0,0.0,34.6
328068,"Proximates, Cheddar cheese, sliced, store brand, CRYSTAL FARMS & SHULLSBURG WISCONSIN (MO,NY) - NFY120DE3",0.0,0.0,0.0,0.0,33.4
328092,"Proximates, Cheddar cheese, sliced, SARGENTO SHARP  (AL,CA1) - NFY120DC8",0.0,0.0,0.0,0.0,33.7
328112,"Proximates, Cheddar cheese, sliced, SARGENTO SHARP  (CT,MI) - NFY120DCZ",0.0,0.0,0.0,0.0,33.3
328121,"Proximates, Cheddar cheese, sliced, store brand, SUNNYSIDE FARMS DELI STYLE SLICED MEDIUM (CA2) - NFY120DEV",0.0,0.0,0.0,0.0,34.9
328129,"Proximates, Cheddar cheese, sliced, store brand, HYVEE CRACKER CUTS & PUBLIX (FL,MO) - NFY120DFJ",0.0,0.0,0.0,0.0,32.9
328150,"Proximates, Cheddar cheese, sliced, store brand, LUCERNE SLICED SHARP CHEDDAR NATURAL CHEESE (CO,CA1) - NFY120DDQ",0.0,0.0,0.0,0.0,32.8
328172,"Proximates, Cheddar cheese, sliced, store brand, GREAT VALUE DELI STYLE SLICED SHARP  (AL,OK) - NFY120DEK",0.0,0.0,0.0,0.0,33.5
328189,"Proximates, Cheddar cheese, sliced, store brand, PUBLIX & SHOPRITE (CT,FL) - NFY120DF9",0.0,0.0,0.0,0.0,32.9
328206,"Proximates, Cheddar cheese, sliced, store brand, FOOD LION (NC) - NFY120DFY",0.0,0.0,0.0,0.0,33.3
328217,"Proximates, Cheese, cheddar, natural shredded sharp, store brand, GREAT VALUE (CA1,NE) - NFY120WVQ",0.0,0.0,0.0,0.0,33.1
328236,"Proximates, Cheese, cheddar, natural shredded mild, KRAFT (KY,NE,NC) - NFY120WPK",0.0,0.0,0.0,0.0,32.7
328257,"Proximates, Cheese, cheddar, natural shredded sharp, KRAFT (AZ,IN,GA) - NFY120WTS",0.0,0.0,0.0,0.0,34.1
328276,"Proximates, Cheese, cheddar, natural shredded sharp, store brand, MY ESSENTIALS (AZ,GA,NC,PA) - NFY120WV6",0.0,0.0,0.0,0.0,32.7
328295,"Proximates, Cheese, cheddar, natural shredded sharp, store brand, sKROGER (CA2,KY,TX) - NFY120WUL",0.0,0.0,0.0,0.0,32.9
328315,"Proximates, Cheese, cheddar, natural shredded sharp, KRAFT (KY,NE,NC) - NFY120WT5",0.0,0.0,0.0,0.0,35.1
328334,"Proximates, Cheese, cheddar, natural shredded mild, KRAFT (PA,IA) - NFY120WP9",0.0,0.0,0.0,0.0,33.6
328342,"Proximates, Cheese, cheddar, natural shredded mild, store brand, ESSENTIAL EVERYDAY  (GA,IA,PA) - NFY120WQT",0.0,0.0,0.0,0.0,33.7
328350,"Proximates, Cheese, cheddar, natural shredded sharp, KRAFT (PA,CA1,IA,TX) - NFY120WSU",0.0,0.0,0.0,0.0,34.6
328356,"Proximates, Cheese, cheddar, natural shredded sharp, store brand, SHOP RITE (IA,IN,NJ) - NFY120WUA",0.0,0.0,0.0,0.0,33.9
328367,"Proximates, Cheese, cheddar, natural shredded mild, KRAFT (IN,GA) - NFY120WQB",0.0,0.0,0.0,0.0,32.5
328404,"Proximates, Cheese, cheddar, natural shredded mild, store brand, WEGMANS (AZ,IN,NJ,NC) - NFY120WRT",0.0,0.0,0.0,0.0,32.1
328422,"Proximates, Cheese, cheddar, natural shredded mild, store brand, sKROGER (CA2,TX) - NFY120WSD",0.0,0.0,0.0,0.0,32.8
328441,"Proximates, Cheese, cheddar, mild, block/chunk KRAFT (PA,CA1,VA) - NFY120WW9",0.0,0.0,0.0,0.0,33.1
328452,"Proximates, Cheese, cheddar, sharp, block/chunk KRAFT (PA,CA1,IA) - NFY120WZD",0.0,0.0,0.0,0.0,35.0
328468,"Proximates, Cheese, cheddar, mild, block/chunk KRAFT (IN,GA,TX) - NFY120WXC",0.0,0.0,0.0,0.0,34.9
328486,"Proximates, Cheese, cheddar, mild, block/chunk, store brand, GREAT VALUE (CA1,KY,NE) - NFY120WY5",0.0,0.0,0.0,0.0,33.5
328504,"Proximates, Cheese, cheddar, mild, block/chunk, store brand, FOOD CLUB  (AZ,IN,GA) - NFY120WYY",0.0,0.0,0.0,0.0,34.8
328524,"Proximates, Cheese, cheddar, mild, block/chunk KRAFT (KY,NE,NC) - NFY120WWQ",0.0,0.0,0.0,0.0,33.0
328539,"Proximates, Cheese, cheddar, sharp, block/chunk KRAFT (IN,GA) - NFY120X0A",0.0,0.0,0.0,0.0,34.1
328548,"Proximates, Cheese, cheddar, mild, block/chunk, store brand, SHOPRITE   (NC,NJ,TX) - NFY120WXO",0.0,0.0,0.0,0.0,33.6
328556,"Proximates, Cheese, cheddar, sharp, block/chunk, store brand, sKROGER (CA2,TX) - NFY120X35",0.0,0.0,0.0,0.0,33.1
328581,"Proximates, Cheese, cheddar, sharp, block/chunk KRAFT (KY,NE) - NFY120WZS",0.0,0.0,0.0,0.0,34.7
328600,"Proximates, Cheese, cheddar, sharp, block/chunk, store brand, ESSENTIAL EVERYDAY (NC,PA) - NFY120X2Q",0.0,0.0,0.0,0.0,34.2
328617,"Proximates, Cheese, cheddar, sharp, block/chunk CABOT, SERIOUSLY SHARP (GA,NJ) - NFY120X0Y",0.0,0.0,0.0,0.0,34.0
328633,"Proximates, Cheese, cheddar, sharp, block/chunk, store brand, GREAT VALUE (CA1,KY,NE) - NFY120X2C",0.0,0.0,0.0,0.0,33.6
328637,"Cheese, cheddar",2.44,1059.0,0.0,23.3,34.0
328645,"Proximates, Cottage cheese, 2% milkfat, BREAKSTONE (CT,NC) - NFY120BN6",0.0,0.0,0.0,0.0,1.87
328651,"Proximates, Cottage cheese, 2% milkfat, BREAKSTONE (FL) - NFY120BNW",0.0,0.0,0.0,0.0,2.2
328659,"Proximates, Cottage cheese, 2% milkfat, store brand/other brand, HY VEE & DAISY (CA2,MO) - NFY120BMD",0.0,0.0,0.0,0.0,2.5
328677,"Proximates, Cottage cheese, 2% milkfat, DAISY (CA1,CO) - NFY120BMU",0.0,0.0,0.0,0.0,2.27
328687,"Proximates, Cottage cheese, 2% milkfat, BREAKSTONE (AL,IN) - NFY120BNL",0.0,0.0,0.0,0.0,2.2
328711,"Proximates, Cottage cheese, 2% milkfat, BREAKSTONE (MI,OK) - NFY120BOD",0.0,0.0,0.0,0.0,2.08
328720,"Proximates, Cottage cheese, 2% milkfat, store brand/other brand, KRAFT SIMPLY & MEADOW GOLD VIVA (AL,CO) - NFY120BOP",0.0,0.0,0.0,0.0,2.55
328728,"Proximates, Cottage cheese, 2% milkfat, store brand/other brand, FRIENDSHIP & HORIZON ORGANIC (FL,IN) - NFY120BPV",0.0,0.0,0.0,0.0,2.11
328735,"Proximates, Cottage cheese, 2% milkfat, store brand/other brand, FRIENDSHIP ALL NATURAL & HYVEE (MO,NY) - NFY120BQK",0.0,0.0,0.0,0.0,2.26
328741,"Cholesterol & moisture, Cottage cheese, 2% milkfat, DAISY (MO,CT) - NFY120BPD",0.0,0.0,0.0,0.0,2.35
328749,"Proximates, Cottage cheese, 2% milkfat, DAISY (MO,CT) - NFY120BPL",0.0,0.0,0.0,0.0,2.07
328767,"Proximates, Cottage cheese, 2% milkfat, KNUDSEN (CA1,CA2) - NFY120BP5",0.0,0.0,0.0,0.0,2.4
328783,"Proximates, Cottage cheese, 2% milkfat, DAISY (MI,NY) - NFY120BQ9",0.0,0.0,0.0,0.0,2.23
328792,"Proximates, Cottage cheese, 2% milkfat, store brand/other brand, KING SOOPERS & KRAFT (CO,CT) - NFY120BR7",0.0,0.0,0.0,0.0,2.19
328807,"Proximates, Cottage cheese, 2% milkfat, store brand/other brand, KROGER & SAFEWAY (CA1,MI) - NFY120BQX",0.0,0.0,0.0,0.0,2.72
328821,"Proximates, Cottage cheese, 2% milkfat, DAISY (FL,IN) - NFY120BRK",0.0,0.0,0.0,0.0,2.31
328838,"Proximates, Cottage cheese, 2% milkfat, store brand/other brand, SUNNYSIDE FARMS & DAISY (CA2,NC) - NFY120BS1",0.0,0.0,0.0,0.0,2.64
328841,"Cheese, cottage, lowfat, 2% milkfat",4.31,218.0,0.0,11.0,2.3
328849,"Proximates, Mozzarella cheese, low-moisture, part-skim, SARGENTO (MI) - NFY120DHM",0.0,0.0,0.0,0.0,20.9
328856,"Proximates, Mozzarella cheese, low-moisture, part-skim, KRAFT (CA1) - NFY120DIE",0.0,0.0,0.0,0.0,21.5
328868,"Proximates, Mozzarella cheese, low-moisture, part-skim, SARGENTO (CA2,NC) - NFY120DGV",0.0,0.0,0.0,0.0,20.3
328880,"Proximates, Mozzarella cheese, low-moisture, part-skim, KRAFT (CA2,NC) - NFY120DJA",0.0,0.0,0.0,0.0,21.4
328899,"Proximates, Mozzarella cheese, low-moisture, part-skim, SARGENTO (CO,CT) - NFY120DHA",0.0,0.0,0.0,0.0,20.6
328922,"Proximates, Mozzarella cheese, low-moisture, part-skim, SARGENTO (FL,MO) - NFY120DI3",0.0,0.0,0.0,0.0,20.7
328944,"Proximates, Mozzarella cheese, low-moisture, part-skim, SARGENTO (AL,CA1) - NFY120DGJ",0.0,0.0,0.0,0.0,21.6
328964,"Proximates, Mozzarella cheese, low-moisture, part-skim, KRAFT (FL,MO) - NFY120DJP",0.0,0.0,0.0,0.0,20.2
328974,"Proximates, Mozzarella cheese, low-moisture, part-skim, store brand, AMERICAS CHOICE (NY) - NFY120DKR",0.0,0.0,0.0,0.0,17.8
328997,"Proximates, Mozzarella cheese, low-moisture, part-skim, KRAFT (IN,NY) - NFY120DIX",0.0,0.0,0.0,0.0,21.1
329011,"Proximates, Mozzarella cheese, low-moisture, part-skim, store brand/other brand, CRYSTAL FARMS & KROGER (CO,CT) - NFY120DJZ",0.0,0.0,0.0,0.0,19.2
329023,"Proximates, Mozzarella cheese, low-moisture, part-skim, store brand, MY ESSENTIALS & SUNNYSIDE FARMS (CA2,NC) - NFY120DLK",0.0,0.0,0.0,0.0,20.5
329035,"Proximates, Mozzarella cheese, low-moisture, part-skim, store brand, HYVEE & PUBLIX (FL,MO) - NFY120DM8",0.0,0.0,0.0,0.0,19.1
329056,"Proximates, Mozzarella cheese, low-moisture, part-skim, KRAFT (MI,OK) - NFY120DKG",0.0,0.0,0.0,0.0,20.5
329073,"Proximates, Mozzarella cheese, low-moisture, part-skim, store brand, GREAT VALUE & SHOP RITE (AL,CT) - NFY120DLY",0.0,0.0,0.0,0.0,19.4
329091,"Proximates, Mozzarella cheese, low-moisture, part-skim, store brand, LUCERNE (CA1,CO) - NFY120DL8",0.0,0.0,0.0,0.0,21.1
329117,"Proximates, Mozzarella cheese, low-moisture, part-skim, store brand, KROGER (MI,IN) - NFY120DMN",0.0,0.0,0.0,0.0,20.0
329130,"Proximates, Mozzarella cheese, low-moisture, part-skim, SARGENTO (IN,NY) - NFY120E88",0.0,0.0,0.0,0.0,19.8
329136,"Proximates, Cheese, string (low-moisture, part-skim mozzarella), KRAFT (IA) - NFY120X52",0.0,0.0,0.0,0.0,20.3
329146,"Proximates, Cheese, string (low-moisture, part-skim mozzarella), SARGENTO (PA,CA1) - NFY120X5C",0.0,0.0,0.0,0.0,21.4
329156,"Proximates, Cheese, string (low-moisture, part-skim mozzarella), SARGENTO (KY,CA2) - NFY120X5N",0.0,0.0,0.0,0.0,21.8
329163,"Proximates, Cheese, string (low-moisture, part-skim mozzarella), KRAFT (NE) - NFY120X42",0.0,0.0,0.0,0.0,20.5
329177,"Proximates, Cheese, string (low-moisture, part-skim mozzarella), KRAFT (CA1) - NFY120X3I",0.0,0.0,0.0,0.0,19.8
329197,"Proximates, Cheese, string (low-moisture, part-skim mozzarella), SARGENTO (NE,NC) - NFY120X61",0.0,0.0,0.0,0.0,21.6
329207,"Proximates, Cheese, string (low-moisture, part-skim mozzarella), KRAFT (IN,TX) - NFY120X4K",0.0,0.0,0.0,0.0,19.7
329223,"Proximates, Cheese, string (low-moisture, part-skim mozzarella), SARGENTO (IA,TX) - NFY120X6R",0.0,0.0,0.0,0.0,20.9
329231,"Proximates, Cheese, string (low-moisture, part-skim mozzarella), FRIGO (PA,CA1) - NFY120X7K",0.0,0.0,0.0,0.0,20.0
329238,"Proximates, Cheese, string (low-moisture, part-skim mozzarella), FRIGO (NE,NC) - NFY120X8B",0.0,0.0,0.0,0.0,19.7
329252,"Proximates, Cheese, string (low-moisture, part-skim mozzarella), SARGENTO (AZ,IN) - NFY120X6F",0.0,0.0,0.0,0.0,21.0
329267,"Proximates, Cheese, string (low-moisture, part-skim mozzarella), SARGENTO (GA,NJ) - NFY120X75",0.0,0.0,0.0,0.0,20.4
329277,"Proximates, Cheese, string (low-moisture, part-skim mozzarella), FRIGO (IA,TX) - NFY120X8Z",0.0,0.0,0.0,0.0,20.2
329286,"Proximates, Cheese, string (low-moisture, part-skim mozzarella), FRIGO (KY,CA2) - NFY120X7S",0.0,0.0,0.0,0.0,20.4
329301,"Proximates, Cheese, string (low-moisture, part-skim mozzarella), FRIGO (AZ,VA) - NFY120X8K",0.0,0.0,0.0,0.0,20.3
329315,"Proximates, Cheese, string (low-moisture, part-skim mozzarella), store brand, MY ESSENTIALS (CA2,NC) - NFY120XAA",0.0,0.0,0.0,0.0,19.1
329323,"Proximates, Cheese, string (low-moisture, part-skim mozzarella), FRIGO (GA,NJ) - NFY120X99",0.0,0.0,0.0,0.0,20.5
329343,"Proximates, Cheese, string (low-moisture, part-skim mozzarella), store brand, sKROGER (KY,TX) - NFY120X9W",0.0,0.0,0.0,0.0,19.0
329355,"Proximates, Cheese, string (low-moisture, part-skim mozzarella), BORDEN (CA1,NE,PA) - NFY120XAN",0.0,0.0,0.0,0.0,20.8
329367,"Proximates, Cheese, string (low-moisture, part-skim mozzarella), store brand, FOOD CLUB (AZ,IN,NJ) - NFY120XB6",0.0,0.0,0.0,0.0,21.5
329370,"Cheese, mozzarella, low moisture, part-skim",4.44,769.0,0.0,23.7,20.4
329375,"Whole eggs, dried",0.0,0.0,0.0,0.0,39.1
329490,"Egg, whole, dried",1.87,1492.5,0.0,48.1,39.8
329496,Egg yolk,0.0,0.0,0.0,0.0,25.6
329596,"Egg, yolk, raw, frozen, pasteurized",0.59,768.0,0.0,15.6,25.1
329602,"Egg yolks, dried",0.0,0.0,0.0,0.0,55.6
329716,"Egg, yolk, dried",1.07,1697.0,0.0,34.2,55.5
329730,"Proximates, Cheese, dry white, Queso seco, mixed composite (CA-LA, CA-SD) - NFY0900B6",0.0,0.0,0.0,0.0,23.8
329747,"Proximates, Cheese, dry white, Queso seco, mixed composite (FL, CA-SB) - NFY090099",0.0,0.0,0.0,0.0,23.6
329763,"Proximates, Cheese, dry white, Queso seco, mixed composite (TX-HA, NV) - NFY0900AJ",0.0,0.0,0.0,0.0,24.8
329779,"Proximates, Cheese, dry white, Queso seco, EL MEXICANO BRAND (CA-AL) - NFY09007Z",0.0,0.0,0.0,0.0,23.6
329799,"Proximates, Cheese, dry white, Queso seco, mixed composite (MD, NM) - NFY09009W",0.0,0.0,0.0,0.0,24.0
329822,"Proximates, Cheese, dry white, Queso seco, mixed composite (NY, TX-TR) - NFY09008M",0.0,0.0,0.0,0.0,26.3
329830,"Cheese, dry white, queso seco",2.07,843.0,0.0,24.5,24.3
329836,"Proximates, Greek yogurt, CHOBANI PLAIN NON-FAT (NY1) - NFY0910ZX",0.0,0.0,0.0,0.0,0.61
329845,"Proximates, Greek yogurt, CHOBANI PLAIN NON-FAT (FL1,MO1) - NFY09111G",0.0,0.0,0.0,0.0,0.42
329852,"Proximates, Greek yogurt, FAGE PLAIN NONFAT (IN1,NY1) - NFY09112A",0.0,0.0,0.0,0.0,0.24
329869,"Proximates, Greek yogurt, CHOBANI PLAIN NON-FAT (CA2,NC1) - NFY09110R",0.0,0.0,0.0,0.0,0.45
329873,"Proximates, Greek yogurt, FAGE PLAIN NONFAT (OK1) - NFY091131",0.0,0.0,0.0,0.0,0.31
329882,"Proximates, Greek yogurt, FAGE PLAIN NONFAT (FL1) - NFY09113Q",0.0,0.0,0.0,0.0,0.41
329902,"Proximates, Greek yogurt, CHOBANI PLAIN NON-FAT (AL1,CA1) - NFY09110F",0.0,0.0,0.0,0.0,0.31
329931,"Proximates, Greek yogurt, CHOBANI PLAIN NON-FAT (CO1,CT1) - NFY091116",0.0,0.0,0.0,0.0,0.26
329949,"Proximates, Greek yogurt, FAGE PLAIN NONFAT (CO1,CT1) - NFY09113G",0.0,0.0,0.0,0.0,0.3
329970,"Proximates, Greek yogurt, CHOBANI PLAIN NON-FAT (MI1,OK1) - NFY09111Y",0.0,0.0,0.0,0.0,0.43
329990,"Proximates, Greek yogurt, FAGE PLAIN NONFAT (AL1,CA1) - NFY09112Q",0.0,0.0,0.0,0.0,0.38
330007,"Proximates, Greek yogurt, DANNON OIKOS PLAIN NON-FAT (IN1,NY1) - NFY09114L",0.0,0.0,0.0,0.0,0.55
330017,"Proximates, Greek yogurt, DANNON OIKOS PLAIN NON-FAT (MI1) - NFY091161",0.0,0.0,0.0,0.0,0.36
330034,"Proximates, Greek yogurt, DANNON OIKOS PLAIN NON-FAT (CA2,NC1) - NFY09115C",0.0,0.0,0.0,0.0,0.52
330053,"Proximates, Greek yogurt, DANNON OIKOS PLAIN NON-FAT (AL1,CA1) - NFY091150",0.0,0.0,0.0,0.0,0.23
330077,"Proximates, Greek yogurt, FAGE PLAIN NONFAT (CA2,NC1) - NFY091149",0.0,0.0,0.0,0.0,0.33
330106,"Proximates, Greek yogurt, DANNON OIKOS PLAIN NON-FAT (FL1,MO1) - NFY09116J",0.0,0.0,0.0,0.0,0.31
330135,"Proximates, Greek yogurt, DANNON OIKOS PLAIN NON-FAT (CO1,CT1) - NFY09115R",0.0,0.0,0.0,0.0,0.3
330137,"Yogurt, Greek, plain, nonfat",3.64,158.5,0.0,10.3,0.37
330144,"Proximates, Yogurt, Greek, strawberry, non-fat, DANNON OIKOS (CO,CT) - NFY120OO0",0.0,0.0,0.0,7.95,0.2
330151,"Proximates, Yogurt, Greek, strawberry, non-fat, DANNON OIKOS (AL,CA1) - NFY120ON9",0.0,0.0,0.0,8.21,0.2
330158,"Proximates, Yogurt, Greek, strawberry, non-fat, DANNON OIKOS (MI,OK) - NFY120OOL",0.0,0.0,0.0,7.98,0.2
330172,"Proximates, Yogurt, Greek, strawberry, non-fat, DANNON OIKOS (FL,MO) - NFY120OO8",0.0,0.0,0.0,7.91,0.2
330193,"Proximates, Yogurt, Greek, strawberry, non-fat, FAGE TOTAL (FL,CT) - NFY120PA7",0.0,0.0,0.0,8.32,0.07
330211,"Proximates, Yogurt, Greek, strawberry, non-fat, DANNON OIKOS (CA2,NC) - NFY120ONI",0.0,0.0,0.0,7.88,0.3
330235,"Proximates, Yogurt, Greek, strawberry, non-fat, CHOBANI (AL,CA1) - NFY120OP9",0.0,0.0,0.0,7.66,0.1
330248,"Proximates, Yogurt, Greek, strawberry, non-fat, DANNON OIKOS (IN,NY) - NFY120OMR",0.0,0.0,0.0,8.27,0.2
330253,"TDF, Yogurt, Greek, strawberry, non-fat, DANNON OIKOS (IN,NY) - NFY120OMW",0.0,0.0,0.4,0.0,0.0
330272,"Proximates, Yogurt, Greek, strawberry, non-fat, CHOBANI (IN,NY) - NFY120OOV",0.0,0.0,0.0,8.07,0.2
330291,"Proximates, Yogurt, Greek, strawberry, non-fat, CHOBANI (CO,CT) - NFY120OPV",0.0,0.0,0.0,7.92,0.2
330304,"Proximates, Yogurt, Greek, strawberry, non-fat, CHOBANI (MI,OK) - NFY120OQI",0.0,0.0,0.0,8.36,0.07
330322,"Proximates, Yogurt, Greek, strawberry, non-fat, FAGE TOTAL (NY,NC) - NFY120ORF",0.0,0.0,0.0,8.06,0.1
330344,"Proximates, Yogurt, Greek, strawberry, non-fat, FAGE TOTAL (CA2,CO) - NFY120OS1",0.0,0.0,0.0,8.09,0.07
330365,"Proximates, Yogurt, Greek, strawberry, non-fat, CHOBANI (FL,MO) - NFY120OQ2",0.0,0.0,0.0,8.24,0.07
330371,"TDF, Yogurt, Greek, strawberry, non-fat, CHOBANI (FL,MO) - NFY120OQ8",0.0,0.0,0.7,0.0,0.0
330384,"Proximates, Yogurt, Greek, strawberry, non-fat, FAGE TOTAL (CA1,OK) - NFY120OQS",0.0,0.0,0.0,8.16,0.1
330407,"Proximates, Yogurt, Greek, strawberry, non-fat, CHOBANI (CA2,NC) - NFY120OPG",0.0,0.0,0.0,7.96,0.1
330415,"Yogurt, Greek, strawberry, nonfat",12.2,215.0,0.6,8.06,0.15
330420,"Proximates, Oil, coconut, LOU ANA (NC) - NFY120PDN",0.0,0.0,0.0,0.0,99.2
330425,"Proximates, Oil, coconut, LOU ANA (IN,AL) - NFY120PDT",0.0,0.0,0.0,0.0,99.2
330432,"Proximates, Oil, coconut, LOU ANA (MI,OK) - NFY120PE9",0.0,0.0,0.0,0.0,99.4
330440,"Proximates, Oil, coconut, LOU ANA (FL,MO) - NFY120PE1",0.0,0.0,0.0,0.0,98.6
330448,"Proximates, Oil, coconut, LOU ANA (CO,CT) - NFY120PD6",0.0,0.0,0.0,0.0,98.9
330457,"Proximates, Oil, coconut, BETTER BODY ORGANIC (CA2) - NFY120PDG",0.0,0.0,0.0,0.0,99.0
330458,"Oil, coconut",0.84,2156.5,0.0,0.0,99.1
330464,"Total Fat, Ground turkey, 93% lean, 7% fat, pan-broiled crumbles (AL1)",0.0,0.0,0.0,0.0,12.2
330465,"Protein, ash,& moisture, Ground turkey, 93% lean, 7% fat, pan-broiled crumbles (AL1)",0.0,0.0,0.0,26.5,0.0
330481,"Total Fat, Ground turkey, 93% lean, 7% fat, raw (National)",0.0,0.0,0.0,0.0,8.55
330482,"Protein, ash,& moisture, Ground turkey, 93% lean, 7% fat, raw (National) ",0.0,0.0,0.0,18.8,0.0
330492,"Total Fat, Ground turkey, 93% lean, 7% fat, raw (FL1,MO1,NY1)",0.0,0.0,0.0,0.0,8.14
330494,"Protein, ash,& moisture, Ground turkey, 93% lean, 7% fat, raw (FL1,MO1,NY1) ",0.0,0.0,0.0,18.0,0.0
330498,"Total Fat, Ground turkey, 93% lean, 7% fat, raw (MI1)",0.0,0.0,0.0,0.0,8.39
330499,"Protein, ash,& moisture, Ground turkey, 93% lean, 7% fat, raw (MI1) ",0.0,0.0,0.0,18.5,0.0
330525,"Total Fat, Ground turkey, 93% lean, 7% fat, pan-broiled crumbles (MI1)",0.0,0.0,0.0,0.0,12.2
330526,"Protein, ash,& moisture, Ground turkey, 93% lean, 7% fat, pan-broiled crumbles (MI1)",0.0,0.0,0.0,27.3,0.0
330531,"Total Fat, Ground turkey, 93% lean, 7% fat, patties, broiled (National)",0.0,0.0,0.0,0.0,11.8
330532,"Protein, ash,& moisture, Ground turkey, 93% lean, 7% fat, patties, broiled (National) ",0.0,0.0,0.0,26.6,0.0
330542,"Total Fat, Ground turkey, 93% lean, 7% fat, patties, broiled (FL1,MO1,NY1)",0.0,0.0,0.0,0.0,12.1
330544,"Protein, ash,& moisture, Ground turkey, 93% lean, 7% fat, patties, broiled (FL1,MO1,NY1) ",0.0,0.0,0.0,27.0,0.0
330557,"Total Fat, Ground turkey, 93% lean, 7% fat, patties, broiled (MI1)",0.0,0.0,0.0,0.0,13.0
330558,"Protein, ash,& moisture, Ground turkey, 93% lean, 7% fat, patties, broiled (MI1) ",0.0,0.0,0.0,28.5,0.0
330565,"Total Fat, Ground turkey, 93% lean, 7% fat, raw (CA2,NC1)",0.0,0.0,0.0,0.0,9.08
330567,"Protein, ash,& moisture, Ground turkey, 93% lean, 7% fat, raw (CA2,NC1) ",0.0,0.0,0.0,18.9,0.0
330571,"Total Fat, Ground turkey, 93% lean, 7% fat, raw (NC1)",0.0,0.0,0.0,0.0,10.1
330572,"Protein, ash,& moisture, Ground turkey, 93% lean, 7% fat, raw (NC1) ",0.0,0.0,0.0,18.5,0.0
330588,"Total Fat, Ground turkey, 93% lean, 7% fat, pan-broiled crumbles (NC1)",0.0,0.0,0.0,0.0,13.1
330589,"Protein, ash,& moisture, Ground turkey, 93% lean, 7% fat, pan-broiled crumbles (NC1)",0.0,0.0,0.0,25.6,0.0
330596,"Total Fat, Ground turkey, 93% lean, 7% fat, patties, broiled (CA2,NC1)",0.0,0.0,0.0,0.0,12.0
330598,"Protein, ash,& moisture, Ground turkey, 93% lean, 7% fat, patties, broiled (CA2,NC1) ",0.0,0.0,0.0,26.4,0.0
330608,"Total Fat, Ground turkey, 93% lean, 7% fat, patties, broiled (NC1)",0.0,0.0,0.0,0.0,13.0
330609,"Protein, ash,& moisture, Ground turkey, 93% lean, 7% fat, patties, broiled (NC1) ",0.0,0.0,0.0,25.3,0.0
330616,"Total Fat, Ground turkey, 93% lean, 7% fat, raw (CO1,CT1,IN1)",0.0,0.0,0.0,0.0,8.15
330618,"Protein, ash,& moisture, Ground turkey, 93% lean, 7% fat, raw (CO1,CT1,IN1) ",0.0,0.0,0.0,18.8,0.0
330622,"Total Fat, Ground turkey, 93% lean, 7% fat, raw (CO1)",0.0,0.0,0.0,0.0,6.93
330623,"Protein, ash,& moisture, Ground turkey, 93% lean, 7% fat, raw (CO1) ",0.0,0.0,0.0,20.4,0.0
330639,"Total Fat, Ground turkey, 93% lean, 7% fat, pan-broiled crumbles (CO1)",0.0,0.0,0.0,0.0,9.49
330640,"Protein, ash,& moisture, Ground turkey, 93% lean, 7% fat, pan-broiled crumbles (CO1)",0.0,0.0,0.0,29.0,0.0
330647,"Total Fat, Ground turkey, 93% lean, 7% fat, patties, broiled (CO1,CT1,IN1)",0.0,0.0,0.0,0.0,11.0
330649,"Protein, ash,& moisture, Ground turkey, 93% lean, 7% fat, patties, broiled (CO1,CT1,IN1) ",0.0,0.0,0.0,25.7,0.0
330660,"Total Fat, Ground turkey, 93% lean, 7% fat, patties, broiled (CO1)",0.0,0.0,0.0,0.0,8.94
330661,"Protein, ash,& moisture, Ground turkey, 93% lean, 7% fat, patties, broiled (CO1) ",0.0,0.0,0.0,25.6,0.0
330668,"Total Fat, Ground turkey, 93% lean, 7% fat, raw (AL1,CA1,MI1)",0.0,0.0,0.0,0.0,8.35
330670,"Protein, ash,& moisture, Ground turkey, 93% lean, 7% fat, raw (AL1,CA1,MI1) ",0.0,0.0,0.0,19.2,0.0
330674,"Total Fat, Ground turkey, 93% lean, 7% fat, raw (NY1)",0.0,0.0,0.0,0.0,8.65
330675,"Protein, ash,& moisture, Ground turkey, 93% lean, 7% fat, raw (NY1) ",0.0,0.0,0.0,18.8,0.0
330693,"Total Fat, Ground turkey, 93% lean, 7% fat, pan-broiled crumbles (NY1)",0.0,0.0,0.0,0.0,12.2
330694,"Protein, ash,& moisture, Ground turkey, 93% lean, 7% fat, pan-broiled crumbles (NY1)",0.0,0.0,0.0,26.2,0.0
330701,"Total Fat, Ground turkey, 93% lean, 7% fat, patties, broiled (AL1,CA1,MI1)",0.0,0.0,0.0,0.0,11.5
330703,"Protein, ash,& moisture, Ground turkey, 93% lean, 7% fat, patties, broiled (AL1,CA1,MI1) ",0.0,0.0,0.0,26.2,0.0
330717,"Total Fat, Ground turkey, 93% lean, 7% fat, patties, broiled (NY1)",0.0,0.0,0.0,0.0,11.0
330718,"Protein, ash,& moisture, Ground turkey, 93% lean, 7% fat, patties, broiled (NY1) ",0.0,0.0,0.0,23.6,0.0
330721,"Total Fat, Ground turkey, 93% lean, 7% fat, raw (FL1)",0.0,0.0,0.0,0.0,8.2
330722,"Protein, ash,& moisture, Ground turkey, 93% lean, 7% fat, raw (FL1) ",0.0,0.0,0.0,20.1,0.0
330728,"Total Fat, Ground turkey, 93% lean, 7% fat, pan-broiled crumbles (FL1)",0.0,0.0,0.0,0.0,11.3
330729,"Protein, ash,& moisture, Ground turkey, 93% lean, 7% fat, pan-broiled crumbles (FL1)",0.0,0.0,0.0,28.5,0.0
330739,"Total Fat, Ground turkey, 93% lean, 7% fat, patties, broiled (FL1)",0.0,0.0,0.0,0.0,11.2
330740,"Protein, ash,& moisture, Ground turkey, 93% lean, 7% fat, patties, broiled (FL1) ",0.0,0.0,0.0,25.9,0.0
330743,"Total Fat, Ground turkey, 93% lean, 7% fat, raw (MO1)",0.0,0.0,0.0,0.0,8.49
330744,"Protein, ash,& moisture, Ground turkey, 93% lean, 7% fat, raw (MO1) ",0.0,0.0,0.0,17.8,0.0
330751,"Total Fat, Ground turkey, 93% lean, 7% fat, pan-broiled crumbles (MO1)",0.0,0.0,0.0,0.0,12.2
330752,"Protein, ash,& moisture, Ground turkey, 93% lean, 7% fat, pan-broiled crumbles (MO1)",0.0,0.0,0.0,26.9,0.0
330764,"Total Fat, Ground turkey, 93% lean, 7% fat, patties, broiled (MO1)",0.0,0.0,0.0,0.0,11.4
330765,"Protein, ash,& moisture, Ground turkey, 93% lean, 7% fat, patties, broiled (MO1) ",0.0,0.0,0.0,23.6,0.0
330768,"Total Fat, Ground turkey, 93% lean, 7% fat, raw (CA1)",0.0,0.0,0.0,0.0,7.08
330769,"Protein, ash,& moisture, Ground turkey, 93% lean, 7% fat, raw (CA1) ",0.0,0.0,0.0,18.6,0.0
330776,"Total Fat, Ground turkey, 93% lean, 7% fat, pan-broiled crumbles (CA1)",0.0,0.0,0.0,0.0,9.79
330777,"Protein, ash,& moisture, Ground turkey, 93% lean, 7% fat, pan-broiled crumbles (CA1)",0.0,0.0,0.0,26.8,0.0
330789,"Total Fat, Ground turkey, 93% lean, 7% fat, patties, broiled (CA1)",0.0,0.0,0.0,0.0,9.59
330790,"Protein, ash,& moisture, Ground turkey, 93% lean, 7% fat, patties, broiled (CA1) ",0.0,0.0,0.0,24.9,0.0
330793,"Total Fat, Ground turkey, 93% lean, 7% fat, raw (IN1)",0.0,0.0,0.0,0.0,8.1
330794,"Protein, ash,& moisture, Ground turkey, 93% lean, 7% fat, raw (IN1) ",0.0,0.0,0.0,18.4,0.0
330800,"Total Fat, Ground turkey, 93% lean, 7% fat, pan-broiled crumbles (IN1)",0.0,0.0,0.0,0.0,13.0
330801,"Protein, ash,& moisture, Ground turkey, 93% lean, 7% fat, pan-broiled crumbles (IN1)",0.0,0.0,0.0,27.4,0.0
330811,"Total Fat, Ground turkey, 93% lean, 7% fat, patties, broiled (IN1)",0.0,0.0,0.0,0.0,11.8
330812,"Protein, ash,& moisture, Ground turkey, 93% lean, 7% fat, patties, broiled (IN1) ",0.0,0.0,0.0,25.4,0.0
330815,"Total Fat, Ground turkey, 93% lean, 7% fat, raw (CA2)",0.0,0.0,0.0,0.0,7.9
330816,"Protein, ash,& moisture, Ground turkey, 93% lean, 7% fat, raw (CA2) ",0.0,0.0,0.0,19.7,0.0
330822,"Total Fat, Ground turkey, 93% lean, 7% fat, pan-broiled crumbles (CA2)",0.0,0.0,0.0,0.0,10.1
330823,"Protein, ash,& moisture, Ground turkey, 93% lean, 7% fat, pan-broiled crumbles (CA2)",0.0,0.0,0.0,27.8,0.0
330832,"Total Fat, Ground turkey, 93% lean, 7% fat, patties, broiled (CA2)",0.0,0.0,0.0,0.0,10.1
330833,"Protein, ash,& moisture, Ground turkey, 93% lean, 7% fat, patties, broiled (CA2) ",0.0,0.0,0.0,27.5,0.0
330836,"Total Fat, Ground turkey, 93% lean, 7% fat, raw (CT1)",0.0,0.0,0.0,0.0,8.68
330837,"Protein, ash,& moisture, Ground turkey, 93% lean, 7% fat, raw (CT1) ",0.0,0.0,0.0,17.4,0.0
330843,"Total Fat, Ground turkey, 93% lean, 7% fat, pan-broiled crumbles (CT1)",0.0,0.0,0.0,0.0,11.9
330844,"Protein, ash,& moisture, Ground turkey, 93% lean, 7% fat, pan-broiled crumbles (CT1)",0.0,0.0,0.0,26.0,0.0
330854,"Total Fat, Ground turkey, 93% lean, 7% fat, patties, broiled (CT1)",0.0,0.0,0.0,0.0,12.2
330855,"Protein, ash,& moisture, Ground turkey, 93% lean, 7% fat, patties, broiled (CT1) ",0.0,0.0,0.0,26.1,0.0
330858,"Total Fat, Ground turkey, 93% lean, 7% fat, raw (AL1)",0.0,0.0,0.0,0.0,9.29
330859,"Protein, ash,& moisture, Ground turkey, 93% lean, 7% fat, raw (AL1) ",0.0,0.0,0.0,17.8,0.0
330867,"Total Fat, Ground turkey, 93% lean, 7% fat, patties, broiled (AL1)",0.0,0.0,0.0,0.0,13.8
330868,"Protein, ash,& moisture, Ground turkey, 93% lean, 7% fat, patties, broiled (AL1) ",0.0,0.0,0.0,28.0,0.0
330869,"Turkey, ground, 93% lean, 7% fat, pan-broiled crumbles",0.0,571.0,0.0,27.1,11.6
330883,"Fat, Chicken, dark meat, lean only, drumstick, braised, non-enhanced (AL1,CA1) - 14B-06-05-TotalFat",0.0,0.0,0.0,0.0,5.67
330906,"Fat, Chicken, skin, raw, from drumsticks and thighs, non-enhanced (National) - 14B-01-01-TotalFat",0.0,0.0,0.0,0.0,44.2
330922,"Fat, Chicken, skin, raw, from drumsticks and thighs, non-enhanced (CO1,CT1,IN1) - 14B-01-03-TotalFat",0.0,0.0,0.0,0.0,43.3
330929,"Fat, Chicken, skin, roasted, from drumsticks and thighs, non-enhanced (National) - 14B-02-01-TotalFat",0.0,0.0,0.0,0.0,45.6
330944,"Fat, Chicken, skin, roasted, from drumsticks and thighs, non-enhanced (CO1,CT1,IN1) - 14B-02-03-TotalFat",0.0,0.0,0.0,0.0,41.1
330949,"Fat, Chicken, skin, braised, from drumsticks and thighs, non-enhanced (National) - 14B-03-01-TotalFat",0.0,0.0,0.0,0.0,45.2
330964,"Proximates, Chicken, skin, braised, from drumsticks and thighs, non-enhanced (CO1,CT1,IN1) - 14B-03-03-prox",0.0,0.0,0.0,0.0,36.1
331020,"Fat, Chicken, dark meat, lean only, drumstick, raw, non-enhanced (National) - 14B-04-01-TotalFat",0.0,0.0,0.0,0.0,3.81
331036,"Fat, Chicken, dark meat, lean only, drumstick, raw, non-enhanced (CO1,CT1,IN1) - 14B-04-03-TotalFat",0.0,0.0,0.0,0.0,3.54
331091,"Fat, Chicken, dark meat, lean only, drumstick, roasted, non-enhanced (National) - 14B-05-01-TotalFat",0.0,0.0,0.0,0.0,5.48
331107,"Fat, Chicken, dark meat, lean only, drumstick, roasted, non-enhanced (CO1,CT1,IN1) - 14B-05-03-TotalFat",0.0,0.0,0.0,0.0,5.8
331162,"Fat, Chicken, dark meat, lean only, drumstick, braised, non-enhanced (National) - 14B-06-01-TotalFat",0.0,0.0,0.0,0.0,5.54
331179,"Fat, Chicken, dark meat, lean only, drumstick, braised, non-enhanced (CO1,CT1,IN1) - 14B-06-03-TotalFat",0.0,0.0,0.0,0.0,5.67
331231,"Fat, Chicken, dark meat, lean only, thigh, raw, non-enhanced (National) - 14B-07-01-TotalFat",0.0,0.0,0.0,0.0,3.83
331242,"Fat, Chicken, dark meat, lean only, thigh, raw, non-enhanced (CO1,CT1) - 14B-07-03-TotalFat",0.0,0.0,0.0,0.0,4.34
331296,"Fat, Chicken, dark meat, lean only, thigh, roasted, non-enhanced (National) - 14B-08-01-TotalFat",0.0,0.0,0.0,0.0,8.93
331310,"Fat, Chicken, dark meat, lean only, thigh, roasted, non-enhanced (CO1,CT1) - 14B-08-03-TotalFat",0.0,0.0,0.0,0.0,7.81
331360,"Fat, Chicken, dark meat, lean only, thigh, braised, non-enhanced (National) - 14B-09-01-TotalFat",0.0,0.0,0.0,0.0,8.63
331375,"Fat, Chicken, dark meat, lean only, thigh, braised, non-enhanced (CO1,CT1) - 14B-09-03-TotalFat",0.0,0.0,0.0,0.0,8.76
331391,"Fat, Chicken, skin, raw, from drumsticks and thighs, non-enhanced (FL1,MO1,NY1) - 14B-01-04-TotalFat",0.0,0.0,0.0,0.0,47.9
331404,"Fat, Chicken, skin, roasted, from drumsticks and thighs, non-enhanced (FL1,MO1,NY1) - 14B-02-04-TotalFat",0.0,0.0,0.0,0.0,47.6
331416,"Fat, Chicken, skin, braised, from drumsticks and thighs, non-enhanced (FL1,MO1,NY1) - 14B-03-04-TotalFat",0.0,0.0,0.0,0.0,46.1
331430,"Fat, Chicken, dark meat, lean only, thigh, raw, non-enhanced (FL1,MO1,NY1) - 14B-07-04-TotalFat",0.0,0.0,0.0,0.0,3.97
331443,"Fat, Chicken, dark meat, lean only, thigh, roasted, non-enhanced (FL1,MO1,NY1) - 14B-08-04-TotalFat",0.0,0.0,0.0,0.0,7.71
331457,"Fat, Chicken, dark meat, lean only, thigh, braised, non-enhanced (FL1,MO1,NY1) - 14B-09-04-TotalFat",0.0,0.0,0.0,0.0,8.6
331472,"Fat, Chicken, dark meat, lean only, drumstick, raw, non-enhanced (FL1,MO1,NY1) - 14B-04-04-TotalFat",0.0,0.0,0.0,0.0,3.74
331485,"Fat, Chicken, dark meat, lean only, drumstick, roasted, non-enhanced (FL1,MO1,NY1) - 14B-05-04-TotalFat",0.0,0.0,0.0,0.0,5.33
331501,"Fat, Chicken, dark meat, lean only, drumstick, braised, non-enhanced (FL1,MO1,NY1) - 14B-06-04-TotalFat",0.0,0.0,0.0,0.0,6.29
331514,"Fat, Chicken, skin, raw, from drumsticks and thighs, non-enhanced (AL1,CA1) - 14B-01-05-TotalFat",0.0,0.0,0.0,0.0,44.3
331518,"Fat, Chicken, skin, roasted, from drumsticks and thighs, non-enhanced (AL1,CA1) - 14B-02-05-TotalFat",0.0,0.0,0.0,0.0,44.5
331538,"Fat, Chicken, skin, braised, from drumsticks and thighs, non-enhanced (AL1,CA1) - 14B-03-05-TotalFat",0.0,0.0,0.0,0.0,44.0
331551,"Fat, Chicken, dark meat, lean only, thigh, raw, non-enhanced (AL1,CA1) - 14B-07-05-TotalFat",0.0,0.0,0.0,0.0,4.01
331564,"Fat, Chicken, dark meat, lean only, thigh, roasted, non-enhanced (AL1,CA1) - 14B-08-05-TotalFat",0.0,0.0,0.0,0.0,8.24
331575,"Fat, Chicken, dark meat, lean only, thigh, braised, non-enhanced (AL1,CA1) - 14B-09-05-TotalFat",0.0,0.0,0.0,0.0,9.01
331586,"Fat, Chicken, skin, raw, from drumsticks and thighs, non-enhanced (CA2,NC1) - 14B-01-02-TotalFat",0.0,0.0,0.0,0.0,41.4
331607,"Fat, Chicken, skin, roasted, from drumsticks and thighs, non-enhanced (CA2,NC1) - 14B-02-02-TotalFat",0.0,0.0,0.0,0.0,41.1
331618,"Fat, Chicken, skin, braised, from drumsticks and thighs, non-enhanced (CA2,NC1) - 14B-03-02-TotalFat",0.0,0.0,0.0,0.0,42.5
331633,"Fat, Chicken, dark meat, lean only, thigh, raw, non-enhanced (CA2,NC1) - 14B-07-02-TotalFat",0.0,0.0,0.0,0.0,4.41
331645,"Fat, Chicken, dark meat, lean only, thigh, roasted, non-enhanced (CA2,NC1) - 14B-08-02-TotalFat",0.0,0.0,0.0,0.0,8.66
331658,"Fat, Chicken, dark meat, lean only, thigh, braised, non-enhanced (CA2,NC1) - 14B-09-02-TotalFat",0.0,0.0,0.0,0.0,8.15
331671,"Fat, Chicken, dark meat, lean only, drumstick, raw, non-enhanced (CA2,NC1) - 14B-04-02-TotalFat",0.0,0.0,0.0,0.0,3.63
331683,"Fat, Chicken, dark meat, lean only, drumstick, roasted, non-enhanced (CA2,NC1) - 14B-05-02-TotalFat",0.0,0.0,0.0,0.0,5.18
331696,"Fat, Chicken, dark meat, lean only, drumstick, braised, non-enhanced (CA2,NC1) - 14B-06-02-TotalFat",0.0,0.0,0.0,0.0,6.19
331711,"Fat, Chicken, dark meat, lean only, drumstick, raw, non-enhanced (AL1,CA1) - 14B-04-05-TotalFat",0.0,0.0,0.0,0.0,4.36
331724,"Fat, Chicken, dark meat, lean only, drumstick, roasted, non-enhanced (AL1,CA1) - 14B-05-05-TotalFat",0.0,0.0,0.0,0.0,5.64
331750,"Fat, Chicken, dark meat, lean only, drumstick, braised, enhanced (OK1,MI1) - 14B-06-06-TotalFat",0.0,0.0,0.0,0.0,6.33
331754,"Proximates, Chicken, skin, raw, from drumsticks and thighs, enhanced (OK1,MI1) - 14B-01-06-prox",0.0,0.0,0.0,0.0,42.7
331774,"Fat, Chicken, skin, roasted, from drumsticks and thighs, enhanced (OK1,MI1) - 14B-02-06-TotalFat",0.0,0.0,0.0,0.0,41.8
331786,"Proximates, Chicken, skin, braised, from drumsticks and thighs, enhanced (OK1,MI1) - 14B-03-06-prox",0.0,0.0,0.0,0.0,38.9
331807,"Fat, Chicken, dark meat, lean only, thigh, raw, enhanced (OK1,MI1) - 14B-07-06-TotalFat",0.0,0.0,0.0,0.0,3.8
331829,"Fat, Chicken, dark meat, lean only, thigh, roasted, enhanced (OK1,MI1) - 14B-08-06-TotalFat",0.0,0.0,0.0,0.0,7.2
331851,"Fat, Chicken, dark meat, lean only, thigh, braised, enhanced (OK1,MI1) - 14B-09-06-TotalFat",0.0,0.0,0.0,0.0,6.91
331873,"Fat, Chicken, dark meat, lean only, drumstick, raw, enhanced (OK1,MI1) - 14B-04-06-TotalFat",0.0,0.0,0.0,0.0,3.88
331895,"Fat, Chicken, dark meat, lean only, drumstick, roasted, enhanced (OK1,MI1) - 14B-05-06-TotalFat",0.0,0.0,0.0,0.0,5.21
331897,"Chicken, broilers or fryers, drumstick, meat only, cooked, braised",0.0,404.0,0.0,23.9,5.95
331903,"Proximates, Chicken breasts, boneless, skinless, non-enhanced, braised (IN,NY) - 17A-02-01-Prox",0.0,0.0,0.0,0.0,3.99
331910,"Proximates, Chicken breasts, boneless, skinless, non-enhanced, braised (CA2,NC) - 17A-02-03-Prox",0.0,0.0,0.0,0.0,3.35
331916,"Proximates, Chicken breasts, boneless, skinless, non-enhanced, braised (FL,MO) - 17A-02-05-Prox",0.0,0.0,0.0,0.0,3.17
331926,"Proximates, Chicken breasts, boneless, skinless, non-enhanced, braised (MI,OK) - 17A-02-06-Prox",0.0,0.0,0.0,0.0,2.17
331941,"Proximates, Chicken breasts, boneless, skinless, non-enhanced, braised (CO,CT) - 17A-02-04-Prox",0.0,0.0,0.0,0.0,3.91
331955,"Proximates, Chicken breasts, boneless, skinless, non-enhanced, braised (AL,CA1) - 17A-02-02-Prox",0.0,0.0,0.0,0.0,2.88
331960,"Chicken, broiler or fryers, breast, skinless, boneless, meat only, cooked, braised",0.0,430.5,0.0,32.1,3.24
331966,"TDF, Sauce, pasta, RAGU Old World, bottled spaghetti sauce (IN1,NY1) - NFY0904Q3",0.0,0.0,1.6,0.0,0.0
331974,"TDF, Sauce, pasta, HUNTS original, canned spaghetti sauce (CO2,CT1) - NFY0904QU",0.0,0.0,1.9,0.0,0.0
331982,"TDF, Sauce, pasta, RAGU Old World, bottled spaghetti sauce (AL1,CA1) - NFY0904QC",0.0,0.0,1.9,0.0,0.0
331990,"TDF, Sauce, pasta, RAGU Old World, bottled spaghetti sauce (FL1,MO1) - NFY0904R3",0.0,0.0,1.6,0.0,0.0
331997,"Proximates, Sauce, pasta, RAGU Old World, bottled spaghetti sauce (NY1) - NFY0904RR",0.0,0.0,0.0,0.0,2.24
332002,"Proximates, Sauce, pasta, RAGU Old World, bottled spaghetti sauce (IN1) - NFY0904RL",0.0,0.0,0.0,0.0,2.16
332007,"Proximates, Sauce, pasta, RAGU Old World, bottled spaghetti sauce (CA1) - NFY0904S3",0.0,0.0,0.0,0.0,2.05
332012,"Proximates, Sauce, pasta, RAGU Old World, bottled spaghetti sauce (AL1) - NFY0904RX",0.0,0.0,0.0,0.0,1.98
332016,"Proximates, Sauce, pasta, RAGU Old World, bottled spaghetti sauce (CA2) - NFY0904S9",0.0,0.0,0.0,0.0,2.14
332021,"Proximates, Sauce, pasta, RAGU Old World, bottled spaghetti sauce (NC1) - NFY0904SF",0.0,0.0,0.0,0.0,1.87
332026,"Proximates, Sauce, pasta, RAGU Old World, bottled spaghetti sauce (CO2) - NFY0904SL",0.0,0.0,0.0,0.0,2.02
332032,"TDF, Sauce, pasta, RAGU Old World, bottled spaghetti sauce (CA2,NC) - NFY0904QL",0.0,0.0,1.6,0.0,0.0
332039,"Proximates, Sauce, pasta, RAGU Old World, bottled spaghetti sauce (CT1) - NFY0904SR",0.0,0.0,0.0,0.0,2.16
332045,"TDF, Sauce, pasta, RAGU Old World, bottled spaghetti sauce (MI1,OK1) - NFY0904RC",0.0,0.0,1.7,0.0,0.0
332052,"Proximates, Sauce, pasta, RAGU Old World, bottled spaghetti sauce (OK1) - NFY0904TF",0.0,0.0,0.0,0.0,1.99
332057,"Proximates, Sauce, pasta, RAGU Old World, bottled spaghetti sauce (MO1) - NFY0904T3",0.0,0.0,0.0,0.0,2.82
332062,"Proximates, Sauce, pasta, RAGU Old World, bottled spaghetti sauce (MI1) - NFY0904T9",0.0,0.0,0.0,0.0,1.97
332067,"Proximates, Sauce, pasta, RAGU Old World, bottled spaghetti sauce (FL1) - NFY0904SX",0.0,0.0,0.0,0.0,2.34
332073,"TDF, Sauce, pasta, PREGO 100% Natural Italian, Traditional, bottled spaghetti sauce (AL1,CA1) - NFY0904TU",0.0,0.0,2.0,0.0,0.0
332081,"TDF, Sauce, pasta, PREGO 100% Natural Italian, Traditional, bottled spaghetti sauce (IN1,NY1) - NFY0904TL",0.0,0.0,1.7,0.0,0.0
332089,"TDF, Sauce, pasta, PREGO 100% Natural Italian, Traditional, bottled spaghetti sauce (CA2,NC) - NFY0904U3",0.0,0.0,1.9,0.0,0.0
332097,"TDF, Sauce, pasta, PREGO 100% Natural Italian, Traditional, bottled spaghetti sauce (FL1,MO1) - NFY0904UL",0.0,0.0,1.9,0.0,0.0
332105,"TDF, Sauce, pasta, PREGO 100% Natural Italian, Traditional, bottled spaghetti sauce (MI1,OK1) - NFY0904UU",0.0,0.0,1.8,0.0,0.0
332112,"Proximates, Sauce, pasta, PREGO 100% Natural Italian, Traditional, bottled spaghetti sauce (AL1) - NFY0904VF",0.0,0.0,0.0,0.0,1.38
332117,"Proximates, Sauce, pasta, PREGO 100% Natural Italian, Traditional, bottled spaghetti sauce (IN1) - NFY0904V3",0.0,0.0,0.0,0.0,1.21
332122,"Proximates, Sauce, pasta, PREGO 100% Natural Italian, Traditional, bottled spaghetti sauce (NY1) - NFY0904V9",0.0,0.0,0.0,0.0,1.9
332127,"Proximates, Sauce, pasta, PREGO 100% Natural Italian, Traditional, bottled spaghetti sauce (CA1) - NFY0904VL",0.0,0.0,0.0,0.0,1.38
332131,"Proximates, Sauce, pasta, PREGO 100% Natural Italian, Traditional, bottled spaghetti sauce (CO2) - NFY0904W3",0.0,0.0,0.0,0.0,1.71
332135,"Proximates, Sauce, pasta, PREGO 100% Natural Italian, Traditional, bottled spaghetti sauce (CA2) - NFY0904VR",0.0,0.0,0.0,0.0,1.4
332140,"Proximates, Sauce, pasta, PREGO 100% Natural Italian, Traditional, bottled spaghetti sauce (FL1) - NFY0904WF",0.0,0.0,0.0,0.0,1.67
332146,"TDF, Sauce, pasta, RAGU Old World, bottled spaghetti sauce (CO2,CT1) - NFY0904UC",0.0,0.0,1.7,0.0,0.0
332153,"Proximates, Sauce, pasta, PREGO 100% Natural Italian, Traditional, bottled spaghetti sauce (NC1) - NFY0904VX",0.0,0.0,0.0,0.0,1.35
332158,"Proximates, Sauce, pasta, PREGO 100% Natural Italian, Traditional, bottled spaghetti sauce (CT1) - NFY0904W9",0.0,0.0,0.0,0.0,1.42
332163,"Proximates, Sauce, pasta, PREGO 100% Natural Italian, Traditional, bottled spaghetti sauce (MI1) - NFY0904WR",0.0,0.0,0.0,0.0,1.47
332168,"Proximates, Sauce, pasta, PREGO 100% Natural Italian, Traditional, bottled spaghetti sauce (MO1) - NFY0904WL",0.0,0.0,0.0,0.0,1.52
332173,"Proximates, Sauce, pasta, PREGO 100% Natural Italian, Traditional, bottled spaghetti sauce (OK1) - NFY0904WX",0.0,0.0,0.0,0.0,1.88
332179,"TDF, Sauce, pasta, PREGO 100% Natural Italian, Traditional, bottled spaghetti sauce (CO2,CT1) - NFY0904XU",0.0,0.0,2.0,0.0,0.0
332187,"TDF, Sauce, pasta, HUNTS original, canned spaghetti sauce (IN1,NY1) - NFY0904X3",0.0,0.0,1.7,0.0,0.0
332195,"TDF, Sauce, pasta, HUNTS original, canned spaghetti sauce (FL1,MO1) - NFY0904Y3",0.0,0.0,1.8,0.0,0.0
332203,"TDF, Sauce, pasta, HUNTS original, canned spaghetti sauce (CA2,NC) - NFY0904XL",0.0,0.0,2.0,0.0,0.0
332211,"TDF, Sauce, pasta, HUNTS original, canned spaghetti sauce (AL1,CA1) - NFY0904XC",0.0,0.0,1.9,0.0,0.0
332219,"TDF, Sauce, pasta, HUNTS original, canned spaghetti sauce (MI1,OK1) - NFY0904YC",0.0,0.0,1.8,0.0,0.0
332226,"Proximates, Sauce, pasta, HUNTS original, canned spaghetti sauce (IN1) - NFY0904YL",0.0,0.0,0.0,0.0,0.83
332231,"Proximates, Sauce, pasta, HUNTS original, canned spaghetti sauce (AL1) - NFY0904YX",0.0,0.0,0.0,0.0,0.82
332236,"Proximates, Sauce, pasta, HUNTS original, canned spaghetti sauce (CA1) - NFY0904Z3",0.0,0.0,0.0,0.0,0.67
332241,"Proximates, Sauce, pasta, HUNTS original, canned spaghetti sauce (NC1) - NFY0904ZF",0.0,0.0,0.0,0.0,0.63
332246,"Proximates, Sauce, pasta, HUNTS original, canned spaghetti sauce (NY1) - NFY0904YR",0.0,0.0,0.0,0.0,0.78
332251,"Proximates, Sauce, pasta, HUNTS original, canned spaghetti sauce (CO2) - NFY0904ZL",0.0,0.0,0.0,0.0,0.79
332256,"Proximates, Sauce, pasta, HUNTS original, canned spaghetti sauce (CT1) - NFY0904ZR",0.0,0.0,0.0,0.0,0.67
332261,"Proximates, Sauce, pasta, HUNTS original, canned spaghetti sauce (MO1) - NFY090503",0.0,0.0,0.0,0.0,0.76
332266,"Proximates, Sauce, pasta, HUNTS original, canned spaghetti sauce (OK1) - NFY09050F",0.0,0.0,0.0,0.0,0.8
332271,"Proximates, Sauce, pasta, HUNTS original, canned spaghetti sauce (MI1) - NFY090509",0.0,0.0,0.0,0.0,0.91
332276,"Proximates, Sauce, pasta, HUNTS original, canned spaghetti sauce (FL1) - NFY0904ZX",0.0,0.0,0.0,0.0,1.02
332281,"Proximates, Sauce, pasta, HUNTS original, canned spaghetti sauce (CA2) - NFY0904Z9",0.0,0.0,0.0,0.0,0.65
332282,"Sauce, pasta, spaghetti/marinara, ready-to-serve",8.05,115.5,1.8,1.41,1.48
332289,"Lunchmeat, ham - NFY1210OA",0.0,0.0,0.0,0.0,4.66
332301,"Lunchmeat, ham - NFY1210NW",0.0,0.0,0.0,0.0,3.24
332313,"Lunchmeat, ham - NFY1210OP",0.0,0.0,0.0,0.0,3.62
332323,"Lunchmeat, ham - NFY1210P3",0.0,0.0,0.0,0.0,3.99
332335,"Lunchmeat, ham - NFY1210PW",0.0,0.0,0.0,0.0,3.08
332347,"Lunchmeat, ham - NFY1210PP",0.0,0.0,0.0,0.0,3.07
332354,"Lunchmeat, ham - NFY1210PI",0.0,0.0,0.0,0.0,3.92
332364,"Lunchmeat, ham - NFY1210Q3",0.0,0.0,0.0,0.0,3.02
332372,"Lunchmeat, ham - NFY1210QH",0.0,0.0,0.0,0.0,4.44
332384,"Lunchmeat, ham - NFY1210QA",0.0,0.0,0.0,0.0,4.38
332396,"Lunchmeat, ham - NFY1210R2",0.0,0.0,0.0,0.0,3.61
332397,"Ham, sliced, pre-packaged, deli meat (96%fat free, water added)",0.27,274.5,0.0,16.7,3.73
332401,"Pears, Bartlett, Region 4, n/a, Yes, Proximates - NFY0000AA",0.0,0.0,0.0,0.0,0.15
332403,"Pears, Bartlett, Region 4, n/a, Yes, Fiber - NFY0000A5",0.0,0.0,3.7,0.0,0.0
332421,"Pears, Bartlett, Region 1, n/a, Yes, Proximates - NFY000093",0.0,0.0,0.0,0.0,0.07
332423,"Pears, Bartlett, Region 1, n/a, Yes, Fiber - NFY000095",0.0,0.0,3.1,0.0,0.0
332448,"Pears, Bosc, Region 4, n/a, Yes, Fiber - NFY0000CR",0.0,0.0,2.8,0.0,0.0
332449,"Pears, Bosc, Region 4, n/a, Yes, Proximates - NFY0000CW",0.0,0.0,0.0,0.0,0.07
332469,"Pears, Green Anjou, Region 4, n/a, Yes, Fiber - NFY0000I8",0.0,0.0,3.0,0.0,0.0
332470,"Pears, Green Anjou, Region 4, n/a, Yes, Proximates - NFY0000ID",0.0,0.0,0.0,0.0,0.07
332472,"Pears, Bosc, Region 1, n/a, Yes, Proximates - NFY0000BP",0.0,0.0,0.0,0.0,0.07
332474,"Pears, Bosc, Region 1, n/a, Yes, Fiber - NFY0000BR",0.0,0.0,2.6,0.0,0.0
332476,"Pears, Green Anjou, Region 1, n/a, Yes, Proximates - NFY0000H6",0.0,0.0,0.0,0.0,0.11
332478,"Pears, Green Anjou, Region 1, n/a, Yes, Fiber - NFY0000H8",0.0,0.0,3.0,0.0,0.0
332484,"Pears, Bartlett, Region 3, n/a, Yes, Fiber - NFY00009T",0.0,0.0,3.5,0.0,0.0
332485,"Pears, Bartlett, Region 3, n/a, Yes, Proximates - NFY00009Y",0.0,0.0,0.0,0.0,0.3
332504,"Pears, Bartlett, Region 2, n/a, Yes, Proximates - NFY00009F",0.0,0.0,0.0,0.0,0.2
332506,"Pears, Bartlett, Region 2, n/a, Yes, Fiber - NFY00009H",0.0,0.0,3.1,0.0,0.0
332532,"Pears, Bosc, Region 3, n/a, Yes, Fiber - NFY0000CF",0.0,0.0,3.3,0.0,0.0
332533,"Pears, Bosc, Region 3, n/a, Yes, Proximates - NFY0000CK",0.0,0.0,0.0,0.0,0.2
332553,"Pears, Green Anjou, Region 3, n/a, Yes, Fiber - NFY0000HW",0.0,0.0,3.2,0.0,0.0
332554,"Pears, Green Anjou, Region 3, n/a, Yes, Proximates - NFY0000I1",0.0,0.0,0.0,0.0,0.1
332556,"Pears, Bosc, Region 2, n/a, Yes, Proximates - NFY0000C1",0.0,0.0,0.0,0.0,0.1
332558,"Pears, Bosc, Region 2, n/a, Yes, Fiber - NFY0000C3",0.0,0.0,3.5,0.0,0.0
332560,"Pears, Green Anjou, Region 2, n/a, Yes, Proximates - NFY0000HI",0.0,0.0,0.0,0.0,0.2
332562,"Pears, Green Anjou, Region 2, n/a, Yes, Fiber - NFY0000HK",0.0,0.0,3.7,0.0,0.0
332569,"Bartlett Pears, Pass 2, Freeze Dried, Regions 1 & 4, n/a, Yes - Fiber, NFY0108TR",0.0,0.0,2.8,0.0,0.0
332570,"Pears, Bartlett, Pass 2, Regions 1 & 4, n/a, Yes - Proximates, NFY0106W9",0.0,0.0,0.0,0.0,0.13
332585,"Bartlett Pears, Pass 2, Freeze Dried, Regions 2 & 3, n/a, Yes - Fiber, NFY0108TX",0.0,0.0,2.5,0.0,0.0
332586,"Pears, Bartlett, Pass 2, Regions 2 & 3, n/a, Yes - Proximates, NFY0106WZ",0.0,0.0,0.0,0.0,0.11
332597,"Pears, raw, bartlett (Includes foods for USDA's Food Distribution Program)",15.1,147.5,3.1,0.38,0.16
332603,"Olives, Green Manzanilla, Mario - CA1",0.0,0.0,0.0,0.0,14.5
332612,"Olives, Green Manzanilla, Mario - NE, NC",0.0,0.0,0.0,0.0,13.4
332622,"Olives, Green Manzanilla, Lindsay - IN, NC",0.0,0.0,0.0,0.0,12.5
332632,"Olives, Green Manzanilla, Store Brand - GA, IN",0.0,0.0,0.0,0.0,14.7
332642,"Olives, Green Manzanilla, Store Brand - IA, TX",0.0,0.0,0.0,0.0,12.2
332656,"Olives, Green Manzanilla, Lindsay - GA, IA",0.0,0.0,0.0,0.0,12.1
332657,"Olives, green, stuffed with pimentos - NFY1213OJ",0.0,0.0,3.6,0.0,0.0
332674,"Olives, Green Manzanilla, Mario - KY, TX",0.0,0.0,0.0,0.0,13.1
332675,"Olives, green, stuffed with pimentos - NFY1213MN",0.0,0.0,3.6,0.0,0.0
332695,"Olives, Green Manzanilla, Lindsay - KY, NE",0.0,0.0,0.0,0.0,12.6
332697,"Olives, green, stuffed with pimentos - NFY1213NV",0.0,0.0,4.2,0.0,0.0
332715,"Olives, Green Manzanilla, Store Brand, Great Value - NE, NC",0.0,0.0,0.0,0.0,11.5
332729,"Olives, Green Manzanilla, Mario - GA, IN",0.0,0.0,0.0,0.0,14.8
332730,"Olives, green, stuffed with pimentos - NFY1213NA",0.0,0.0,4.3,0.0,0.0
332749,"Olives, Green Manzanilla, Store Brand, Great Value - KY, CA1",0.0,0.0,0.0,0.0,11.1
332750,"Olives, green, stuffed with pimentos - NFY1213P4",0.0,0.0,4.8,0.0,0.0
332765,"Olives, Green Manzanilla, Star - AZ, CA2",0.0,0.0,0.0,0.0,13.0
332766,"Olives, green, stuffed with pimentos - NFY1213PR",0.0,0.0,4.6,0.0,0.0
332784,"Olives, Green Manzanilla - PA, NJ",0.0,0.0,0.0,0.0,12.6
332786,"Olives, green, stuffed with pimentos - NFY1213QE",0.0,0.0,2.9,0.0,0.0
332791,"Olives, green, Manzanilla, stuffed with pimiento",4.96,336.5,4.0,1.15,12.9
332798,"CHORIZO PORK SAUSAGE, MIXED BRAND, COOKED",0.0,0.0,0.0,0.0,34.7
332854,"CHORIZO PORK SAUSAGE, JOHNSONVILLE, COOKED",0.0,0.0,0.0,0.0,28.4
332864,"Sausage, pork, chorizo, link or ground, cooked, pan-fried",2.63,898.0,0.0,19.3,28.1
332870,"OATMEAL COOKIES WITH RAISINS, PEPPERIDGE FARM SOFT BAKED",0.0,0.0,0.0,0.0,14.9
332886,"OATMEAL COOKIES WITH RAISINS, STORE/OTHER BRAND",0.0,0.0,0.0,0.0,13.8
333008,"Cookies, oatmeal, soft, with raisins",69.6,1115.0,3.3,5.79,14.3
333014,"Proximates, Tomatoes, diced, canned, HUNTS (IN, NY) - NFY120ALH",0.0,0.0,0.0,0.0,0.17
333022,"Proximates, Tomatoes, diced, canned, HUNTS (AL, CA1) - NFY120ALO",0.0,0.0,0.0,0.0,0.49
333029,"Proximates, Tomatoes, diced, canned, HUNTS (CO, CT) - NFY120AM1",0.0,0.0,0.0,0.0,0.2
333036,"Proximates, Tomatoes, diced, canned, HUNTS (CA2, NC) - NFY120ALU",0.0,0.0,0.0,0.0,0.18
333044,"Proximates, Tomatoes, diced, canned, HUNTS (FL, MO) - NFY120AM7",0.0,0.0,0.0,0.0,0.64
333052,"Proximates, Tomatoes, diced, canned, HUNTS (MI, OK) - NFY120AME",0.0,0.0,0.0,0.0,0.14
333059,"Proximates, Tomatoes, diced, canned, STORE BRAND, GREAT VALUE & S&W PREMIUM (AL, CA1) - NFY120AMR",0.0,0.0,0.0,0.0,0.16
333066,"Proximates, Tomatoes, diced, canned, DEL MONTE (NC, NY) - NFY120AMK",0.0,0.0,0.0,0.0,0.14
333073,"Proximates, Tomatoes, diced, canned, VALUE TIME (CA2) - NFY120AMX",0.0,0.0,0.0,0.0,0.48
333081,"Proximates, Tomatoes, diced, canned, DEL MONTE (CO, CT) - NFY120AN4",0.0,0.0,0.0,0.0,0.22
333088,"Proximates, Tomatoes, diced, canned, DEL MONTE (FL, MO) - NFY120ANA",0.0,0.0,0.0,0.0,0.19
333096,"Proximates, Tomatoes, diced, canned, DEL MONTE (MI, OK) - NFY120ANH",0.0,0.0,0.0,0.0,0.15
333103,"Proximates, Tomatoes, diced, canned, STORE BRAND, KROGER BRAND (IN, MI) - NFY120ANN",0.0,0.0,0.0,0.0,0.39
333110,"Proximates, Tomatoes, diced, canned, STORE BRAND, GREAT VALUE (AL, OK) - NFY120ANU",0.0,0.0,0.0,0.0,0.43
333117,"Proximates, Tomatoes, diced, canned, STORE BRAND, BIG DAISY & SAFEWAY KITCHENS (CO, CT) - NFY120AO7",0.0,0.0,0.0,0.0,0.09
333124,"Proximates, Tomatoes, diced, canned, STORE BRAND, SUNNY SELECT & VINE RIPE (CA2, NC) - NFY120AO0",0.0,0.0,0.0,0.0,0.19
333132,"Proximates, Tomatoes, diced, canned, STORE BRAND, HYTOP PREMIUM QUALITY & AMERICAS CHOICE (CA1, NY) - NFY120AOK",0.0,0.0,0.0,0.0,0.12
333140,"Tomatoes, canned",0.0,0.0,0.0,0.0,1.0
333179,"Proximates, Tomatoes, diced, canned, STORE BRAND, HY VEE & PUBLIX (FL, MO) - NFY120AOD",0.0,0.0,0.0,0.0,0.21
333281,"Tomatoes, canned, red, ripe, diced",3.32,47.0,0.0,0.84,0.5
333287,"Proximates, Haddock, raw (CT) - NFY060CMN",0.0,0.0,0.0,0.0,0.46
333294,"Proximates, Haddock, raw (CO) - NFY060CM8",0.0,0.0,0.0,0.0,0.44
333301,"Proximates, Haddock, raw (IN) - NFY060CN2",0.0,0.0,0.0,0.0,0.51
333307,"Proximates, Haddock, raw (NY) - NFY060COB",0.0,0.0,0.0,0.0,0.55
333315,"Proximates, Haddock, raw (FL) - NFY060CNH",0.0,0.0,0.0,0.0,0.47
333321,"Proximates, Haddock, raw (NC) - NFY060CLE",0.0,0.0,0.0,0.0,0.33
333328,"Proximates, Haddock, raw (MI) - NFY060CPK",0.0,0.0,0.0,0.0,0.38
333335,"Proximates, Haddock, raw (AL) - NFY060COQ",0.0,0.0,0.0,0.0,0.46
333374,"Fish, haddock, raw",0.0,191.0,0.0,16.3,0.45
333380,"Proximates, Pollock, raw (CT) - NFY060DMV",0.0,0.0,0.0,0.0,0.51
333385,"Proximates, Pollock, raw (NC) - NFY060DLV",0.0,0.0,0.0,0.0,0.37
333392,"Proximates, Pollock, raw (OK) - NFY060DM7",0.0,0.0,0.0,0.0,0.41
333398,"Proximates, Pollock, raw (MO) - NFY060DNV",0.0,0.0,0.0,0.0,0.21
333405,"Proximates, Pollock, raw (CO) - NFY060DMJ",0.0,0.0,0.0,0.0,0.51
333411,"Proximates, Pollock, raw (IN) - NFY060DN7",0.0,0.0,0.0,0.0,0.47
333416,"Proximates, Pollock, raw (MI) - NFY060DP7",0.0,0.0,0.0,0.0,0.37
333423,"Proximates, Pollock, raw (NY) - NFY060DO7",0.0,0.0,0.0,0.0,0.4
333476,"Fish, pollock, raw",0.0,145.5,0.0,12.3,0.41
333495,"Proximates, Tuna, canned, in water, drained solids,  BUMBLEBEE CHUNK LIGHT, IN WATER  (CA2,NC) - NFY090S13",0.0,0.0,0.0,0.0,0.86
333514,"Proximates, Tuna, canned, in water, drained solids,  BUMBLEBEE CHUNK LIGHT, IN WATER  (FL,MO) - NFY090S1K",0.0,0.0,0.0,0.0,0.96
333532,"Proximates, Tuna, canned, in water, drained solids,  BUMBLEBEE CHUNK LIGHT, IN WATER  (IN,NY) - NFY090S0B",0.0,0.0,0.0,0.0,1.14
333552,"Proximates, Tuna, canned, in water, drained solids,  BUMBLEBEE CHUNK LIGHT, IN WATER  (CO,CT) - NFY090S1C",0.0,0.0,0.0,0.0,1.27
333580,"Proximates, Tuna, canned, in water, drained solids,  BUMBLEBEE CHUNK LIGHT, IN WATER  (AL,CA1) - NFY090S0S",0.0,0.0,0.0,0.0,1.26
333601,"Proximates, Tuna, canned, in water, drained solids,  BUMBLEBEE CHUNK LIGHT, IN WATER  (MI,OK) - NFY090S1T",0.0,0.0,0.0,0.0,1.06
333620,"Proximates, Tuna, canned, in water, drained solids,  CHICKEN OF THE SEA CHUNK LIGHT, IN WATER  (IN,NY) - NFY090S21",0.0,0.0,0.0,0.0,0.9
333639,"Proximates, Tuna, canned, in water, drained solids,  CHICKEN OF THE SEA CHUNK LIGHT, IN WATER  (VA,NC) - NFY090S2T",0.0,0.0,0.0,0.0,0.82
333658,"Proximates, Tuna, canned, in water, drained solids,  CHICKEN OF THE SEA CHUNK LIGHT, IN WATER  (FL,MO) - NFY090S3A",0.0,0.0,0.0,0.0,1.03
333678,"Proximates, Tuna, canned, in water, drained solids,  CHICKEN OF THE SEA CHUNK LIGHT, IN WATER  (CO,CT) - NFY090S32",0.0,0.0,0.0,0.0,0.85
333698,"Proximates, Tuna, canned, in water, drained solids,  CHICKEN OF THE SEA CHUNK LIGHT, IN WATER  (MI,OK) - NFY090S3J",0.0,0.0,0.0,0.0,1.01
333717,"Proximates, Tuna, canned, in water, drained solids,  STARKIST, CHUNK LIGHT, IN WATER  (IN,NY) - NFY090S3R",0.0,0.0,0.0,0.0,1.18
333745,"Proximates, Tuna, canned, in water, drained solids,  CHICKEN OF THE SEA CHUNK LIGHT, IN WATER  (VA,CA1) - NFY090S2I",0.0,0.0,0.0,0.0,0.97
333765,"Proximates, Tuna, canned, in water, drained solids,  STARKIST, CHUNK LIGHT, IN WATER  (CA2,NC) - NFY090S4J",0.0,0.0,0.0,0.0,0.86
333784,"Proximates, Tuna, canned, in water, drained solids,  STARKIST, CHUNK LIGHT, IN WATER  (FL,MO) - NFY090S50",0.0,0.0,0.0,0.0,0.85
333804,"Proximates, Tuna, canned, in water, drained solids,  STARKIST, CHUNK LIGHT, IN WATER  (CO,CT) - NFY090S4S",0.0,0.0,0.0,0.0,0.86
333823,"Proximates, Tuna, canned, in water, drained solids, store brand,  AMERICAS CHOICE &  KROGER (IN,NY) - NFY090S5H",0.0,0.0,0.0,0.0,0.84
333843,"Proximates, Tuna, canned, in water, drained solids,  STARKIST, CHUNK LIGHT, IN WATER  (MI,OK) - NFY090S59",0.0,0.0,0.0,0.0,1.09
333862,"Proximates, Tuna, canned, in water, drained solids, store brand,  MY ESSENTIALS &  SUNNY SELECT (CA2,NC) - NFY090S69",0.0,0.0,0.0,0.0,0.98
333890,"Proximates, Tuna, canned, in water, drained solids,  STARKIST, CHUNK LIGHT, IN WATER  (AL,CA1) - NFY090S48",0.0,0.0,0.0,0.0,0.99
333910,"Proximates, Tuna, canned, in water, drained solids, store brand,  GREAT VALUE &  MIDWEST COUNTRY FARE (FL,MO) - NFY090S6Q",0.0,0.0,0.0,0.0,0.9
333930,"Proximates, Tuna, canned, in water, drained solids, store brand,  SAFEWAY &  SHOP RITE (CO,CT) - NFY090S6I",0.0,0.0,0.0,0.0,1.01
333950,"Proximates, Tuna, canned, in water, drained solids, store brand,  GREAT VALUE &  KROGER (MI,OK) - NFY090S6Z",0.0,0.0,0.0,0.0,0.83
333961,Tuna; chunk light; canned in water; drained solids,0.0,0.0,0.0,0.0,0.9
333990,"Proximates, Tuna, canned, in water, drained solids, store brand,  GREAT VALUE &  SAFEWAY (AL,CA1) - NFY090S5Y",0.0,0.0,0.0,0.0,0.87
334194,"Fish, tuna, light, canned in water, drained solids",0.08,233.0,0.0,19.0,0.94
334198,"Proximates, Sugar, Granulated, White, store brand (CA2, NC1, OK1) - NFY040XER",0.0,0.0,0.0,0.0,0.33
334205,"Proximates, Sugar, Granulated, White, Name brand (CA2, NC1, OK1) - NFY040XDN",0.0,0.0,0.0,0.0,0.22
334212,"Proximates, Sugar, Granulated, White, Name brand (CO2, CT1, IN1) - NFY040XDX",0.0,0.0,0.0,0.0,0.19
334219,"Proximates, Sugar, Granulated, White, Name brand (FL1, MO1, NY1) - NFY040XE7",0.0,0.0,0.0,0.0,0.11
334225,"Proximates, Sugar, Granulated, White, store brand (CO2, CT1, IN1) - NFY040XF1",0.0,0.0,0.0,0.0,0.55
334231,"Total lipid, Sugar, Granulated, White, name brand (AL1, CA1, MI1) - NFY040XEJ",0.0,0.0,0.0,0.0,0.0
334233,"Proximates, Sugar, Granulated, White, Name brand (AL1, CA1, MI1) - NFY040XEH",0.0,0.0,0.0,0.0,0.64
334238,"Proximates, Sugar, Granulated, White, store brand (FL1, MO1, NY1) - NFY040XFB",0.0,0.0,0.0,0.0,0.33
334245,"Proximates, Sugar, Granulated, White, store brand (AL1, CA1, MI1) - NFY040XFL",0.0,0.0,0.0,0.0,0.48
334247,"Sugars, granulated",99.6,997.5,0.0,0.0,0.32
334259,"TDF, Sweet And Sour Pork, Chinese restaurant (IN1,NY1) - NFY0903IJ",0.0,0.0,1.0,0.0,0.0
334260,"Proximates, Sweet And Sour Pork, Chinese restaurant (IN1,NY1) - NFY0903IK",0.0,0.0,0.0,0.0,14.8
334278,"TDF, Sweet And Sour Pork, Chinese restaurant (CA2,NC1) - NFY0903JT",0.0,0.0,1.2,0.0,0.0
334279,"Proximates, Sweet And Sour Pork, Chinese restaurant (CA2,NC1) - NFY0903JU",0.0,0.0,0.0,0.0,3.34
334296,"TDF, Sweet And Sour Pork, Chinese restaurant (CA1,VA) - NFY0903J5",0.0,0.0,1.1,0.0,0.0
334298,"Proximates, Sweet And Sour Pork, Chinese restaurant (CA1,VA) - NFY0903J7",0.0,0.0,0.0,0.0,17.0
334316,"TDF, Sweet And Sour Pork, Chinese restaurant (MI1,VA3) - NFY0903LP",0.0,0.0,0.9,0.0,0.0
334318,"Proximates, Sweet And Sour Pork, Chinese restaurant (MI1,VA3) - NFY0903LR",0.0,0.0,0.0,0.0,16.0
334335,"TDF, Sweet And Sour Pork, Chinese restaurant (CO1,CT1) - NFY0903KF",0.0,0.0,1.3,0.0,0.0
334337,"Proximates, Sweet And Sour Pork, Chinese restaurant (CO1,CT1) - NFY0903KH",0.0,0.0,0.0,0.0,14.2
334355,"TDF, Sweet And Sour Pork, Chinese restaurant (VA2,WV) - NFY0903L3",0.0,0.0,0.5,0.0,0.0
334356,"Proximates, Sweet And Sour Pork, Chinese restaurant (VA2,WV) - NFY0903L4",0.0,0.0,0.0,0.0,16.4
334462,"Restaurant, Chinese, sweet and sour pork",25.5,675.0,1.0,8.88,13.6
334466,"Proximates, Chinese Restaurant, Fried Rice (No Meat) (NY) - NFY1209PM",0.0,0.0,0.0,0.0,2.16
334470,"Proximates, Chinese Restaurant, Fried Rice (No Meat) (IN) - NFY120A4R",0.0,0.0,0.0,0.0,3.05
334475,"Proximates, Chinese Restaurant, Fried Rice (No Meat) (AL) - NFY1209PT",0.0,0.0,0.0,0.0,3.84
334489,"Proximates, Chinese Restaurant, Fried Rice (No Meat) (NC) - NFY1209QE",0.0,0.0,0.0,0.0,1.34
334494,"Proximates, Chinese Restaurant, Fried Rice (No Meat) (CA1) - NFY1209Q0",0.0,0.0,0.0,0.0,6.44
334499,"Proximates, Chinese Restaurant, Fried Rice (No Meat) (CO) - NFY1209QL",0.0,0.0,0.0,0.0,4.23
334512,"Proximates, Chinese Restaurant, Fried Rice (No Meat) (CA2) - NFY1209Q7",0.0,0.0,0.0,0.0,2.38
334516,"Proximates, Chinese Restaurant, Fried Rice (No Meat) (MO) - NFY1209R6",0.0,0.0,0.0,0.0,2.85
334521,"Proximates, Chinese Restaurant, Fried Rice (No Meat) (MI) - NFY1209RD",0.0,0.0,0.0,0.0,4.27
334526,"Proximates, Chinese Restaurant, Fried Rice (No Meat) (CT) - NFY1209QS",0.0,0.0,0.0,0.0,1.97
334530,"Proximates, Chinese Restaurant, Fried Rice (No Meat) (FL) - NFY1209QZ",0.0,0.0,0.0,0.0,2.49
334535,"Proximates, Chinese Restaurant, Fried Rice (No Meat) (OK) - NFY1209RK",0.0,0.0,0.0,0.0,3.24
334536,"Restaurant, Chinese, fried rice, without meat",32.5,451.5,0.0,3.84,3.19
334542,"TDF, Tamale, Pork (NM) - NFY09029L",0.0,0.0,2.4,0.0,0.0
334544,"Proximates, Tamale, Pork (NM) - NFY09029O",0.0,0.0,0.0,0.0,9.12
334551,"TDF, Tamale, Pork (CA-SB) - NFY090292",0.0,0.0,2.9,0.0,0.0
334552,"Proximates, Tamale, Pork (CA-SB) - NFY090294",0.0,0.0,0.0,0.0,9.57
334562,"TDF, Tamale, Pork (TX-HA,NV) - NFY0902A8",0.0,0.0,3.1,0.0,0.0
334563,"Proximates, Tamale, Pork (TX-HA,NV) - NFY0902AA",0.0,0.0,0.0,0.0,10.9
334577,"TDF, Tamale, Pork (CA-AL,IL) - NFY09027W",0.0,0.0,2.6,0.0,0.0
334578,"Proximates, Tamale, Pork (CA-AL,IL) - NFY09027Y",0.0,0.0,0.0,0.0,9.23
334597,"TDF, Tamale, Pork (CA-LA,CA-SD) - NFY0902AR",0.0,0.0,2.1,0.0,0.0
334600,"Proximates, Tamale, Pork (CA-LA,CA-SD) - NFY0902AU",0.0,0.0,0.0,0.0,10.2
334619,"TDF, Tamale, Pork (TX-TR) - NFY09028F",0.0,0.0,1.5,0.0,0.0
334622,"Proximates, Tamale, Pork (TX-TR) - NFY09028I",0.0,0.0,0.0,0.0,5.19
334628,"Restaurant, Latino, tamale, pork",15.8,451.0,2.4,7.38,9.04
334638,"TDF, Pupusas, Bean, flat stuffed corn biscuit (CA-AL,IL) - NFY0901VA",0.0,0.0,6.1,0.0,0.0
334640,"Proximates, Pupusas, Bean, flat stuffed corn biscuit (CA-AL,IL) - NFY0901VC",0.0,0.0,0.0,0.0,9.3
334648,"TDF, Pupusas, Bean, flat stuffed corn biscuit (TX-HA,NV) - NFY0901XA",0.0,0.0,5.7,0.0,0.0
334650,"Proximates, Pupusas, Bean, flat stuffed corn biscuit (TX-HA,NV) - NFY0901XC",0.0,0.0,0.0,0.0,9.46
334657,"TDF, Pupusas, Bean, flat stuffed corn biscuit (FL,CA-SB) - NFY0901WA",0.0,0.0,5.9,0.0,0.0
334659,"Proximates, Pupusas, Bean, flat stuffed corn biscuit (FL,CA-SB) - NFY0901WC",0.0,0.0,0.0,0.0,11.3
334673,"TDF, Pupusas, Bean, flat stuffed corn biscuit (TX-TR) - NFY0901VQ",0.0,0.0,5.8,0.0,0.0
334676,"Proximates, Pupusas, Bean, flat stuffed corn biscuit (TX-TR) - NFY0901VT",0.0,0.0,0.0,0.0,5.08
334693,"TDF, Pupusas, Bean, flat stuffed corn biscuit (CA-LA) - NFY0901XQ",0.0,0.0,5.7,0.0,0.0
334696,"Proximates, Pupusas, Bean, flat stuffed corn biscuit (CA-LA) - NFY0901XT",0.0,0.0,0.0,0.0,10.7
334712,"TDF, Pupusas, Bean, flat stuffed corn biscuit (MD,NM) - NFY0901WQ",0.0,0.0,5.4,0.0,0.0
334715,"Proximates, Pupusas, Bean, flat stuffed corn biscuit (MD,NM) - NFY0901WT",0.0,0.0,0.0,0.0,8.23
334720,"Restaurant, Latino, pupusas con frijoles (pupusas, bean)",31.5,594.0,5.8,5.59,9.01
334724,"Proximates, Beef, Boneless Top Loin steak, lean only, raw, animal 3, lowerchoice",0.0,0.0,0.0,22.4,6.99
334751,"Proximates, Beef, Boneless Top Loin steak, lean only, raw, animal 14, lowerchoice",0.0,0.0,0.0,23.8,6.9
334780,"Proximates, Beef, Boneless Top Loin steak, lean only, raw, animal 1, upperchoice",0.0,0.0,0.0,21.7,10.4
334791,"Proximates, Beef, Boneless Top Loin steak, lean only, raw, animal 12, upperchoice",0.0,0.0,0.0,23.1,9.14
334793,"Proximates, Beef, Boneless Top Loin steak, lean only, raw, animal 13, upperchoice",0.0,0.0,0.0,23.5,6.73
334795,"Proximates, Beef, Boneless Top Loin steak, lean only, raw, animal 19, upperchoice",0.0,0.0,0.0,23.0,5.84
334803,"Proximates, Beef, Boneless Top Loin steak, lean only, raw, animal 2, upperchoice",0.0,0.0,0.0,22.2,10.1
334805,"Proximates, Beef, Boneless Top Loin steak, lean only, raw, animal 24, upperchoice",0.0,0.0,0.0,22.3,6.15
334807,"Proximates, Beef, Boneless Top Loin steak, lean only, raw, animal 25, upperchoice",0.0,0.0,0.0,21.9,6.49
334809,"Proximates, Beef, Boneless Top Loin steak, lean only, raw, animal 30, upperchoice",0.0,0.0,0.0,23.6,4.97
334811,"Proximates, Beef, Boneless Top Loin steak, lean only, raw, animal 31, upperchoice",0.0,0.0,0.0,22.1,4.22
334813,"Proximates, Beef, Boneless Top Loin steak, lean only, raw, animal 32, upperchoice",0.0,0.0,0.0,22.3,2.33
334815,"Proximates, Beef, Boneless Top Loin steak, lean only, raw, animal 6, upperchoice",0.0,0.0,0.0,23.5,6.32
334817,"Proximates, Beef, Boneless Top Loin steak, lean only, raw, animal 7, upperchoice",0.0,0.0,0.0,22.7,7.33
334825,"Proximates, Beef, Boneless Top Loin steak, lean only, raw, animal 15, lowerchoice",0.0,0.0,0.0,23.7,6.22
334827,"Proximates, Beef, Boneless Top Loin steak, lean only, raw, animal 20, lowerchoice",0.0,0.0,0.0,23.2,6.69
334834,"Proximates, Beef, Boneless Top Loin steak, lean only, raw, animal 21, lowerchoice",0.0,0.0,0.0,23.9,4.4
334836,"Proximates, Beef, Boneless Top Loin steak, lean only, raw, animal 26, lowerchoice",0.0,0.0,0.0,22.9,4.75
334838,"Proximates, Beef, Boneless Top Loin steak, lean only, raw, animal 27, lowerchoice",0.0,0.0,0.0,22.0,7.49
334840,"Proximates, Beef, Boneless Top Loin steak, lean only, raw, animal 33, lowerchoice",0.0,0.0,0.0,22.7,4.19
334842,"Proximates, Beef, Boneless Top Loin steak, lean only, raw, animal 34, lowerchoice",0.0,0.0,0.0,22.6,4.63
334844,"Proximates, Beef, Boneless Top Loin steak, lean only, raw, animal 4, lowerchoice",0.0,0.0,0.0,22.4,7.41
334846,"Proximates, Beef, Boneless Top Loin steak, lean only, raw, animal 8, lowerchoice",0.0,0.0,0.0,23.4,5.42
334848,"Proximates, Beef, Boneless Top Loin steak, lean only, raw, animal 9, lowerchoice",0.0,0.0,0.0,23.3,8.25
334849,"Beef, loin, top loin steak, boneless, lip-on, separable lean only, trimmed to 1/8"" fat, choice, raw",0.0,401.5,0.0,22.8,6.39
334861,"Proximates, Beef, Tenderloin Roast, lean only, cooked, animal 5, select",0.0,0.0,0.0,25.6,9.54
334872,"Proximates, Beef, Tenderloin Roast, lean only, cooked, animal 18, select",0.0,0.0,0.0,28.9,5.1
334878,"Proximates, Beef, Tenderloin Roast, lean only, cooked, animal 22, select",0.0,0.0,0.0,27.8,5.64
334880,"Proximates, Beef, Tenderloin Roast, lean only, cooked, animal 23, select",0.0,0.0,0.0,27.0,8.53
334882,"Proximates, Beef, Tenderloin Roast, lean only, cooked, animal 28, select",0.0,0.0,0.0,27.8,3.85
334884,"Proximates, Beef, Tenderloin Roast, lean only, cooked, animal 29, select",0.0,0.0,0.0,27.8,7.98
334886,"Proximates, Beef, Tenderloin Roast, lean only, cooked, animal 35, select",0.0,0.0,0.0,26.5,6.29
334888,"Proximates, Beef, Tenderloin Roast, lean only, cooked, animal 10, select",0.0,0.0,0.0,29.1,5.15
334890,"Proximates, Beef, Tenderloin Roast, lean only, cooked, animal 11, select",0.0,0.0,0.0,28.8,5.09
334892,"Proximates, Beef, Tenderloin Roast, lean only, cooked, animal 16, select",0.0,0.0,0.0,29.1,4.22
334894,"Proximates, Beef, Tenderloin Roast, lean only, cooked, animal 17, select",0.0,0.0,0.0,26.5,10.7
334896,"Proximates, Beef, Tenderloin Roast, lean only, cooked, animal 36, select",0.0,0.0,0.0,26.9,4.26
334897,"Beef, loin, tenderloin roast, separable lean only, boneless, trimmed to 0"" fat, select, cooked, roasted",0.0,455.5,0.0,27.7,6.36
334898,"Beef, round, eye of round roast, boneless, separable lean only, trimmed to 0"" fat, select, raw",0.0,317.0,0.0,23.4,2.48
334902,"Proximates, Beef, Top Round roast/steak, lean only, raw, animal 5, select",0.0,0.0,0.0,23.8,2.77
334919,"Proximates, Beef, Top Round roast/steak, lean only, raw, animal 10, select",0.0,0.0,0.0,24.9,2.35
334930,"Proximates, Beef, Top Round roast/steak, lean only, raw, animal 11, select",0.0,0.0,0.0,23.8,2.57
334933,"Proximates, Beef, Top Round roast/steak, lean only, raw, animal 16, select",0.0,0.0,0.0,24.2,1.99
334936,"Proximates, Beef, Top Round roast/steak, lean only, raw, animal 17, select",0.0,0.0,0.0,23.8,3.5
334939,"Proximates, Beef, Top Round roast/steak, lean only, raw, animal 18, select",0.0,0.0,0.0,24.9,2.43
334947,"Proximates, Beef, Top Round roast/steak, lean only, raw, animal 22, select",0.0,0.0,0.0,23.6,2.77
334950,"Proximates, Beef, Top Round roast/steak, lean only, raw, animal 23, select",0.0,0.0,0.0,23.2,4.23
334953,"Proximates, Beef, Top Round roast/steak, lean only, raw, animal 28, select",0.0,0.0,0.0,22.7,1.16
334956,"Proximates, Beef, Top Round roast/steak, lean only, raw, animal 29, select",0.0,0.0,0.0,23.9,1.31
334959,"Proximates, Beef, Top Round roast/steak, lean only, raw, animal 35, select",0.0,0.0,0.0,22.8,0.53
334962,"Proximates, Beef, Top Round roast/steak, lean only, raw, animal 36, select",0.0,0.0,0.0,22.2,3.27
334963,"Beef, round, top round roast, boneless, separable lean only, trimmed to 0"" fat, select, raw",0.0,318.5,0.0,23.7,2.41
334966,"Proximates, Beef, T-Bone Steak, lean only, cooked, animal 12, upperchoice",0.0,0.0,0.0,27.9,11.3
334978,"Proximates, Beef, T-Bone Steak, lean only, cooked, animal 1, upperchoice",0.0,0.0,0.0,25.4,14.0
334989,"Proximates, Beef, T-Bone Steak, lean only, cooked, animal 19, upperchoice",0.0,0.0,0.0,26.3,14.0
334996,"Proximates, Beef, T-Bone Steak, lean only, cooked, animal 24, upperchoice",0.0,0.0,0.0,27.7,12.9
334998,"Proximates, Beef, T-Bone Steak, lean only, cooked, animal 25, upperchoice",0.0,0.0,0.0,28.3,10.2
335000,"Proximates, Beef, T-Bone Steak, lean only, cooked, animal 30, upperchoice",0.0,0.0,0.0,27.0,15.0
335002,"Proximates, Beef, T-Bone Steak, lean only, cooked, animal 31, upperchoice",0.0,0.0,0.0,27.0,12.8
335004,"Proximates, Beef, T-Bone Steak, lean only, cooked, animal 32, upperchoice",0.0,0.0,0.0,25.4,14.3
335006,"Proximates, Beef, T-Bone Steak, lean only, cooked, animal 2, upperchoice",0.0,0.0,0.0,24.6,12.4
335008,"Proximates, Beef, T-Bone Steak, lean only, cooked, animal 6, upperchoice",0.0,0.0,0.0,28.0,10.8
335010,"Proximates, Beef, T-Bone Steak, lean only, cooked, animal 7, upperchoice",0.0,0.0,0.0,27.9,8.75
335012,"Proximates, Beef, T-Bone Steak, lean only, cooked, animal 13, upperchoice",0.0,0.0,0.0,28.2,11.0
335015,"Proximates, Beef, T-Bone Steak, lean only, cooked, animal 20, lowerchoice",0.0,0.0,0.0,26.7,10.8
335026,"Proximates, Beef, T-Bone Steak, lean only, cooked, animal 21, lowerchoice",0.0,0.0,0.0,28.0,11.0
335037,"Proximates, Beef, T-Bone Steak, lean only, cooked, animal 3, lowerchoice",0.0,0.0,0.0,26.4,12.8
335044,"Proximates, Beef, T-Bone Steak, lean only, cooked, animal 4, lowerchoice",0.0,0.0,0.0,25.8,15.5
335046,"Proximates, Beef, T-Bone Steak, lean only, cooked, animal 8, lowerchoice",0.0,0.0,0.0,28.5,7.44
335048,"Proximates, Beef, T-Bone Steak, lean only, cooked, animal 9, lowerchoice",0.0,0.0,0.0,28.6,7.68
335050,"Proximates, Beef, T-Bone Steak, lean only, cooked, animal 14, lowerchoice",0.0,0.0,0.0,27.9,8.79
335052,"Proximates, Beef, T-Bone Steak, lean only, cooked, animal 15, lowerchoice",0.0,0.0,0.0,30.4,8.45
335054,"Proximates, Beef, T-Bone Steak, lean only, cooked, animal 26, lowerchoice",0.0,0.0,0.0,29.9,7.83
335056,"Proximates, Beef, T-Bone Steak, lean only, cooked, animal 27, lowerchoice",0.0,0.0,0.0,26.3,12.9
335058,"Proximates, Beef, T-Bone Steak, lean only, cooked, animal 33, lowerchoice",0.0,0.0,0.0,27.9,11.1
335060,"Proximates, Beef, T-Bone Steak, lean only, cooked, animal 34, lowerchoice",0.0,0.0,0.0,26.0,11.4
335061,"Beef, short loin, t-bone steak, bone-in, separable lean only, trimmed to 1/8"" fat, choice, cooked, grilled",0.0,568.5,0.0,27.3,11.4
335064,"Proximates, Beef, Porterhouse Steak, lean only, raw, animal 5, select",0.0,0.0,0.0,21.5,6.56
335080,"Proximates, Beef, Porterhouse Steak, lean only, raw, animal 10, select",0.0,0.0,0.0,23.5,4.86
335086,"Proximates, Beef, Porterhouse Steak, lean only, raw, animal 11, select",0.0,0.0,0.0,22.9,5.43
335088,"Proximates, Beef, Porterhouse Steak, lean only, raw, animal 16, select",0.0,0.0,0.0,23.5,4.06
335090,"Proximates, Beef, Porterhouse Steak, lean only, raw, animal 17, select",0.0,0.0,0.0,23.1,6.91
335092,"Proximates, Beef, Porterhouse Steak, lean only, raw, animal 18, select",0.0,0.0,0.0,23.8,3.83
335098,"Proximates, Beef, Porterhouse Steak, lean only, raw, animal 22, select",0.0,0.0,0.0,23.6,6.41
335100,"Proximates, Beef, Porterhouse Steak, lean only, raw, animal 23, select",0.0,0.0,0.0,22.4,5.88
335102,"Proximates, Beef, Porterhouse Steak, lean only, raw, animal 28, select",0.0,0.0,0.0,22.4,4.09
335104,"Proximates, Beef, Porterhouse Steak, lean only, raw, animal 29, select",0.0,0.0,0.0,22.3,4.63
335106,"Proximates, Beef, Porterhouse Steak, lean only, raw, animal 35, select",0.0,0.0,0.0,22.0,4.11
335108,"Proximates, Beef, Porterhouse Steak, lean only, raw, animal 36, select",0.0,0.0,0.0,21.0,7.02
335109,"Beef, short loin, porterhouse steak, separable lean only, trimmed to 1/8"" fat, select, raw",0.0,375.5,0.0,22.7,5.32
335115,"Proximates, Whole wheat bread, Store brand/other (IN,NY) - NFY1204QM",0.0,0.0,0.0,0.0,3.4
335121,"Proximates, Whole wheat bread, Store brand/other (CA2,CT) - NFY1204RE",0.0,0.0,0.0,0.0,4.0
335130,"Proximates, Whole wheat bread, NATURES OWN (FL,NC) - NFY1204Q6",0.0,0.0,0.0,0.0,3.52
335134,"TDF, Whole wheat bread, NATURES OWN (FL,NC) - NFY1204QA",0.0,0.0,5.9,0.0,0.0
335146,"Proximates, Whole wheat bread, STROEHMANN DUTCH COUNTY (NY) - NFY1204M8",0.0,0.0,0.0,0.0,3.15
335150,"TDF, Whole wheat bread, STROEHMANN DUTCH COUNTY (NY) - NFY1204MC",0.0,0.0,5.2,0.0,0.0
335162,"Proximates, Whole wheat bread, NATURES OWN (IN,CT) - NFY1204PE",0.0,0.0,0.0,0.0,3.34
335166,"TDF, Whole wheat bread, NATURES OWN (IN,CT) - NFY1204PI",0.0,0.0,5.8,0.0,0.0
335178,"Proximates, Whole wheat bread, Store brand/other (AL,OK) - NFY1204QY",0.0,0.0,0.0,0.0,3.62
335182,"TDF, Whole wheat bread, Store brand/other (AL,OK) - NFY1204R2",0.0,0.0,5.3,0.0,0.0
335194,"Proximates, Whole wheat bread, NATURES OWN (AL,OK) - NFY1204OL",0.0,0.0,0.0,0.0,3.22
335198,"TDF, Whole wheat bread, NATURES OWN (AL,OK) - NFY1204OP",0.0,0.0,5.7,0.0,0.0
335207,"Proximates, Whole wheat bread, Store brand/other (FL,MO) - NFY1204S6",0.0,0.0,0.0,0.0,3.89
335217,"Proximates, Whole wheat bread, Store brand/other (CA1,CO) - NFY1204RQ",0.0,0.0,0.0,0.0,3.78
335221,"TDF, Whole wheat bread, Store brand/other (CA1,CO) - NFY1204RU",0.0,0.0,6.1,0.0,0.0
335233,"Proximates, Whole wheat bread, Store brand/other (MI,NC) - NFY1204SI",0.0,0.0,0.0,0.0,3.56
335237,"TDF, Whole wheat bread, Store brand/other (MI,NC) - NFY1204SM",0.0,0.0,8.3,0.0,0.0
335240,"Bread, whole-wheat, commercially prepared",43.1,657.0,6.0,12.3,3.55
335241,"Beans, Dry, Dark Red Kidney, 11F-8074 (0% moisture)",0.0,0.0,4.2,27.0,1.45
335242,"Beans, Dry, Dark Red Kidney, 11F-8130 (0% moisture)",0.0,0.0,4.5,25.6,1.4
335243,"Beans, Dry, Dark Red Kidney, 11F-8040 (0% moisture)",0.0,0.0,4.2,25.4,1.27
335244,"Beans, Dry, Dark Red Kidney, 11F-8132 (0% moisture)",0.0,0.0,4.3,25.5,1.12
335245,"Beans, Dry, Dark Red Kidney (0% moisture)",0.0,0.0,4.3,25.9,1.31
335246,"Beans, Dry, Pink, 11F-8082 (0% moisture)",0.0,0.0,4.5,23.2,1.48
335247,"Beans, Dry, Pink, 11F-8190 (0% moisture)",0.0,0.0,3.8,24.9,1.23
335248,"Beans, Dry, Pink, 11F-8034 (0% moisture)",0.0,0.0,4.2,24.3,1.2
335249,"Beans, Dry, Pink, 11F-8188 (0% moisture)",0.0,0.0,4.2,25.1,0.89
335250,"Beans, Dry, Pink, 11F-8197 (0% moisture)",0.0,0.0,4.3,24.4,1.15
335252,"Beans, Dry, Pink, 11F-8084 (0% moisture)",0.0,0.0,4.4,25.3,1.35
335253,"Beans, Dry, Pink, 11F-8193 (0% moisture)",0.0,0.0,4.2,24.5,1.14
335254,"Beans, Dry, Pink, 11F-8058 (0% moisture)",0.0,0.0,4.5,24.2,1.38
335255,"Beans, Dry, Pink, 11F-8149 (0% moisture)",0.0,0.0,4.5,25.0,1.07
335256,"Beans, Dry, Pink, 11F-8059 (0% moisture)",0.0,0.0,4.1,23.2,1.09
335257,"Beans, Dry, Pink, 11F-8124 (0% moisture)",0.0,0.0,4.3,23.6,1.36
335258,"Beans, Dry, Pink, 11F-8041 (0% moisture)",0.0,0.0,4.6,23.8,1.23
335259,"Beans, Dry, Pink, 11F-8156 (0% moisture)",0.0,0.0,4.4,25.2,1.13
335260,"Beans, Dry, Pink, 11F-8019 (0% moisture)",0.0,0.0,4.3,24.2,0.99
335261,"Beans, Dry, Pink, 11F-8136 (0% moisture)",0.0,0.0,4.5,23.8,1.45
335262,"Beans, Dry, Pink, 11F-8018 (0% moisture)",0.0,0.0,4.4,24.8,1.42
335263,"Beans, Dry, Pink, 11F-8187 (0% moisture)",0.0,0.0,4.4,23.9,1.24
335264,"Beans, Dry, Pink, 11F-8105 (0% moisture)",0.0,0.0,4.4,23.9,1.23
335266,"Beans, Dry, Pink, 483 (0% moisture)",0.0,0.0,4.0,25.0,1.06
335267,"Beans, Dry, Pink, 641 (0% moisture)",0.0,0.0,4.1,22.0,1.13
335268,"Beans, Dry, Pink, 481 (0% moisture)",0.0,0.0,4.1,25.7,1.18
335269,"Beans, Dry, Pink, 817 (0% moisture)",0.0,0.0,4.2,25.4,1.23
335270,"Beans, Dry, Pink, 399 (0% moisture)",0.0,0.0,4.0,20.6,1.7
335271,"Beans, Dry, Pink, 779 (0% moisture)",0.0,0.0,4.2,22.1,1.64
335272,"Beans, Dry, Pink, 430 (0% moisture)",0.0,0.0,3.8,24.5,0.94
335273,"Beans, Dry, Pink, 699 (0% moisture)",0.0,0.0,3.9,24.3,1.0
335274,"Beans, Dry, Pink, 478 (0% moisture)",0.0,0.0,3.7,24.5,0.96
335275,"Beans, Dry, Pink, 803 (0% moisture)",0.0,0.0,4.1,24.3,0.94
335276,"Beans, Dry, Pink, 504 (0% moisture)",0.0,0.0,3.9,23.8,1.06
335277,"Beans, Dry, Pink, 636 (0% moisture)",0.0,0.0,3.9,21.0,1.31
335278,"Beans, Dry, Pink, 404 (0% moisture)",0.0,0.0,4.0,22.9,1.29
335279,"Beans, Dry, Pink, 794 (0% moisture)",0.0,0.0,4.0,23.5,1.17
335280,"Beans, Dry, Pink, 461 (0% moisture)",0.0,0.0,3.8,22.6,1.17
335281,"Beans, Dry, Pink, 629 (0% moisture)",0.0,0.0,3.8,23.2,1.06
335282,"Beans, Dry, Pink, 411 (0% moisture)",0.0,0.0,4.0,21.0,1.65
335283,"Beans, Dry, Pink, 732 (0% moisture)",0.0,0.0,4.0,23.1,1.39
335284,"Beans, Dry, Pink, 342 (0% moisture)",0.0,0.0,4.5,26.0,1.35
335286,"Beans, Dry, Pink, 502 (0% moisture)",0.0,0.0,4.4,24.3,1.39
335287,"Beans, Dry, Pink, 819 (0% moisture)",0.0,0.0,4.4,26.0,1.37
335288,"Beans, Dry, Pink, 359 (0% moisture)",0.0,0.0,4.1,21.6,1.11
335289,"Beans, Dry, Pink, 687 (0% moisture)",0.0,0.0,4.2,21.1,1.07
335290,"Beans, Dry, Pink, 321 (0% moisture)",0.0,0.0,4.1,21.2,1.12
335291,"Beans, Dry, Pink, 739 (0% moisture)",0.0,0.0,4.1,22.4,1.0
335292,"Beans, Dry, Pink, 338 (0% moisture)",0.0,0.0,4.0,20.6,1.22
335293,"Beans, Dry, Pink, 712 (0% moisture)",0.0,0.0,3.9,21.0,1.2
335294,"Beans, Dry, Pink, 445 (0% moisture)",0.0,0.0,3.9,21.8,0.98
335295,"Beans, Dry, Pink, 796 (0% moisture)",0.0,0.0,4.0,21.6,0.98
335296,"Beans, Dry, Pink, 477 (0% moisture)",0.0,0.0,4.2,23.6,1.09
335297,"Beans, Dry, Pink, 752 (0% moisture)",0.0,0.0,4.1,23.0,1.11
335298,"Beans, Dry, Pink, 486 (0% moisture)",0.0,0.0,4.1,26.5,1.23
335299,"Beans, Dry, Pink, 701 (0% moisture)",0.0,0.0,4.0,23.4,1.17
335300,"Beans, Dry, Pink, 433 (0% moisture)",0.0,0.0,4.0,20.7,1.6
335301,"Beans, Dry, Pink, 725 (0% moisture)",0.0,0.0,3.9,21.8,1.54
335302,"Beans, Dry, Pink, 448 (0% moisture)",0.0,0.0,4.0,23.0,0.9
335303,"Beans, Dry, Pink, 652 (0% moisture)",0.0,0.0,3.8,20.8,0.83
335304,"Beans, Dry, Pink, 354 (0% moisture)",0.0,0.0,4.1,23.1,0.98
335305,"Beans, Dry, Pink, 664 (0% moisture)",0.0,0.0,4.0,21.8,0.95
335306,"Beans, Dry, Pink (0% moisture)",0.0,0.0,4.1,23.4,1.2
335307,"Beans, Dry, Navy, 11F-8043 (0% moisture)",0.0,0.0,4.5,23.5,1.19
335308,"Beans, Dry, Navy, 11F-8162 (0% moisture)",0.0,0.0,4.3,23.0,1.08
335309,"Beans, Dry, Navy, 11F-8007 (0% moisture)",0.0,0.0,4.2,25.0,1.13
335310,"Beans, Dry, Navy, 11F-8195 (0% moisture)",0.0,0.0,4.4,24.5,1.24
335311,"Beans, Dry, Navy, 11F-8027 (0% moisture)",0.0,0.0,4.4,25.6,1.4
335312,"Beans, Dry, Navy, 11F-8165 (0% moisture)",0.0,0.0,4.1,25.5,0.94
335313,"Beans, Dry, Navy, 11F-8098 (0% moisture)",0.0,0.0,4.5,23.5,1.22
335314,"Beans, Dry, Navy, 11F-8107 (0% moisture)",0.0,0.0,4.1,24.4,1.13
335315,"Beans, Dry, Navy, 11F-8028 (0% moisture)",0.0,0.0,4.7,23.5,1.45
335316,"Beans, Dry, Navy, 11F-8179 (0% moisture)",0.0,0.0,4.5,23.2,1.2
335317,"Beans, Dry, Navy, 11F-8030 (0% moisture)",0.0,0.0,4.3,25.6,1.72
335318,"Beans, Dry, Navy, 11F-8143 (0% moisture)",0.0,0.0,4.5,26.3,1.22
335319,"Beans, Dry, Navy, 11F-8004 (0% moisture)",0.0,0.0,4.3,25.8,1.35
335320,"Beans, Dry, Navy, 11F-8183 (0% moisture)",0.0,0.0,3.9,25.0,1.15
335321,"Beans, Dry, Navy, 287 (0% moisture)",0.0,0.0,4.7,26.0,1.62
335322,"Beans, Dry, Navy, 613 (0% moisture)",0.0,0.0,4.7,25.5,1.47
335323,"Beans, Dry, Navy, 289 (0% moisture)",0.0,0.0,4.0,23.4,1.73
335324,"Beans, Dry, Navy, 560 (0% moisture)",0.0,0.0,4.4,24.5,1.53
335325,"Beans, Dry, Navy, 279 (0% moisture)",0.0,0.0,4.2,23.1,1.7
335326,"Beans, Dry, Navy, 586 (0% moisture)",0.0,0.0,4.4,25.2,1.51
335327,"Beans, Dry, Navy, 233 (0% moisture)",0.0,0.0,4.1,21.3,1.66
335328,"Beans, Dry, Navy, 584 (0% moisture)",0.0,0.0,4.3,24.5,1.32
335329,"Beans, Dry, Navy, 229 (0% moisture)",0.0,0.0,4.2,22.5,1.62
335330,"Beans, Dry, Navy, 603 (0% moisture)",0.0,0.0,4.4,25.3,1.31
335331,"Beans, Dry, Navy, 299 (0% moisture)",0.0,0.0,4.4,25.4,1.55
335332,"Beans, Dry, Navy, 585 (0% moisture)",0.0,0.0,4.5,26.2,1.39
335333,"Beans, Dry, Navy, 292 (0% moisture)",0.0,0.0,4.3,24.6,1.62
335334,"Beans, Dry, Navy, 576 (0% moisture)",0.0,0.0,4.4,24.3,1.54
335335,"Beans, Dry, Navy, 261 (0% moisture)",0.0,0.0,4.3,22.8,1.59
335336,"Beans, Dry, Navy, 582 (0% moisture)",0.0,0.0,4.2,24.5,1.43
335337,"Beans, Dry, Navy, 230 (0% moisture)",0.0,0.0,4.2,23.0,1.87
335338,"Beans, Dry, Navy, 557 (0% moisture)",0.0,0.0,4.3,25.0,1.69
335339,"Beans, Dry, Navy, 242 (0% moisture)",0.0,0.0,4.1,23.9,1.5
335340,"Beans, Dry, Navy, 556 (0% moisture)",0.0,0.0,4.4,23.6,1.45
335341,"Beans, Dry, Navy, 320 (0% moisture)",0.0,0.0,4.4,25.6,1.59
335342,"Beans, Dry, Navy, 595 (0% moisture)",0.0,0.0,4.4,25.8,1.55
335343,"Beans, Dry, Navy, 311 (0% moisture)",0.0,0.0,4.3,23.7,1.62
335344,"Beans, Dry, Navy, 578 (0% moisture)",0.0,0.0,4.4,25.2,1.36
335345,"Beans, Dry, Navy, 280 (0% moisture)",0.0,0.0,4.0,22.1,1.51
335346,"Beans, Dry, Navy, 598 (0% moisture)",0.0,0.0,4.1,24.4,1.46
335347,"Beans, Dry, Navy, 245 (0% moisture)",0.0,0.0,4.1,22.9,1.39
335348,"Beans, Dry, Navy, 605 (0% moisture)",0.0,0.0,4.2,24.6,1.24
335349,"Beans, Dry, Navy, 262 (0% moisture)",0.0,0.0,4.3,22.1,1.7
335350,"Beans, Dry, Navy, 588 (0% moisture)",0.0,0.0,4.4,22.9,1.69
335351,"Beans, Dry, Navy, 284 (0% moisture)",0.0,0.0,4.2,24.5,1.74
335352,"Beans, Dry, Navy, 599 (0% moisture)",0.0,0.0,4.4,25.7,1.63
335353,"Beans, Dry, Navy, 256 (0% moisture)",0.0,0.0,4.2,23.6,1.37
335354,"Beans, Dry, Navy, 524 (0% moisture)",0.0,0.0,4.4,23.1,1.42
335355,"Beans, Dry, Navy, 476 (0% moisture)",0.0,0.0,4.2,25.7,1.53
335356,"Beans, Dry, Navy, 260 (0% moisture)",0.0,0.0,4.1,22.3,1.54
335357,"Beans, Dry, Navy, 771 (0% moisture)",0.0,0.0,4.3,24.2,1.51
335358,"Beans, Dry, Navy, 627 (0% moisture)",0.0,0.0,4.1,24.3,1.48
335359,"Beans, Dry, Navy, 255 (0% moisture)",0.0,0.0,4.3,23.9,1.46
335360,"Beans, Dry, Navy, 568 (0% moisture)",0.0,0.0,4.4,24.6,1.46
335361,"Beans, Dry, Navy, 294 (0% moisture)",0.0,0.0,4.2,23.4,1.61
335362,"Beans, Dry, Navy, 589 (0% moisture)",0.0,0.0,4.3,22.8,1.65
335363,"Beans, Dry, Navy, 246 (0% moisture)",0.0,0.0,4.3,20.8,1.98
335364,"Beans, Dry, Navy, 587 (0% moisture)",0.0,0.0,4.3,23.1,1.76
335365,"Beans, Dry, Navy, 236 (0% moisture)",0.0,0.0,4.2,22.6,1.77
335366,"Beans, Dry, Navy, 530 (0% moisture)",0.0,0.0,4.4,24.1,1.73
335367,"Beans, Dry, Navy, 241 (0% moisture)",0.0,0.0,4.4,26.6,1.33
335368,"Beans, Dry, Navy, 554 (0% moisture)",0.0,0.0,4.7,28.9,1.18
335369,"Beans, Dry, Navy, 234 (0% moisture)",0.0,0.0,4.2,22.4,1.64
335370,"Beans, Dry, Navy, 626 (0% moisture)",0.0,0.0,4.3,24.4,1.5
335371,"Beans, Dry, Navy, 228 (0% moisture)",0.0,0.0,4.4,24.3,1.76
335372,"Beans, Dry, Navy, 623 (0% moisture)",0.0,0.0,4.4,25.5,1.7
335373,"Beans, Dry, Navy, 268 (0% moisture)",0.0,0.0,4.4,23.5,1.45
335374,"Beans, Dry, Navy, 548 (0% moisture)",0.0,0.0,4.4,24.0,1.43
335375,"Beans, Dry, Navy, 386 (0% moisture)",0.0,0.0,4.0,22.5,1.37
335376,"Beans, Dry, Navy, 719 (0% moisture)",0.0,0.0,4.0,21.3,1.33
335377,"Beans, Dry, Navy, 253 (0% moisture)",0.0,0.0,4.4,25.5,1.26
335378,"Beans, Dry, Navy, 523 (0% moisture)",0.0,0.0,4.4,23.9,1.35
335379,"Beans, Dry, Navy, 319 (0% moisture)",0.0,0.0,4.4,22.4,1.65
335380,"Beans, Dry, Navy, 609 (0% moisture)",0.0,0.0,4.1,22.2,1.59
335381,"Beans, Dry, Navy, 422 (0% moisture)",0.0,0.0,4.2,24.3,1.75
335382,"Beans, Dry, Navy, 313 (0% moisture)",0.0,0.0,4.4,25.7,1.68
335383,"Beans, Dry, Navy, 721 (0% moisture)",0.0,0.0,4.3,24.5,1.72
335384,"Beans, Dry, Navy, 561 (0% moisture)",0.0,0.0,4.3,24.7,1.6
335385,"Beans, Dry, Navy, 283 (0% moisture)",0.0,0.0,4.5,25.1,1.45
335386,"Beans, Dry, Navy, 525 (0% moisture)",0.0,0.0,4.2,24.3,1.36
335387,"Beans, Dry, Navy, 264 (0% moisture)",0.0,0.0,4.4,23.0,1.55
335388,"Beans, Dry, Navy, 567 (0% moisture)",0.0,0.0,4.4,23.2,1.49
335389,"Beans, Dry, Navy, 226 (0% moisture)",0.0,0.0,4.4,22.9,1.8
335390,"Beans, Dry, Navy, 558 (0% moisture)",0.0,0.0,4.4,24.1,1.71
335391,"Beans, Dry, Navy, 281 (0% moisture)",0.0,0.0,4.7,24.9,1.73
335392,"Beans, Dry, Navy, 546 (0% moisture)",0.0,0.0,4.5,24.6,1.63
335393,"Beans, Dry, Navy, 295 (0% moisture)",0.0,0.0,4.4,24.3,1.49
335394,"Beans, Dry, Navy, 543 (0% moisture)",0.0,0.0,4.2,23.4,1.54
335395,"Beans, Dry, Navy, 220 (0% moisture)",0.0,0.0,4.4,25.3,1.69
335396,"Beans, Dry, Navy, 521 (0% moisture)",0.0,0.0,4.4,26.7,1.57
335397,"Beans, Dry, Navy, 213 (0% moisture)",0.0,0.0,4.6,24.5,1.43
335398,"Beans, Dry, Navy, 628 (0% moisture)",0.0,0.0,4.4,26.9,1.26
335399,"Beans, Dry, Navy, 237 (0% moisture)",0.0,0.0,4.4,23.8,1.75
335400,"Beans, Dry, Navy, 532 (0% moisture)",0.0,0.0,4.4,23.8,1.75
335401,"Beans, Dry, Navy, 316 (0% moisture)",0.0,0.0,4.5,23.8,1.5
335402,"Beans, Dry, Navy, 535 (0% moisture)",0.0,0.0,4.5,24.0,1.49
335403,"Beans, Dry, Navy, 290 (0% moisture)",0.0,0.0,4.5,25.0,1.37
335404,"Beans, Dry, Navy, 539 (0% moisture)",0.0,0.0,4.6,24.4,1.49
335405,"Beans, Dry, Navy, 307 (0% moisture)",0.0,0.0,4.2,25.3,1.79
335406,"Beans, Dry, Navy, 614 (0% moisture)",0.0,0.0,4.2,25.1,1.68
335407,"Beans, Dry, Navy, 252 (0% moisture)",0.0,0.0,4.2,22.6,1.48
335408,"Beans, Dry, Navy, 565 (0% moisture)",0.0,0.0,4.4,23.9,1.52
335409,"Beans, Dry, Navy, 277 (0% moisture)",0.0,0.0,4.3,25.3,1.49
335410,"Beans, Dry, Navy, 559 (0% moisture)",0.0,0.0,4.3,25.3,1.38
335411,"Beans, Dry, Navy, 216 (0% moisture)",0.0,0.0,4.2,20.2,1.7
335412,"Beans, Dry, Navy, 541 (0% moisture)",0.0,0.0,4.3,21.0,1.7
335413,"Beans, Dry, Navy, 312 (0% moisture)",0.0,0.0,4.2,21.9,1.49
335414,"Beans, Dry, Navy, 551 (0% moisture)",0.0,0.0,4.3,22.7,1.53
335415,"Beans, Dry, Navy, 257 (0% moisture)",0.0,0.0,4.2,22.5,1.6
335416,"Beans, Dry, Navy, 555 (0% moisture)",0.0,0.0,4.4,24.7,1.42
335417,"Beans, Dry, Navy, 308 (0% moisture)",0.0,0.0,4.3,24.5,1.44
335418,"Beans, Dry, Navy, 612 (0% moisture)",0.0,0.0,4.0,22.3,1.44
335419,"Beans, Dry, Navy (0% moisture)",0.0,0.0,4.3,24.1,1.51
335420,"Beans, Dry, Light Red Kidney, 11F-8186 (0% moisture)",0.0,0.0,4.5,25.0,1.03
335422,"Beans, Dry, Light Red Kidney (0% moisture)",0.0,0.0,4.5,25.0,1.03
335423,"Beans, Dry, Brown, 351 (0% moisture)",0.0,0.0,4.1,25.0,1.11
335424,"Beans, Dry, Brown, 679 (0% moisture)",0.0,0.0,4.1,26.1,1.12
335425,"Beans, Dry, Brown (0% moisture)",0.0,0.0,4.1,25.6,1.12
335426,"Beans, Dry, Flor de Mayo, 443 (0% moisture)",0.0,0.0,3.9,23.4,0.87
335427,"Beans, Dry, Flor de Mayo, 823 (0% moisture)",0.0,0.0,4.1,23.3,0.85
335428,"Beans, Dry, Flor de Mayo (0% moisture)",0.0,0.0,4.0,23.3,0.86
335429,"Beans, Dry, Carioca, 11F-8001 (0% moisture)",0.0,0.0,4.7,25.2,1.52
335430,"Beans, Dry, Carioca, 11F-8104 (0% moisture)",0.0,0.0,4.4,24.7,1.33
335431,"Beans, Dry, Carioca, 217 (0% moisture)",0.0,0.0,4.3,25.8,1.48
335432,"Beans, Dry, Carioca, 622 (0% moisture)",0.0,0.0,4.4,24.8,1.43
335433,"Beans, Dry, Carioca (0% moisture)",0.0,0.0,4.5,25.2,1.44
335434,"Beans, Dry, Tan, 11F-8005 (0% moisture)",0.0,0.0,4.7,27.6,1.34
335435,"Beans, Dry, Tan, 11F-8175 (0% moisture)",0.0,0.0,4.4,28.1,1.19
335436,"Beans, Dry, Tan, 11F-8042 (0% moisture)",0.0,0.0,4.3,25.4,0.98
335437,"Beans, Dry, Tan, 11F-8148 (0% moisture)",0.0,0.0,4.3,26.4,1.06
335438,"Beans, Dry, Tan, 302 (0% moisture)",0.0,0.0,4.4,27.5,1.21
335439,"Beans, Dry, Tan, 540 (0% moisture)",0.0,0.0,4.4,26.4,1.29
335440,"Beans, Dry, Tan, 231 (0% moisture)",0.0,0.0,4.2,26.6,1.06
335441,"Beans, Dry, Tan, 577 (0% moisture)",0.0,0.0,4.1,26.0,1.03
335442,"Beans, Dry, Tan (0% moisture)",0.0,0.0,4.4,26.8,1.14
335443,"Beans, Dry, Pinto, 11F-8006 (0% moisture)",0.0,0.0,4.6,23.8,1.23
335444,"Beans, Dry, Pinto, 11F-8106 (0% moisture)",0.0,0.0,4.4,24.0,0.98
335445,"Beans, Dry, Pinto, 11F-8091 (0% moisture)",0.0,0.0,4.5,26.3,1.34
335446,"Beans, Dry, Pinto, 11F-8147 (0% moisture)",0.0,0.0,4.5,26.6,1.18
335447,"Beans, Dry, Pinto, 11F-8075 (0% moisture)",0.0,0.0,4.7,22.7,1.14
335448,"Beans, Dry, Pinto, 11F-8157 (0% moisture)",0.0,0.0,4.3,23.7,0.97
335449,"Beans, Dry, Pinto, 11F-8096 (0% moisture)",0.0,0.0,4.2,24.4,1.47
335450,"Beans, Dry, Pinto, 11F-8191 (0% moisture)",0.0,0.0,4.3,24.5,1.13
335451,"Beans, Dry, Pinto, 11F-8012 (0% moisture)",0.0,0.0,4.3,27.1,1.18
335452,"Beans, Dry, Pinto, 11F-8170 (0% moisture)",0.0,0.0,4.4,27.0,1.36
335453,"Beans, Dry, Pinto, 11F-8099 (0% moisture)",0.0,0.0,4.6,27.3,1.33
335454,"Beans, Dry, Pinto, 11F-8114 (0% moisture)",0.0,0.0,4.1,29.2,1.58
335455,"Beans, Dry, Pinto, 11F-8024 (0% moisture)",0.0,0.0,4.2,24.3,1.42
335456,"Beans, Dry, Pinto, 11F-8151 (0% moisture)",0.0,0.0,4.2,25.3,1.25
335457,"Beans, Dry, Pinto, 11F-8081 (0% moisture)",0.0,0.0,4.2,24.0,1.33
335458,"Beans, Dry, Pinto, 11F-8133 (0% moisture)",0.0,0.0,4.6,24.5,1.18
335459,"Beans, Dry, Pinto, 11F-8035 (0% moisture)",0.0,0.0,4.3,22.3,1.07
335460,"Beans, Dry, Pinto, 11F-8164 (0% moisture)",0.0,0.0,4.6,23.5,1.35
335461,"Beans, Dry, Pinto, 11F-8048 (0% moisture)",0.0,0.0,4.6,25.6,1.16
335462,"Beans, Dry, Pinto, 11F-8144 (0% moisture)",0.0,0.0,4.8,25.6,1.35
335463,"Beans, Dry, Pinto, 11F-8088 (0% moisture)",0.0,0.0,4.6,24.3,1.09
335464,"Beans, Dry, Pinto, 11F-8159 (0% moisture)",0.0,0.0,4.4,23.9,1.36
335465,"Beans, Dry, Pinto, 11F-8069 (0% moisture)",0.0,0.0,4.3,24.3,1.25
335466,"Beans, Dry, Pinto, 11F-8101 (0% moisture)",0.0,0.0,3.9,24.6,1.0
335467,"Beans, Dry, Pinto, 11F-8089 (0% moisture)",0.0,0.0,4.2,25.2,1.2
335468,"Beans, Dry, Pinto, 11F-8167 (0% moisture)",0.0,0.0,4.2,24.2,1.21
335469,"Beans, Dry, Pinto, 11F-8094 (0% moisture)",0.0,0.0,4.4,23.8,1.03
335470,"Beans, Dry, Pinto, 11F-8121 (0% moisture)",0.0,0.0,4.1,24.4,1.11
335471,"Beans, Dry, Pinto, 11F-8049 (0% moisture)",0.0,0.0,4.3,24.7,1.19
335472,"Beans, Dry, Pinto, 11F-8176 (0% moisture)",0.0,0.0,4.7,25.4,1.13
335473,"Beans, Dry, Pinto, 11F-8095 (0% moisture)",0.0,0.0,4.3,24.3,1.09
335474,"Beans, Dry, Pinto, 11F-8173 (0% moisture)",0.0,0.0,4.1,24.8,1.25
335475,"Beans, Dry, Pinto, 11F-8038 (0% moisture)",0.0,0.0,4.0,24.5,1.4
335476,"Beans, Dry, Pinto, 11F-8196 (0% moisture)",0.0,0.0,4.4,24.7,1.53
335477,"Beans, Dry, Pinto, 11F-8047 (0% moisture)",0.0,0.0,4.3,27.3,1.3
335478,"Beans, Dry, Pinto, 11F-8108 (0% moisture)",0.0,0.0,4.6,27.5,1.33
335479,"Beans, Dry, Pinto, 11F-8031 (0% moisture)",0.0,0.0,4.6,22.2,1.49
335480,"Beans, Dry, Pinto, 11F-8120 (0% moisture)",0.0,0.0,4.3,23.4,1.63
335481,"Beans, Dry, Pinto, 11F-8078 (0% moisture)",0.0,0.0,4.7,22.4,1.29
335482,"Beans, Dry, Pinto, 11F-8100 (0% moisture)",0.0,0.0,4.5,21.8,1.34
335483,"Beans, Dry, Pinto, 11F-8032 (0% moisture)",0.0,0.0,4.1,22.0,1.12
335484,"Beans, Dry, Pinto, 11F-8109 (0% moisture)",0.0,0.0,4.3,23.2,1.13
335485,"Beans, Dry, Pinto, 11F-8037 (0% moisture)",0.0,0.0,4.3,20.6,1.49
335486,"Beans, Dry, Pinto, 11F-8182 (0% moisture)",0.0,0.0,4.2,21.7,1.19
335487,"Beans, Dry, Pinto, 11F-8054 (0% moisture)",0.0,0.0,4.5,24.2,1.25
335488,"Beans, Dry, Pinto, 11F-8181 (0% moisture)",0.0,0.0,4.3,25.4,1.37
335489,"Beans, Dry, Pinto, 11F-8055 (0% moisture)",0.0,0.0,4.2,22.1,1.25
335490,"Beans, Dry, Pinto, 11F-8166 (0% moisture)",0.0,0.0,4.5,22.9,1.33
335491,"Beans, Dry, Pinto, 11F-8079 (0% moisture)",0.0,0.0,4.2,22.4,0.96
335492,"Beans, Dry, Pinto, 11F-8118 (0% moisture)",0.0,0.0,4.4,24.0,1.36
335493,"Beans, Dry, Pinto, 11F-8026 (0% moisture)",0.0,0.0,4.6,24.9,1.14
335494,"Beans, Dry, Pinto, 11F-8103 (0% moisture)",0.0,0.0,4.1,25.2,1.2
335495,"Beans, Dry, Pinto, 11F-8070 (0% moisture)",0.0,0.0,4.4,25.4,1.24
335496,"Beans, Dry, Pinto, 11F-8198 (0% moisture)",0.0,0.0,4.3,24.9,1.06
335497,"Beans, Dry, Pinto, 11F-8083 (0% moisture)",0.0,0.0,4.2,23.7,1.32
335498,"Beans, Dry, Pinto, 11F-8126 (0% moisture)",0.0,0.0,4.6,24.2,1.05
335499,"Beans, Dry, Pinto, 11F-8076 (0% moisture)",0.0,0.0,4.4,24.7,1.11
335500,"Beans, Dry, Pinto, 11F-8178 (0% moisture)",0.0,0.0,4.3,25.3,1.18
335501,"Beans, Dry, Pinto, 11F-8065 (0% moisture)",0.0,0.0,4.5,22.3,0.97
335502,"Beans, Dry, Pinto, 11F-8102 (0% moisture)",0.0,0.0,4.4,22.6,1.26
335503,"Beans, Dry, Pinto, 11F-8072 (0% moisture)",0.0,0.0,4.3,23.4,1.19
335504,"Beans, Dry, Pinto, 11F-8189 (0% moisture)",0.0,0.0,4.2,21.8,0.94
335505,"Beans, Dry, Pinto, 465 (0% moisture)",0.0,0.0,4.5,29.4,1.27
335506,"Beans, Dry, Pinto, 761 (0% moisture)",0.0,0.0,4.5,27.6,1.13
335507,"Beans, Dry, Pinto, 435 (0% moisture)",0.0,0.0,3.9,23.2,1.04
335508,"Beans, Dry, Pinto, 743 (0% moisture)",0.0,0.0,4.0,21.8,1.18
335509,"Beans, Dry, Pinto, 326 (0% moisture)",0.0,0.0,3.8,20.3,1.38
335510,"Beans, Dry, Pinto, 667 (0% moisture)",0.0,0.0,3.7,19.6,1.28
335511,"Beans, Dry, Pinto, 365 (0% moisture)",0.0,0.0,3.7,22.1,1.22
335512,"Beans, Dry, Pinto, 696 (0% moisture)",0.0,0.0,3.9,21.6,1.3
335513,"Beans, Dry, Pinto, 334 (0% moisture)",0.0,0.0,3.8,20.5,1.41
335514,"Beans, Dry, Pinto, 684 (0% moisture)",0.0,0.0,3.9,21.7,1.32
335515,"Beans, Dry, Pinto, 360 (0% moisture)",0.0,0.0,3.9,22.2,1.2
335516,"Beans, Dry, Pinto, 784 (0% moisture)",0.0,0.0,4.1,24.6,1.12
335517,"Beans, Dry, Pinto, 436 (0% moisture)",0.0,0.0,3.9,22.0,1.09
335518,"Beans, Dry, Pinto, 825 (0% moisture)",0.0,0.0,4.1,24.0,1.03
335519,"Beans, Dry, Pinto, 377 (0% moisture)",0.0,0.0,3.8,22.0,1.31
335520,"Beans, Dry, Pinto, 805 (0% moisture)",0.0,0.0,3.9,23.1,1.2
335521,"Beans, Dry, Pinto, 462 (0% moisture)",0.0,0.0,4.4,26.0,1.18
335522,"Beans, Dry, Pinto, 633 (0% moisture)",0.0,0.0,4.5,25.0,1.13
335523,"Beans, Dry, Pinto, 270 (0% moisture)",0.0,0.0,4.4,25.1,1.13
335524,"Beans, Dry, Pinto, 442 (0% moisture)",0.0,0.0,4.2,25.0,1.17
335525,"Beans, Dry, Pinto, 591 (0% moisture)",0.0,0.0,4.3,26.4,1.15
335526,"Beans, Dry, Pinto, 814 (0% moisture)",0.0,0.0,4.4,26.6,1.16
335527,"Beans, Dry, Pinto, 503 (0% moisture)",0.0,0.0,3.7,23.8,1.18
335528,"Beans, Dry, Pinto, 676 (0% moisture)",0.0,0.0,3.9,22.2,1.08
335529,"Beans, Dry, Pinto, 356 (0% moisture)",0.0,0.0,4.2,24.5,1.43
335530,"Beans, Dry, Pinto, 816 (0% moisture)",0.0,0.0,4.4,24.8,1.26
335531,"Beans, Dry, Pinto, 218 (0% moisture)",0.0,0.0,3.9,21.2,1.46
335532,"Beans, Dry, Pinto, 563 (0% moisture)",0.0,0.0,4.0,23.7,1.21
335533,"Beans, Dry, Pinto, 366 (0% moisture)",0.0,0.0,4.0,23.7,1.52
335534,"Beans, Dry, Pinto, 717 (0% moisture)",0.0,0.0,4.0,23.9,1.27
335535,"Beans, Dry, Pinto, 437 (0% moisture)",0.0,0.0,3.8,24.6,1.44
335536,"Beans, Dry, Pinto, 657 (0% moisture)",0.0,0.0,4.0,24.7,1.33
335537,"Beans, Dry, Pinto, 456 (0% moisture)",0.0,0.0,3.8,23.7,1.26
335538,"Beans, Dry, Pinto, 700 (0% moisture)",0.0,0.0,4.0,23.4,1.28
335539,"Beans, Dry, Pinto, 394 (0% moisture)",0.0,0.0,4.2,25.5,1.44
335540,"Beans, Dry, Pinto, 735 (0% moisture)",0.0,0.0,4.2,26.7,1.48
335541,"Beans, Dry, Pinto, 391 (0% moisture)",0.0,0.0,4.1,25.1,1.36
335542,"Beans, Dry, Pinto, 702 (0% moisture)",0.0,0.0,4.4,26.1,1.4
335543,"Beans, Dry, Pinto, 361 (0% moisture)",0.0,0.0,4.1,22.5,1.74
335544,"Beans, Dry, Pinto, 747 (0% moisture)",0.0,0.0,4.2,22.9,1.63
335545,"Beans, Dry, Pinto, 358 (0% moisture)",0.0,0.0,3.7,20.0,1.25
335546,"Beans, Dry, Pinto, 720 (0% moisture)",0.0,0.0,3.8,21.6,1.2
335547,"Beans, Dry, Pinto, 398 (0% moisture)",0.0,0.0,4.1,27.7,1.21
335548,"Beans, Dry, Pinto, 765 (0% moisture)",0.0,0.0,4.3,25.4,1.32
335549,"Beans, Dry, Pinto, 516 (0% moisture)",0.0,0.0,4.1,26.3,1.09
335550,"Beans, Dry, Pinto, 776 (0% moisture)",0.0,0.0,3.9,21.8,1.34
335551,"Beans, Dry, Pinto, 389 (0% moisture)",0.0,0.0,4.0,21.3,1.17
335552,"Beans, Dry, Pinto, 736 (0% moisture)",0.0,0.0,4.0,23.2,1.04
335553,"Beans, Dry, Pinto, 452 (0% moisture)",0.0,0.0,3.7,23.0,0.99
335554,"Beans, Dry, Pinto, 728 (0% moisture)",0.0,0.0,3.9,22.4,1.11
335555,"Beans, Dry, Pinto, 497 (0% moisture)",0.0,0.0,4.0,25.4,1.29
335556,"Beans, Dry, Pinto, 715 (0% moisture)",0.0,0.0,3.8,21.0,1.42
335557,"Beans, Dry, Pinto, 373 (0% moisture)",0.0,0.0,4.3,25.9,1.43
335558,"Beans, Dry, Pinto, 821 (0% moisture)",0.0,0.0,4.5,26.9,1.44
335559,"Beans, Dry, Pinto, 479 (0% moisture)",0.0,0.0,3.8,23.3,1.36
335560,"Beans, Dry, Pinto, 734 (0% moisture)",0.0,0.0,3.9,23.7,1.38
335561,"Beans, Dry, Pinto, 368 (0% moisture)",0.0,0.0,3.7,23.1,1.21
335562,"Beans, Dry, Pinto, 640 (0% moisture)",0.0,0.0,3.7,23.0,1.12
335563,"Beans, Dry, Pinto, 510 (0% moisture)",0.0,0.0,4.0,25.6,1.19
335564,"Beans, Dry, Pinto, 718 (0% moisture)",0.0,0.0,4.0,23.9,1.22
335565,"Beans, Dry, Pinto, 426 (0% moisture)",0.0,0.0,3.8,24.8,1.13
335566,"Beans, Dry, Pinto, 783 (0% moisture)",0.0,0.0,4.1,23.2,1.29
335567,"Beans, Dry, Pinto, 498 (0% moisture)",0.0,0.0,4.1,24.5,1.2
335568,"Beans, Dry, Pinto, 634 (0% moisture)",0.0,0.0,4.1,20.3,1.4
335569,"Beans, Dry, Pinto, 427 (0% moisture)",0.0,0.0,4.0,21.9,1.24
335570,"Beans, Dry, Pinto, 695 (0% moisture)",0.0,0.0,4.0,21.1,1.35
335571,"Beans, Dry, Pinto, 382 (0% moisture)",0.0,0.0,3.8,22.0,1.11
335572,"Beans, Dry, Pinto, 661 (0% moisture)",0.0,0.0,3.9,20.9,1.14
335573,"Beans, Dry, Pinto, 464 (0% moisture)",0.0,0.0,4.0,22.0,1.33
335574,"Beans, Dry, Pinto, 770 (0% moisture)",0.0,0.0,4.0,22.3,1.32
335575,"Beans, Dry, Pinto, 455 (0% moisture)",0.0,0.0,4.2,24.5,1.18
335576,"Beans, Dry, Pinto, 639 (0% moisture)",0.0,0.0,3.9,21.5,1.31
335577,"Beans, Dry, Pinto, 469 (0% moisture)",0.0,0.0,3.9,22.9,1.01
335578,"Beans, Dry, Pinto, 758 (0% moisture)",0.0,0.0,3.9,24.4,0.97
335579,"Beans, Dry, Pinto, 355 (0% moisture)",0.0,0.0,3.7,19.9,1.18
335580,"Beans, Dry, Pinto, 632 (0% moisture)",0.0,0.0,3.7,18.8,1.22
335581,"Beans, Dry, Pinto, 511 (0% moisture)",0.0,0.0,4.0,25.1,1.02
335582,"Beans, Dry, Pinto, 815 (0% moisture)",0.0,0.0,4.0,22.8,1.13
335583,"Beans, Dry, Pinto, 325 (0% moisture)",0.0,0.0,3.8,20.8,1.15
335584,"Beans, Dry, Pinto, 751 (0% moisture)",0.0,0.0,3.9,23.3,1.1
335585,"Beans, Dry, Pinto, 349 (0% moisture)",0.0,0.0,4.1,23.8,1.34
335586,"Beans, Dry, Pinto, 714 (0% moisture)",0.0,0.0,4.2,25.1,1.34
335587,"Beans, Dry, Pinto, 408 (0% moisture)",0.0,0.0,4.0,24.9,1.4
335588,"Beans, Dry, Pinto, 711 (0% moisture)",0.0,0.0,4.2,24.9,1.4
335589,"Beans, Dry, Pinto, 480 (0% moisture)",0.0,0.0,4.1,25.4,1.18
335590,"Beans, Dry, Pinto, 808 (0% moisture)",0.0,0.0,4.2,25.7,1.28
335591,"Beans, Dry, Pinto, 499 (0% moisture)",0.0,0.0,4.1,23.6,1.48
335592,"Beans, Dry, Pinto, 710 (0% moisture)",0.0,0.0,4.2,24.7,1.41
335593,"Beans, Dry, Pinto, 343 (0% moisture)",0.0,0.0,4.0,25.0,1.06
335594,"Beans, Dry, Pinto, 764 (0% moisture)",0.0,0.0,4.0,25.0,1.06
335595,"Beans, Dry, Pinto, 468 (0% moisture)",0.0,0.0,4.4,30.8,1.24
335596,"Beans, Dry, Pinto, 773 (0% moisture)",0.0,0.0,4.2,27.9,1.22
335597,"Beans, Dry, Pinto, 371 (0% moisture)",0.0,0.0,4.0,25.9,1.29
335598,"Beans, Dry, Pinto, 669 (0% moisture)",0.0,0.0,4.2,26.4,1.17
335599,"Beans, Dry, Pinto, 421 (0% moisture)",0.0,0.0,4.0,23.2,1.16
335600,"Beans, Dry, Pinto, 663 (0% moisture)",0.0,0.0,4.1,22.0,1.28
335601,"Beans, Dry, Pinto, 340 (0% moisture)",0.0,0.0,4.2,25.2,1.25
335602,"Beans, Dry, Pinto, 704 (0% moisture)",0.0,0.0,4.5,26.8,1.06
335603,"Beans, Dry, Pinto, 362 (0% moisture)",0.0,0.0,3.8,22.8,1.23
335604,"Beans, Dry, Pinto, 665 (0% moisture)",0.0,0.0,3.9,21.6,1.18
335605,"Beans, Dry, Pinto, 432 (0% moisture)",0.0,0.0,4.2,27.5,1.03
335606,"Beans, Dry, Pinto, 787 (0% moisture)",0.0,0.0,4.2,29.4,1.0
335607,"Beans, Dry, Pinto, 336 (0% moisture)",0.0,0.0,4.2,26.4,1.34
335608,"Beans, Dry, Pinto, 793 (0% moisture)",0.0,0.0,4.4,28.5,1.17
335609,"Beans, Dry, Pinto, 466 (0% moisture)",0.0,0.0,4.1,25.7,1.04
335610,"Beans, Dry, Pinto, 820 (0% moisture)",0.0,0.0,4.1,24.7,0.9
335611,"Beans, Dry, Pinto, 450 (0% moisture)",0.0,0.0,3.8,22.4,0.95
335612,"Beans, Dry, Pinto, 801 (0% moisture)",0.0,0.0,3.9,24.1,0.95
335613,"Beans, Dry, Pinto, 484 (0% moisture)",0.0,0.0,4.0,24.0,0.98
335614,"Beans, Dry, Pinto, 729 (0% moisture)",0.0,0.0,3.9,23.5,1.02
335615,"Beans, Dry, Pinto, 322 (0% moisture)",0.0,0.0,3.8,20.9,1.23
335616,"Beans, Dry, Pinto, 678 (0% moisture)",0.0,0.0,3.9,22.0,1.11
335617,"Beans, Dry, Pinto, 494 (0% moisture)",0.0,0.0,4.0,25.1,1.02
335618,"Beans, Dry, Pinto, 809 (0% moisture)",0.0,0.0,4.0,25.3,0.98
335619,"Beans, Dry, Pinto, 496 (0% moisture)",0.0,0.0,4.0,23.9,0.88
335620,"Beans, Dry, Pinto, 727 (0% moisture)",0.0,0.0,3.8,21.6,0.95
335621,"Beans, Dry, Pinto, 482 (0% moisture)",0.0,0.0,3.9,20.3,1.23
335622,"Beans, Dry, Pinto, 647 (0% moisture)",0.0,0.0,3.8,21.5,1.16
335623,"Beans, Dry, Pinto, 513 (0% moisture)",0.0,0.0,4.1,23.9,0.96
335624,"Beans, Dry, Pinto, 660 (0% moisture)",0.0,0.0,3.8,20.7,1.07
335625,"Beans, Dry, Pinto, 489 (0% moisture)",0.0,0.0,3.9,20.2,1.4
335626,"Beans, Dry, Pinto, 738 (0% moisture)",0.0,0.0,3.8,21.6,1.29
335627,"Beans, Dry, Pinto, 492 (0% moisture)",0.0,0.0,4.2,24.5,1.4
335628,"Beans, Dry, Pinto, 650 (0% moisture)",0.0,0.0,4.1,22.6,1.55
335629,"Beans, Dry, Pinto, 463 (0% moisture)",0.0,0.0,4.1,25.5,1.31
335630,"Beans, Dry, Pinto, 653 (0% moisture)",0.0,0.0,3.8,20.6,0.83
335631,"Beans, Dry, Pinto, 440 (0% moisture)",0.0,0.0,3.8,21.1,1.53
335632,"Beans, Dry, Pinto, 709 (0% moisture)",0.0,0.0,3.9,22.0,1.43
335633,"Beans, Dry, Pinto, 517 (0% moisture)",0.0,0.0,4.1,25.4,1.35
335634,"Beans, Dry, Pinto, 724 (0% moisture)",0.0,0.0,4.2,25.6,1.35
335635,"Beans, Dry, Pinto, 454 (0% moisture)",0.0,0.0,3.9,22.7,1.29
335636,"Beans, Dry, Pinto, 812 (0% moisture)",0.0,0.0,4.0,22.4,1.39
335637,"Beans, Dry, Pinto, 353 (0% moisture)",0.0,0.0,3.9,22.0,1.45
335638,"Beans, Dry, Pinto, 692 (0% moisture)",0.0,0.0,3.9,20.7,1.55
335639,"Beans, Dry, Pinto, 506 (0% moisture)",0.0,0.0,4.2,27.8,1.33
335640,"Beans, Dry, Pinto, 642 (0% moisture)",0.0,0.0,4.0,21.9,1.41
335641,"Beans, Dry, Pinto, 420 (0% moisture)",0.0,0.0,4.0,23.1,1.15
335642,"Beans, Dry, Pinto, 795 (0% moisture)",0.0,0.0,4.1,23.3,1.21
335643,"Beans, Dry, Pinto, 224 (0% moisture)",0.0,0.0,4.0,22.3,1.45
335644,"Beans, Dry, Pinto, 413 (0% moisture)",0.0,0.0,4.0,23.1,1.35
335645,"Beans, Dry, Pinto, 621 (0% moisture)",0.0,0.0,4.1,25.2,1.35
335646,"Beans, Dry, Pinto, 744 (0% moisture)",0.0,0.0,4.0,24.2,1.28
335647,"Beans, Dry, Pinto, 451 (0% moisture)",0.0,0.0,4.1,24.0,1.12
335648,"Beans, Dry, Pinto, 691 (0% moisture)",0.0,0.0,4.1,23.7,1.31
335649,"Beans, Dry, Pinto, 512 (0% moisture)",0.0,0.0,4.2,25.7,1.37
335650,"Beans, Dry, Pinto, 749 (0% moisture)",0.0,0.0,4.2,24.9,1.25
335651,"Beans, Dry, Pinto, 388 (0% moisture)",0.0,0.0,4.0,24.1,1.2
335652,"Beans, Dry, Pinto, 659 (0% moisture)",0.0,0.0,3.9,22.1,1.24
335653,"Beans, Dry, Pinto, 352 (0% moisture)",0.0,0.0,4.2,24.5,1.33
335654,"Beans, Dry, Pinto, 802 (0% moisture)",0.0,0.0,4.2,24.8,1.29
335655,"Beans, Dry, Pinto, 416 (0% moisture)",0.0,0.0,4.0,26.1,1.2
335656,"Beans, Dry, Pinto, 754 (0% moisture)",0.0,0.0,3.9,22.7,1.37
335657,"Beans, Dry, Pinto, 333 (0% moisture)",0.0,0.0,3.9,22.3,1.2
335658,"Beans, Dry, Pinto, 643 (0% moisture)",0.0,0.0,4.0,22.6,1.16
335659,"Beans, Dry, Pinto, 425 (0% moisture)",0.0,0.0,4.2,26.3,1.19
335660,"Beans, Dry, Pinto, 708 (0% moisture)",0.0,0.0,4.1,25.5,1.26
335661,"Beans, Dry, Pinto, 367 (0% moisture)",0.0,0.0,4.2,23.3,1.3
335662,"Beans, Dry, Pinto, 807 (0% moisture)",0.0,0.0,4.3,25.1,1.15
335663,"Beans, Dry, Pinto, 324 (0% moisture)",0.0,0.0,3.7,19.1,1.26
335664,"Beans, Dry, Pinto, 668 (0% moisture)",0.0,0.0,3.7,19.6,1.27
335665,"Beans, Dry, Pinto, 397 (0% moisture)",0.0,0.0,3.9,23.8,1.29
335666,"Beans, Dry, Pinto, 733 (0% moisture)",0.0,0.0,3.5,19.8,1.23
335667,"Beans, Dry, Pinto, 414 (0% moisture)",0.0,0.0,4.2,25.0,1.4
335668,"Beans, Dry, Pinto, 671 (0% moisture)",0.0,0.0,3.8,21.0,1.33
335669,"Beans, Dry, Pinto, 428 (0% moisture)",0.0,0.0,3.8,20.8,1.25
335670,"Beans, Dry, Pinto, 681 (0% moisture)",0.0,0.0,3.8,21.3,1.15
335671,"Beans, Dry, Pinto, 459 (0% moisture)",0.0,0.0,3.7,20.6,1.28
335672,"Beans, Dry, Pinto, 775 (0% moisture)",0.0,0.0,3.8,20.7,1.32
335673,"Beans, Dry, Pinto, 390 (0% moisture)",0.0,0.0,3.9,22.3,1.17
335674,"Beans, Dry, Pinto, 631 (0% moisture)",0.0,0.0,3.8,21.4,1.13
335675,"Beans, Dry, Pinto, 410 (0% moisture)",0.0,0.0,4.1,24.4,1.31
335676,"Beans, Dry, Pinto, 782 (0% moisture)",0.0,0.0,4.0,23.8,1.3
335677,"Beans, Dry, Pinto, 381 (0% moisture)",0.0,0.0,4.1,21.9,1.24
335678,"Beans, Dry, Pinto, 781 (0% moisture)",0.0,0.0,4.0,23.4,1.2
335679,"Beans, Dry, Pinto, 515 (0% moisture)",0.0,0.0,4.3,26.1,1.03
335680,"Beans, Dry, Pinto, 740 (0% moisture)",0.0,0.0,4.1,24.5,1.11
335681,"Beans, Dry, Pinto, 383 (0% moisture)",0.0,0.0,4.2,22.6,1.14
335682,"Beans, Dry, Pinto, 810 (0% moisture)",0.0,0.0,4.1,23.7,1.23
335683,"Beans, Dry, Pinto, 520 (0% moisture)",0.0,0.0,4.0,23.2,1.34
335684,"Beans, Dry, Pinto, 686 (0% moisture)",0.0,0.0,3.8,22.3,1.31
335685,"Beans, Dry, Pinto, 372 (0% moisture)",0.0,0.0,3.8,22.0,1.46
335686,"Beans, Dry, Pinto, 791 (0% moisture)",0.0,0.0,3.8,22.9,1.32
335687,"Beans, Dry, Pinto, 475 (0% moisture)",0.0,0.0,4.2,26.6,1.13
335688,"Beans, Dry, Pinto, 677 (0% moisture)",0.0,0.0,4.0,25.1,1.19
335689,"Beans, Dry, Pinto, 329 (0% moisture)",0.0,0.0,3.8,22.1,1.55
335690,"Beans, Dry, Pinto, 682 (0% moisture)",0.0,0.0,3.8,22.2,1.47
335691,"Beans, Dry, Pinto, 393 (0% moisture)",0.0,0.0,3.8,23.2,1.13
335692,"Beans, Dry, Pinto, 705 (0% moisture)",0.0,0.0,3.8,23.8,1.14
335693,"Beans, Dry, Pinto, 328 (0% moisture)",0.0,0.0,3.6,22.9,1.09
335694,"Beans, Dry, Pinto, 630 (0% moisture)",0.0,0.0,3.7,21.5,1.16
335695,"Beans, Dry, Pinto (0% moisture)",0.0,0.0,4.1,23.7,1.24
335696,"Beans, Dry, Small Red, 11F-8014 (0% moisture)",0.0,0.0,4.3,23.2,1.46
335697,"Beans, Dry, Small Red, 11F-8142 (0% moisture)",0.0,0.0,4.8,24.5,1.0
335698,"Beans, Dry, Small Red, 11F-8021 (0% moisture)",0.0,0.0,4.4,23.1,1.35
335699,"Beans, Dry, Small Red, 11F-8111 (0% moisture)",0.0,0.0,4.4,22.4,1.01
335700,"Beans, Dry, Small Red, 11F-8009 (0% moisture)",0.0,0.0,4.3,24.2,1.26
335701,"Beans, Dry, Small Red, 11F-8153 (0% moisture)",0.0,0.0,4.5,23.8,1.3
335702,"Beans, Dry, Small Red, 11F-8017 (0% moisture)",0.0,0.0,4.3,24.6,1.6
335703,"Beans, Dry, Small Red, 11F-8169 (0% moisture)",0.0,0.0,4.3,25.5,1.34
335704,"Beans, Dry, Small Red, 11F-8073 (0% moisture)",0.0,0.0,4.2,22.4,1.33
335705,"Beans, Dry, Small Red, 11F-8154 (0% moisture)",0.0,0.0,4.3,23.9,1.19
335706,"Beans, Dry, Small Red, 11F-8011 (0% moisture)",0.0,0.0,4.4,23.5,1.08
335707,"Beans, Dry, Small Red, 11F-8115 (0% moisture)",0.0,0.0,4.5,24.3,1.13
335708,"Beans, Dry, Small Red, 11F-8050 (0% moisture)",0.0,0.0,4.2,25.6,1.0
335709,"Beans, Dry, Small Red, 11F-8161 (0% moisture)",0.0,0.0,4.5,25.7,1.28
335710,"Beans, Dry, Small Red, 11F-8033 (0% moisture)",0.0,0.0,4.1,24.2,1.13
335711,"Beans, Dry, Small Red, 11F-8199 (0% moisture)",0.0,0.0,4.2,24.9,1.04
335712,"Beans, Dry, Small Red, 11F-8056 (0% moisture)",0.0,0.0,4.0,23.6,1.34
335713,"Beans, Dry, Small Red, 11F-8137 (0% moisture)",0.0,0.0,4.3,23.7,1.11
335714,"Beans, Dry, Small Red, 400 (0% moisture)",0.0,0.0,3.9,22.2,1.16
335715,"Beans, Dry, Small Red, 772 (0% moisture)",0.0,0.0,4.1,21.9,1.27
335716,"Beans, Dry, Small Red, 470 (0% moisture)",0.0,0.0,4.2,23.5,1.38
335717,"Beans, Dry, Small Red, 798 (0% moisture)",0.0,0.0,4.2,25.4,1.37
335718,"Beans, Dry, Small Red, 431 (0% moisture)",0.0,0.0,4.0,22.7,1.67
335719,"Beans, Dry, Small Red, 813 (0% moisture)",0.0,0.0,4.1,23.2,1.53
335720,"Beans, Dry, Small Red, 505 (0% moisture)",0.0,0.0,4.1,24.6,1.51
335721,"Beans, Dry, Small Red, 731 (0% moisture)",0.0,0.0,4.0,22.3,1.63
335722,"Beans, Dry, Small Red, 509 (0% moisture)",0.0,0.0,4.1,22.8,1.32
335723,"Beans, Dry, Small Red, 690 (0% moisture)",0.0,0.0,4.2,24.8,1.12
335724,"Beans, Dry, Small Red, 500 (0% moisture)",0.0,0.0,4.1,25.2,1.32
335725,"Beans, Dry, Small Red, 769 (0% moisture)",0.0,0.0,4.2,24.8,1.22
335726,"Beans, Dry, Small Red, 417 (0% moisture)",0.0,0.0,4.0,27.4,1.24
335727,"Beans, Dry, Small Red, 674 (0% moisture)",0.0,0.0,4.3,27.9,1.1
335728,"Beans, Dry, Small Red, 409 (0% moisture)",0.0,0.0,4.1,24.2,1.45
335729,"Beans, Dry, Small Red, 806 (0% moisture)",0.0,0.0,4.2,25.6,1.29
335730,"Beans, Dry, Small Red, 419 (0% moisture)",0.0,0.0,4.1,28.4,1.19
335731,"Beans, Dry, Small Red, 799 (0% moisture)",0.0,0.0,4.3,28.2,1.13
335732,"Beans, Dry, Small Red, 344 (0% moisture)",0.0,0.0,4.2,24.9,1.41
335733,"Beans, Dry, Small Red, 698 (0% moisture)",0.0,0.0,4.2,23.5,1.39
335734,"Beans, Dry, Small Red, 376 (0% moisture)",0.0,0.0,4.1,23.2,1.61
335735,"Beans, Dry, Small Red, 685 (0% moisture)",0.0,0.0,4.2,22.9,1.39
335736,"Beans, Dry, Small Red, 491 (0% moisture)",0.0,0.0,4.1,22.8,1.57
335737,"Beans, Dry, Small Red, 673 (0% moisture)",0.0,0.0,4.3,23.0,1.47
335738,"Beans, Dry, Small Red, 357 (0% moisture)",0.0,0.0,4.0,25.2,1.44
335739,"Beans, Dry, Small Red, 760 (0% moisture)",0.0,0.0,4.1,25.8,1.35
335740,"Beans, Dry, Small Red, 240 (0% moisture)",0.0,0.0,3.9,20.2,1.6
335741,"Beans, Dry, Small Red, 330 (0% moisture)",0.0,0.0,3.9,20.7,1.58
335742,"Beans, Dry, Small Red, 606 (0% moisture)",0.0,0.0,4.0,23.0,1.5
335743,"Beans, Dry, Small Red, 797 (0% moisture)",0.0,0.0,3.9,20.8,1.62
335744,"Beans, Dry, Small Red, 488 (0% moisture)",0.0,0.0,4.1,26.4,1.03
335745,"Beans, Dry, Small Red, 722 (0% moisture)",0.0,0.0,4.2,24.5,1.15
335746,"Beans, Dry, Small Red, 473 (0% moisture)",0.0,0.0,4.1,23.7,0.98
335747,"Beans, Dry, Small Red, 804 (0% moisture)",0.0,0.0,4.1,23.3,1.05
335748,"Beans, Dry, Small Red, 405 (0% moisture)",0.0,0.0,4.0,21.6,1.17
335749,"Beans, Dry, Small Red, 755 (0% moisture)",0.0,0.0,4.0,22.0,1.18
335750,"Beans, Dry, Small Red, 487 (0% moisture)",0.0,0.0,4.1,22.9,1.25
335751,"Beans, Dry, Small Red, 646 (0% moisture)",0.0,0.0,4.0,22.0,1.27
335752,"Beans, Dry, Small Red, 508 (0% moisture)",0.0,0.0,4.0,23.3,1.08
335753,"Beans, Dry, Small Red, 670 (0% moisture)",0.0,0.0,4.0,23.0,1.16
335754,"Beans, Dry, Small Red, 374 (0% moisture)",0.0,0.0,3.8,22.0,1.18
335755,"Beans, Dry, Small Red, 746 (0% moisture)",0.0,0.0,3.9,22.3,1.26
335756,"Beans, Dry, Small Red, 370 (0% moisture)",0.0,0.0,4.1,22.7,1.22
335757,"Beans, Dry, Small Red, 786 (0% moisture)",0.0,0.0,4.2,22.3,1.2
335758,"Beans, Dry, Small Red, 347 (0% moisture)",0.0,0.0,3.9,21.5,1.21
335759,"Beans, Dry, Small Red, 649 (0% moisture)",0.0,0.0,3.7,21.5,1.11
335760,"Beans, Dry, Small Red, 403 (0% moisture)",0.0,0.0,4.0,22.4,1.33
335761,"Beans, Dry, Small Red, 759 (0% moisture)",0.0,0.0,4.1,24.0,1.13
335762,"Beans, Dry, Small Red, 332 (0% moisture)",0.0,0.0,4.0,21.6,1.05
335763,"Beans, Dry, Small Red, 635 (0% moisture)",0.0,0.0,4.0,21.0,1.02
335764,"Beans, Dry, Small Red, 493 (0% moisture)",0.0,0.0,3.9,20.7,1.29
335765,"Beans, Dry, Small Red, 811 (0% moisture)",0.0,0.0,4.1,23.5,1.19
335766,"Beans, Dry, Small Red, 439 (0% moisture)",0.0,0.0,3.9,20.5,1.28
335767,"Beans, Dry, Small Red, 774 (0% moisture)",0.0,0.0,4.0,24.6,1.06
335768,"Beans, Dry, Small Red, 369 (0% moisture)",0.0,0.0,4.4,24.1,1.62
335769,"Beans, Dry, Small Red, 785 (0% moisture)",0.0,0.0,4.5,25.0,1.62
335770,"Beans, Dry, Small Red, 471 (0% moisture)",0.0,0.0,3.8,20.8,1.26
335771,"Beans, Dry, Small Red, 757 (0% moisture)",0.0,0.0,3.8,22.3,1.23
335772,"Beans, Dry, Small Red, 323 (0% moisture)",0.0,0.0,4.1,22.6,1.46
335773,"Beans, Dry, Small Red, 703 (0% moisture)",0.0,0.0,4.0,23.9,1.4
335774,"Beans, Dry, Small Red (0% moisture)",0.0,0.0,4.1,23.5,1.28
335775,"Beans, Dry, Medium Red, 490 (0% moisture)",0.0,0.0,4.3,26.0,1.01
335776,"Beans, Dry, Medium Red, 756 (0% moisture)",0.0,0.0,4.3,24.9,1.07
335777,"Beans, Dry, Medium Red (0% moisture)",0.0,0.0,4.3,25.5,1.04
335778,"Beans, Dry, Cranberry, 11F-8022 (0% moisture)",0.0,0.0,4.4,22.7,1.32
335779,"Beans, Dry, Cranberry, 11F-8131 (0% moisture)",0.0,0.0,4.6,25.5,1.03
335780,"Beans, Dry, Cranberry, 378 (0% moisture)",0.0,0.0,4.2,24.0,1.33
335781,"Beans, Dry, Cranberry, 750 (0% moisture)",0.0,0.0,4.2,25.2,1.24
335782,"Beans, Dry, Cranberry (0% moisture)",0.0,0.0,4.3,24.4,1.23
335783,"Beans, Dry, Light Tan, 11F-8086 (0% moisture)",0.0,0.0,4.3,24.4,1.22
335784,"Beans, Dry, Light Tan, 11F-8174 (0% moisture)",0.0,0.0,4.4,24.7,1.33
335785,"Beans, Dry, Light Tan (0% moisture)",0.0,0.0,4.3,24.6,1.28
335786,"Beans, Dry, Black, 11F-8045 (0% moisture)",0.0,0.0,4.4,26.2,1.62
335787,"Beans, Dry, Black, 11F-8177 (0% moisture)",0.0,0.0,4.1,26.2,0.92
335788,"Beans, Dry, Black, 11F-8036 (0% moisture)",0.0,0.0,4.1,23.2,1.07
335789,"Beans, Dry, Black, 11F-8122 (0% moisture)",0.0,0.0,4.3,24.2,1.08
335790,"Beans, Dry, Black, 11F-8003 (0% moisture)",0.0,0.0,4.6,23.9,1.67
335791,"Beans, Dry, Black, 11F-8117 (0% moisture)",0.0,0.0,4.3,25.1,1.28
335792,"Beans, Dry, Black, 11F-8016 (0% moisture)",0.0,0.0,4.6,21.7,1.55
335793,"Beans, Dry, Black, 11F-8112 (0% moisture)",0.0,0.0,4.4,21.9,1.33
335794,"Beans, Dry, Black, 11F-8013 (0% moisture)",0.0,0.0,4.5,26.0,1.11
335795,"Beans, Dry, Black, 11F-8180 (0% moisture)",0.0,0.0,4.6,25.8,1.54
335796,"Beans, Dry, Black, 11F-8039 (0% moisture)",0.0,0.0,4.2,25.7,1.28
335797,"Beans, Dry, Black, 11F-8116 (0% moisture)",0.0,0.0,4.2,26.0,1.15
335798,"Beans, Dry, Black, 11F-8023 (0% moisture)",0.0,0.0,4.3,23.1,1.32
335799,"Beans, Dry, Black, 11F-8168 (0% moisture)",0.0,0.0,4.1,24.0,1.04
335800,"Beans, Dry, Black, 11F-8062 (0% moisture)",0.0,0.0,4.7,24.3,1.29
335801,"Beans, Dry, Black, 11F-8150 (0% moisture)",0.0,0.0,4.4,24.4,1.12
335802,"Beans, Dry, Black, 11F-8046 (0% moisture)",0.0,0.0,4.2,24.6,1.23
335803,"Beans, Dry, Black, 11F-8146 (0% moisture)",0.0,0.0,4.8,26.0,1.05
335804,"Beans, Dry, Black, 11F-8000 (0% moisture)",0.0,0.0,4.1,26.1,1.45
335805,"Beans, Dry, Black, 11F-8129 (0% moisture)",0.0,0.0,4.5,24.6,0.96
335806,"Beans, Dry, Black, 11F-8044 (0% moisture)",0.0,0.0,4.4,23.5,1.49
335807,"Beans, Dry, Black, 11F-8158 (0% moisture)",0.0,0.0,4.2,24.9,0.97
335808,"Beans, Dry, Black, 11F-8029 (0% moisture)",0.0,0.0,4.6,24.8,1.75
335809,"Beans, Dry, Black, 11F-8119 (0% moisture)",0.0,0.0,4.2,25.3,1.37
335810,"Beans, Dry, Black, 11F-8002 (0% moisture)",0.0,0.0,4.6,25.2,1.35
335811,"Beans, Dry, Black, 11F-8135 (0% moisture)",0.0,0.0,4.5,25.1,1.06
335812,"Beans, Dry, Black, 11F-8020 (0% moisture)",0.0,0.0,4.3,25.8,1.11
335813,"Beans, Dry, Black, 11F-8140 (0% moisture)",0.0,0.0,4.8,26.3,1.14
335814,"Beans, Dry, Black, 11F-8015 (0% moisture)",0.0,0.0,4.6,24.0,1.46
335815,"Beans, Dry, Black, 11F-8123 (0% moisture)",0.0,0.0,4.2,23.6,1.44
335816,"Beans, Dry, Black, 348 (0% moisture)",0.0,0.0,4.0,26.0,1.05
335817,"Beans, Dry, Black, 737 (0% moisture)",0.0,0.0,4.1,26.3,1.08
335818,"Beans, Dry, Black, 298 (0% moisture)",0.0,0.0,4.2,24.5,1.45
335819,"Beans, Dry, Black, 533 (0% moisture)",0.0,0.0,4.2,23.4,1.45
335820,"Beans, Dry, Black, 331 (0% moisture)",0.0,0.0,3.9,23.7,1.32
335821,"Beans, Dry, Black, 745 (0% moisture)",0.0,0.0,4.1,23.8,1.34
335822,"Beans, Dry, Black, 244 (0% moisture)",0.0,0.0,4.2,24.9,1.6
335823,"Beans, Dry, Black, 604 (0% moisture)",0.0,0.0,4.4,25.2,1.51
335824,"Beans, Dry, Black, 250 (0% moisture)",0.0,0.0,4.0,23.6,1.55
335825,"Beans, Dry, Black, 583 (0% moisture)",0.0,0.0,4.2,24.7,1.44
335826,"Beans, Dry, Black, 269 (0% moisture)",0.0,0.0,4.2,23.7,1.53
335827,"Beans, Dry, Black, 566 (0% moisture)",0.0,0.0,4.2,24.3,1.45
335828,"Beans, Dry, Black, 296 (0% moisture)",0.0,0.0,3.9,24.9,1.34
335829,"Beans, Dry, Black, 611 (0% moisture)",0.0,0.0,4.3,25.8,1.18
335830,"Beans, Dry, Black, 276 (0% moisture)",0.0,0.0,4.1,24.4,1.54
335831,"Beans, Dry, Black, 624 (0% moisture)",0.0,0.0,4.3,24.8,1.4
335832,"Beans, Dry, Black, 303 (0% moisture)",0.0,0.0,4.0,23.6,1.57
335833,"Beans, Dry, Black, 617 (0% moisture)",0.0,0.0,4.0,23.9,1.41
335834,"Beans, Dry, Black, 221 (0% moisture)",0.0,0.0,4.1,25.3,1.68
335835,"Beans, Dry, Black, 602 (0% moisture)",0.0,0.0,4.1,25.0,1.57
335836,"Beans, Dry, Black, 305 (0% moisture)",0.0,0.0,4.2,23.9,1.96
335837,"Beans, Dry, Black, 553 (0% moisture)",0.0,0.0,4.1,25.4,1.7
335838,"Beans, Dry, Black, 304 (0% moisture)",0.0,0.0,4.1,24.4,1.92
335839,"Beans, Dry, Black, 601 (0% moisture)",0.0,0.0,4.2,25.8,1.91
335840,"Beans, Dry, Black, 274 (0% moisture)",0.0,0.0,4.0,24.0,1.33
335841,"Beans, Dry, Black, 526 (0% moisture)",0.0,0.0,3.9,24.0,1.26
335842,"Beans, Dry, Black, 232 (0% moisture)",0.0,0.0,3.8,23.7,1.4
335843,"Beans, Dry, Black, 534 (0% moisture)",0.0,0.0,4.0,23.3,1.41
335844,"Beans, Dry, Black, 219 (0% moisture)",0.0,0.0,4.1,21.4,1.64
335845,"Beans, Dry, Black, 580 (0% moisture)",0.0,0.0,4.0,23.1,1.4
335846,"Beans, Dry, Black, 254 (0% moisture)",0.0,0.0,4.1,22.9,1.55
335847,"Beans, Dry, Black, 542 (0% moisture)",0.0,0.0,4.1,24.0,1.42
335848,"Beans, Dry, Black, 424 (0% moisture)",0.0,0.0,4.1,23.9,1.49
335849,"Beans, Dry, Black, 267 (0% moisture)",0.0,0.0,4.1,24.3,1.43
335850,"Beans, Dry, Black, 767 (0% moisture)",0.0,0.0,4.0,24.8,1.32
335851,"Beans, Dry, Black, 569 (0% moisture)",0.0,0.0,4.0,24.5,1.38
335852,"Beans, Dry, Black, 249 (0% moisture)",0.0,0.0,4.0,24.8,1.62
335853,"Beans, Dry, Black, 590 (0% moisture)",0.0,0.0,4.1,25.6,1.53
335854,"Beans, Dry, Black, 282 (0% moisture)",0.0,0.0,4.1,23.1,1.44
335855,"Beans, Dry, Black, 597 (0% moisture)",0.0,0.0,4.1,25.4,1.28
335856,"Beans, Dry, Black, 247 (0% moisture)",0.0,0.0,4.1,24.4,1.26
335857,"Beans, Dry, Black, 619 (0% moisture)",0.0,0.0,4.3,26.2,1.18
335858,"Beans, Dry, Black, 222 (0% moisture)",0.0,0.0,4.1,21.7,1.75
335859,"Beans, Dry, Black, 608 (0% moisture)",0.0,0.0,4.2,23.5,1.68
335860,"Beans, Dry, Black, 225 (0% moisture)",0.0,0.0,3.9,23.7,1.26
335861,"Beans, Dry, Black, 573 (0% moisture)",0.0,0.0,3.9,25.4,1.14
335862,"Beans, Dry, Black, 248 (0% moisture)",0.0,0.0,4.1,22.6,1.86
335863,"Beans, Dry, Black, 607 (0% moisture)",0.0,0.0,4.3,23.9,1.78
335864,"Beans, Dry, Black, 223 (0% moisture)",0.0,0.0,4.1,23.0,1.78
335865,"Beans, Dry, Black, 522 (0% moisture)",0.0,0.0,4.1,23.5,1.79
335866,"Beans, Dry, Black, 314 (0% moisture)",0.0,0.0,4.2,21.8,1.57
335867,"Beans, Dry, Black, 531 (0% moisture)",0.0,0.0,4.1,21.6,1.57
335868,"Beans, Dry, Black, 215 (0% moisture)",0.0,0.0,4.0,23.7,2.0
335869,"Beans, Dry, Black, 615 (0% moisture)",0.0,0.0,4.2,25.1,1.86
335870,"Beans, Dry, Black, 310 (0% moisture)",0.0,0.0,4.2,24.8,2.01
335871,"Beans, Dry, Black, 536 (0% moisture)",0.0,0.0,4.1,23.5,1.97
335872,"Beans, Dry, Black, 318 (0% moisture)",0.0,0.0,4.2,23.6,1.58
335873,"Beans, Dry, Black, 537 (0% moisture)",0.0,0.0,4.3,23.4,1.69
335874,"Beans, Dry, Black, 271 (0% moisture)",0.0,0.0,3.9,25.6,1.44
335875,"Beans, Dry, Black, 545 (0% moisture)",0.0,0.0,3.8,24.4,1.38
335876,"Beans, Dry, Black, 278 (0% moisture)",0.0,0.0,4.3,25.6,1.68
335877,"Beans, Dry, Black, 552 (0% moisture)",0.0,0.0,4.4,25.5,1.68
335878,"Beans, Dry, Black, 266 (0% moisture)",0.0,0.0,4.2,25.9,1.41
335879,"Beans, Dry, Black, 550 (0% moisture)",0.0,0.0,4.1,25.0,1.31
335880,"Beans, Dry, Black, 288 (0% moisture)",0.0,0.0,4.2,24.4,1.44
335881,"Beans, Dry, Black, 572 (0% moisture)",0.0,0.0,4.2,25.8,1.33
335882,"Beans, Dry, Black, 301 (0% moisture)",0.0,0.0,4.1,25.0,1.01
335883,"Beans, Dry, Black, 575 (0% moisture)",0.0,0.0,4.1,26.8,0.93
335884,"Beans, Dry, Black, 259 (0% moisture)",0.0,0.0,4.2,24.7,1.72
335885,"Beans, Dry, Black, 610 (0% moisture)",0.0,0.0,4.4,26.3,1.46
335886,"Beans, Dry, Black, 395 (0% moisture)",0.0,0.0,4.1,22.2,1.72
335887,"Beans, Dry, Black, 258 (0% moisture)",0.0,0.0,4.2,22.1,1.71
335888,"Beans, Dry, Black, 707 (0% moisture)",0.0,0.0,4.1,23.3,1.59
335889,"Beans, Dry, Black, 562 (0% moisture)",0.0,0.0,4.2,22.3,1.63
335890,"Beans, Dry, Black, 227 (0% moisture)",0.0,0.0,4.1,22.0,1.6
335891,"Beans, Dry, Black, 620 (0% moisture)",0.0,0.0,4.1,24.6,1.47
335892,"Beans, Dry, Black, 214 (0% moisture)",0.0,0.0,4.4,23.5,1.76
335893,"Beans, Dry, Black, 547 (0% moisture)",0.0,0.0,4.2,25.4,1.57
335894,"Beans, Dry, Black, 263 (0% moisture)",0.0,0.0,4.4,25.0,1.45
335895,"Beans, Dry, Black, 570 (0% moisture)",0.0,0.0,4.4,26.3,1.28
335896,"Beans, Dry, Black, 251 (0% moisture)",0.0,0.0,4.3,24.4,1.74
335897,"Beans, Dry, Black, 592 (0% moisture)",0.0,0.0,4.3,26.1,1.57
335898,"Beans, Dry, Black, 238 (0% moisture)",0.0,0.0,4.2,26.0,1.49
335899,"Beans, Dry, Black, 528 (0% moisture)",0.0,0.0,4.0,25.9,1.42
335900,"Beans, Dry, Black, 273 (0% moisture)",0.0,0.0,4.3,25.1,1.64
335901,"Beans, Dry, Black, 529 (0% moisture)",0.0,0.0,4.0,24.2,1.64
335902,"Beans, Dry, Black, 472 (0% moisture)",0.0,0.0,4.5,25.4,1.28
335903,"Beans, Dry, Black, 753 (0% moisture)",0.0,0.0,4.4,25.8,1.31
335904,"Beans, Dry, Black, 286 (0% moisture)",0.0,0.0,4.1,23.1,1.46
335905,"Beans, Dry, Black, 596 (0% moisture)",0.0,0.0,3.9,24.9,1.23
335906,"Beans, Dry, Black, 297 (0% moisture)",0.0,0.0,4.2,23.5,1.53
335907,"Beans, Dry, Black, 600 (0% moisture)",0.0,0.0,4.2,24.0,1.5
335908,"Beans, Dry, Black, 317 (0% moisture)",0.0,0.0,3.9,21.7,0.98
335909,"Beans, Dry, Black, 625 (0% moisture)",0.0,0.0,4.0,22.8,0.96
335910,"Beans, Dry, Black, 291 (0% moisture)",0.0,0.0,4.1,25.1,1.78
335911,"Beans, Dry, Black, 574 (0% moisture)",0.0,0.0,4.1,25.2,1.83
335912,"Beans, Dry, Black (0% moisture)",0.0,0.0,4.2,24.4,1.45
335913,"Beans, Dry, Small White, 11F-8057 (0% moisture)",0.0,0.0,4.2,25.9,1.16
335914,"Beans, Dry, Small White, 11F-8160 (0% moisture)",0.0,0.0,4.1,26.2,1.06
335915,"Beans, Dry, Small White, 239 (0% moisture)",0.0,0.0,4.5,24.0,1.43
335916,"Beans, Dry, Small White, 571 (0% moisture)",0.0,0.0,4.5,25.7,1.44
335917,"Beans, Dry, Small White, 272 (0% moisture)",0.0,0.0,4.4,26.3,1.48
335918,"Beans, Dry, Small White, 618 (0% moisture)",0.0,0.0,4.4,25.7,1.43
335919,"Beans, Dry, Small White, 265 (0% moisture)",0.0,0.0,4.2,21.7,1.32
335920,"Beans, Dry, Small White, 527 (0% moisture)",0.0,0.0,4.2,22.3,1.19
335921,"Beans, Dry, Small White, 309 (0% moisture)",0.0,0.0,4.2,25.6,1.27
335922,"Beans, Dry, Small White, 549 (0% moisture)",0.0,0.0,4.3,24.8,1.24
335923,"Beans, Dry, Small White, 285 (0% moisture)",0.0,0.0,4.4,23.8,1.1
335924,"Beans, Dry, Small White, 544 (0% moisture)",0.0,0.0,4.4,23.5,1.02
335925,"Beans, Dry, Small White, 275 (0% moisture)",0.0,0.0,4.2,23.8,1.6
335926,"Beans, Dry, Small White, 564 (0% moisture)",0.0,0.0,4.2,23.6,1.72
335927,"Beans, Dry, Small White (0% moisture)",0.0,0.0,4.3,24.5,1.32
335928,"Beans, Dry, Red, 345 (0% moisture)",0.0,0.0,4.1,21.3,1.19
335929,"Beans, Dry, Red, 645 (0% moisture)",0.0,0.0,4.0,21.2,1.13
335930,"Beans, Dry, Red (0% moisture)",0.0,0.0,4.0,21.3,1.16
335931,"Beans, Dry, Great Northern, 11F-8063 (0% moisture)",0.0,0.0,4.3,24.2,1.29
335932,"Beans, Dry, Great Northern, 11F-8128 (0% moisture)",0.0,0.0,4.4,23.6,1.15
335933,"Beans, Dry, Great Northern, 11F-8163 (0% moisture)",0.0,0.0,4.4,24.2,1.41
335935,"Beans, Dry, Great Northern, 11F-8087 (0% moisture)",0.0,0.0,4.3,26.6,1.28
335936,"Beans, Dry, Great Northern, 11F-8145 (0% moisture)",0.0,0.0,4.3,26.6,1.09
335937,"Beans, Dry, Great Northern, 11F-8025 (0% moisture)",0.0,0.0,4.5,26.4,1.6
335938,"Beans, Dry, Great Northern, 11F-8141 (0% moisture)",0.0,0.0,4.3,26.6,1.31
335939,"Beans, Dry, Great Northern, 11F-8097 (0% moisture)",0.0,0.0,4.4,23.7,1.06
335940,"Beans, Dry, Great Northern, 11F-8194 (0% moisture)",0.0,0.0,4.1,23.4,1.14
335941,"Beans, Dry, Great Northern, 11F-8053 (0% moisture)",0.0,0.0,4.4,23.8,1.1
335942,"Beans, Dry, Great Northern, 11F-8155 (0% moisture)",0.0,0.0,4.1,24.5,1.41
335943,"Beans, Dry, Great Northern, 11F-8052 (0% moisture)",0.0,0.0,4.5,24.2,1.23
335944,"Beans, Dry, Great Northern, 11F-8134 (0% moisture)",0.0,0.0,4.4,25.0,1.41
335945,"Beans, Dry, Great Northern, 11F-8051 (0% moisture)",0.0,0.0,4.2,24.9,1.08
335946,"Beans, Dry, Great Northern, 11F-8113 (0% moisture)",0.0,0.0,4.6,24.6,1.24
335947,"Beans, Dry, Great Northern, 11F-8093 (0% moisture)",0.0,0.0,4.4,24.4,1.2
335948,"Beans, Dry, Great Northern, 11F-8110 (0% moisture)",0.0,0.0,4.0,24.1,1.14
335949,"Beans, Dry, Great Northern, 11F-8060 (0% moisture)",0.0,0.0,4.2,25.4,1.09
335950,"Beans, Dry, Great Northern, 11F-8184 (0% moisture)",0.0,0.0,4.4,23.2,1.29
335951,"Beans, Dry, Great Northern, 11F-8090 (0% moisture)",0.0,0.0,4.2,23.2,1.03
335952,"Beans, Dry, Great Northern, 11F-8152 (0% moisture)",0.0,0.0,4.4,23.6,1.37
335953,"Beans, Dry, Great Northern, 11F-8085 (0% moisture)",0.0,0.0,4.2,24.4,1.09
335954,"Beans, Dry, Great Northern, 11F-8192 (0% moisture)",0.0,0.0,4.2,23.7,1.02
335955,"Beans, Dry, Great Northern, 11F-8010 (0% moisture)",0.0,0.0,4.5,23.1,1.36
335956,"Beans, Dry, Great Northern, 11F-8185 (0% moisture)",0.0,0.0,4.4,24.0,1.26
335957,"Beans, Dry, Great Northern, 11F-8068 (0% moisture)",0.0,0.0,4.6,24.0,1.13
335958,"Beans, Dry, Great Northern, 11F-8172 (0% moisture)",0.0,0.0,4.3,23.6,1.23
335959,"Beans, Dry, Great Northern, 11F-8067 (0% moisture)",0.0,0.0,4.5,24.4,1.17
335960,"Beans, Dry, Great Northern, 11F-8125 (0% moisture)",0.0,0.0,4.4,25.3,0.93
335961,"Beans, Dry, Great Northern, 11F-8008 (0% moisture)",0.0,0.0,4.4,23.5,1.47
335962,"Beans, Dry, Great Northern, 11F-8171 (0% moisture)",0.0,0.0,4.4,24.1,1.12
335963,"Beans, Dry, Great Northern, 11F-8092 (0% moisture)",0.0,0.0,4.3,24.2,1.1
335964,"Beans, Dry, Great Northern, 11F-8138 (0% moisture)",0.0,0.0,4.2,24.4,1.1
335965,"Beans, Dry, Great Northern, 11F-8077 (0% moisture)",0.0,0.0,4.4,25.5,1.16
335966,"Beans, Dry, Great Northern, 11F-8139 (0% moisture)",0.0,0.0,4.5,26.4,1.28
335967,"Beans, Dry, Great Northern, 441 (0% moisture)",0.0,0.0,4.2,25.5,1.37
335968,"Beans, Dry, Great Northern, 648 (0% moisture)",0.0,0.0,4.3,24.9,1.38
335969,"Beans, Dry, Great Northern, 446 (0% moisture)",0.0,0.0,4.5,31.6,1.19
335970,"Beans, Dry, Great Northern, 726 (0% moisture)",0.0,0.0,4.6,28.7,1.24
335971,"Beans, Dry, Great Northern, 235 (0% moisture)",0.0,0.0,4.2,28.6,1.32
335972,"Beans, Dry, Great Northern, 579 (0% moisture)",0.0,0.0,4.6,30.5,1.21
335973,"Beans, Dry, Great Northern, 306 (0% moisture)",0.0,0.0,4.3,26.1,1.43
335974,"Beans, Dry, Great Northern, 594 (0% moisture)",0.0,0.0,4.3,28.1,1.22
335975,"Beans, Dry, Great Northern, 423 (0% moisture)",0.0,0.0,4.2,23.2,1.12
335976,"Beans, Dry, Great Northern, 651 (0% moisture)",0.0,0.0,4.2,22.3,1.1
335977,"Beans, Dry, Great Northern, 315 (0% moisture)",0.0,0.0,4.4,28.3,1.36
335978,"Beans, Dry, Great Northern, 581 (0% moisture)",0.0,0.0,4.5,29.4,1.27
335979,"Beans, Dry, Great Northern, 396 (0% moisture)",0.0,0.0,4.3,21.9,1.47
335980,"Beans, Dry, Great Northern, 778 (0% moisture)",0.0,0.0,4.4,22.0,1.48
335981,"Beans, Dry, Great Northern, 406 (0% moisture)",0.0,0.0,4.1,25.8,1.32
335982,"Beans, Dry, Great Northern, 688 (0% moisture)",0.0,0.0,4.4,25.0,1.33
335983,"Beans, Dry, Great Northern, 384 (0% moisture)",0.0,0.0,4.1,22.3,1.17
335984,"Beans, Dry, Great Northern, 644 (0% moisture)",0.0,0.0,4.2,21.8,1.27
335985,"Beans, Dry, Great Northern, 380 (0% moisture)",0.0,0.0,4.2,23.7,1.17
335986,"Beans, Dry, Great Northern, 748 (0% moisture)",0.0,0.0,4.4,24.7,1.25
335987,"Beans, Dry, Great Northern, 392 (0% moisture)",0.0,0.0,4.3,23.9,1.12
335988,"Beans, Dry, Great Northern, 658 (0% moisture)",0.0,0.0,4.2,23.3,1.3
335989,"Beans, Dry, Great Northern, 363 (0% moisture)",0.0,0.0,4.1,23.3,1.18
335990,"Beans, Dry, Great Northern, 792 (0% moisture)",0.0,0.0,4.5,23.6,1.24
335991,"Beans, Dry, Great Northern, 339 (0% moisture)",0.0,0.0,4.2,22.3,1.22
335992,"Beans, Dry, Great Northern, 713 (0% moisture)",0.0,0.0,4.5,23.0,1.32
335993,"Beans, Dry, Great Northern, 346 (0% moisture)",0.0,0.0,4.1,22.7,1.35
335994,"Beans, Dry, Great Northern, 780 (0% moisture)",0.0,0.0,4.5,26.6,1.33
335995,"Beans, Dry, Great Northern, 460 (0% moisture)",0.0,0.0,4.1,23.4,1.1
335996,"Beans, Dry, Great Northern, 672 (0% moisture)",0.0,0.0,4.0,22.5,1.14
335997,"Beans, Dry, Great Northern, 385 (0% moisture)",0.0,0.0,4.3,23.8,1.19
335998,"Beans, Dry, Great Northern, 788 (0% moisture)",0.0,0.0,4.0,22.6,1.26
335999,"Beans, Dry, Great Northern, 429 (0% moisture)",0.0,0.0,4.3,24.4,1.03
336000,"Beans, Dry, Great Northern, 789 (0% moisture)",0.0,0.0,4.2,24.0,1.1
336001,"Beans, Dry, Great Northern, 514 (0% moisture)",0.0,0.0,4.4,23.8,1.11
336002,"Beans, Dry, Great Northern, 730 (0% moisture)",0.0,0.0,4.2,23.1,1.15
336003,"Beans, Dry, Great Northern, 501 (0% moisture)",0.0,0.0,4.4,24.8,1.04
336004,"Beans, Dry, Great Northern, 638 (0% moisture)",0.0,0.0,4.2,24.1,1.11
336005,"Beans, Dry, Great Northern, 474 (0% moisture)",0.0,0.0,4.1,24.8,1.16
336006,"Beans, Dry, Great Northern, 790 (0% moisture)",0.0,0.0,4.2,26.8,1.16
336007,"Beans, Dry, Great Northern, 402 (0% moisture)",0.0,0.0,4.2,24.6,1.28
336008,"Beans, Dry, Great Northern, 822 (0% moisture)",0.0,0.0,4.3,26.8,1.24
336009,"Beans, Dry, Great Northern, 350 (0% moisture)",0.0,0.0,4.6,26.8,1.44
336010,"Beans, Dry, Great Northern, 828 (0% moisture)",0.0,0.0,4.6,28.8,1.36
336011,"Beans, Dry, Great Northern, 375 (0% moisture)",0.0,0.0,4.2,24.3,1.04
336012,"Beans, Dry, Great Northern, 662 (0% moisture)",0.0,0.0,4.4,24.8,1.1
336013,"Beans, Dry, Great Northern, 337 (0% moisture)",0.0,0.0,4.1,22.4,1.11
336014,"Beans, Dry, Great Northern, 656 (0% moisture)",0.0,0.0,4.1,21.8,1.08
336015,"Beans, Dry, Great Northern, 467 (0% moisture)",0.0,0.0,4.1,22.6,1.06
336016,"Beans, Dry, Great Northern, 824 (0% moisture)",0.0,0.0,4.3,24.5,1.06
336017,"Beans, Dry, Great Northern, 507 (0% moisture)",0.0,0.0,4.7,25.7,1.15
336018,"Beans, Dry, Great Northern, 826 (0% moisture)",0.0,0.0,4.6,27.1,1.08
336019,"Beans, Dry, Great Northern, 327 (0% moisture)",0.0,0.0,4.3,23.4,1.38
336020,"Beans, Dry, Great Northern, 675 (0% moisture)",0.0,0.0,4.4,24.7,1.42
336021,"Beans, Dry, Great Northern, 401 (0% moisture)",0.0,0.0,4.2,23.8,1.22
336022,"Beans, Dry, Great Northern, 742 (0% moisture)",0.0,0.0,4.3,24.1,1.26
336023,"Beans, Dry, Great Northern, 518 (0% moisture)",0.0,0.0,4.4,25.4,1.33
336024,"Beans, Dry, Great Northern, 666 (0% moisture)",0.0,0.0,4.2,22.4,1.45
336025,"Beans, Dry, Great Northern, 457 (0% moisture)",0.0,0.0,4.3,24.7,1.3
336026,"Beans, Dry, Great Northern, 818 (0% moisture)",0.0,0.0,4.6,26.2,1.36
336027,"Beans, Dry, Great Northern, 293 (0% moisture)",0.0,0.0,4.2,23.4,1.31
336028,"Beans, Dry, Great Northern, 412 (0% moisture)",0.0,0.0,4.3,22.0,1.38
336029,"Beans, Dry, Great Northern, 616 (0% moisture)",0.0,0.0,4.5,25.2,1.22
336030,"Beans, Dry, Great Northern, 689 (0% moisture)",0.0,0.0,4.4,23.2,1.33
336031,"Beans, Dry, Great Northern, 387 (0% moisture)",0.0,0.0,3.9,23.5,1.15
336032,"Beans, Dry, Great Northern, 766 (0% moisture)",0.0,0.0,4.2,24.3,1.24
336033,"Beans, Dry, Great Northern, 519 (0% moisture)",0.0,0.0,4.4,25.2,1.29
336034,"Beans, Dry, Great Northern, 768 (0% moisture)",0.0,0.0,4.3,24.9,1.28
336035,"Beans, Dry, Great Northern, 418 (0% moisture)",0.0,0.0,4.2,25.9,1.35
336036,"Beans, Dry, Great Northern, 637 (0% moisture)",0.0,0.0,4.3,24.2,1.41
336037,"Beans, Dry, Great Northern, 495 (0% moisture)",0.0,0.0,4.4,26.6,1.29
336038,"Beans, Dry, Great Northern, 680 (0% moisture)",0.0,0.0,4.3,25.2,1.3
336039,"Beans, Dry, Great Northern, 335 (0% moisture)",0.0,0.0,4.3,23.2,1.38
336040,"Beans, Dry, Great Northern, 763 (0% moisture)",0.0,0.0,4.4,25.8,1.27
336041,"Beans, Dry, Great Northern, 364 (0% moisture)",0.0,0.0,4.2,23.3,1.15
336042,"Beans, Dry, Great Northern, 683 (0% moisture)",0.0,0.0,4.3,24.3,1.12
336043,"Beans, Dry, Great Northern, 379 (0% moisture)",0.0,0.0,4.4,23.1,1.23
336044,"Beans, Dry, Great Northern, 655 (0% moisture)",0.0,0.0,4.4,23.0,1.25
336045,"Beans, Dry, Great Northern, 434 (0% moisture)",0.0,0.0,4.2,25.4,1.11
336046,"Beans, Dry, Great Northern, 716 (0% moisture)",0.0,0.0,4.4,25.6,1.14
336047,"Beans, Dry, Great Northern, 341 (0% moisture)",0.0,0.0,4.4,23.1,1.39
336048,"Beans, Dry, Great Northern, 697 (0% moisture)",0.0,0.0,4.4,27.0,1.32
336049,"Beans, Dry, Great Northern, 438 (0% moisture)",0.0,0.0,4.2,24.5,1.4
336050,"Beans, Dry, Great Northern, 706 (0% moisture)",0.0,0.0,4.4,25.8,1.17
336051,"Beans, Dry, Great Northern, 449 (0% moisture)",0.0,0.0,4.2,21.5,1.27
336052,"Beans, Dry, Great Northern, 741 (0% moisture)",0.0,0.0,4.3,23.5,1.12
336053,"Beans, Dry, Great Northern, 407 (0% moisture)",0.0,0.0,4.1,23.5,1.5
336054,"Beans, Dry, Great Northern, 723 (0% moisture)",0.0,0.0,4.2,24.2,1.32
336055,"Beans, Dry, Great Northern, 447 (0% moisture)",0.0,0.0,4.0,25.3,1.22
336056,"Beans, Dry, Great Northern, 827 (0% moisture)",0.0,0.0,4.2,28.6,1.16
336057,"Beans, Dry, Great Northern, 458 (0% moisture)",0.0,0.0,4.5,26.3,1.16
336058,"Beans, Dry, Great Northern, 693 (0% moisture)",0.0,0.0,4.4,24.8,1.19
336059,"Beans, Dry, Great Northern, 415 (0% moisture)",0.0,0.0,4.4,25.9,1.3
336060,"Beans, Dry, Great Northern, 762 (0% moisture)",0.0,0.0,4.4,26.1,1.25
336061,"Beans, Dry, Great Northern, 453 (0% moisture)",0.0,0.0,4.4,25.6,1.25
336062,"Beans, Dry, Great Northern, 777 (0% moisture)",0.0,0.0,4.3,25.9,1.2
336063,"Beans, Dry, Great Northern, 485 (0% moisture)",0.0,0.0,4.2,25.6,1.16
336064,"Beans, Dry, Great Northern, 800 (0% moisture)",0.0,0.0,4.4,25.1,1.33
336065,"Beans, Dry, Great Northern, 444 (0% moisture)",0.0,0.0,4.6,23.8,1.4
336066,"Beans, Dry, Great Northern, 694 (0% moisture)",0.0,0.0,4.7,26.4,1.32
336067,"Beans, Dry, Great Northern (0% moisture)",0.0,0.0,4.3,24.7,1.24
746764,"Carrots, frozen, unprepared",7.92,95.0,3.2,0.81,0.47
746771,"Oranges, raw, navels",11.8,121.5,2.0,0.91,0.15
746773,"Pears, raw, bartlett",15.1,147.5,3.1,0.38,0.16
746791,Ham,0.0,0.0,0.0,0.0,2.7
746952,"Ham, sliced, restaurant",2.36,314.0,0.0,19.6,3.68
746958,American Cheese,0.0,0.0,0.0,0.0,30.3
746995,"Cheese, American",0.0,0.0,0.0,0.0,32.0
747016,American cheese,0.0,0.0,0.0,0.0,31.8
747131,Cheese,0.0,0.0,0.0,0.0,31.7
747429,"Cheese, American, restaurant",6.35,972.5,0.0,17.5,31.1
747452,Ketchup,0.0,0.0,0.0,0.0,0.1
747693,"Ketchup, restaurant",26.8,302.5,0.0,1.11,0.55
747699,"Eggs, whites",0.0,0.0,0.0,0.0,0.0
747720,Eggs; whole,0.0,0.0,0.0,0.0,0.0
747725,"Eggs, whole",0.0,0.0,0.0,0.0,9.82
747742,"Eggs, yolk ",0.0,0.0,0.0,0.0,27.7
747885,"Eggs, yolk",0.0,0.0,0.0,0.0,27.6
747997,"Eggs, Grade A, Large, egg white",2.36,143.0,0.0,10.7,0.0
748236,"Eggs, Grade A, Large, egg yolk",1.02,867.0,0.0,16.2,28.8
748967,"Eggs, Grade A, Large, egg whole",0.96,382.5,0.0,12.4,9.96
748971,"Bacon, cooked",0.0,0.0,0.0,0.0,36.0
748980,Bacon,0.0,0.0,0.0,0.0,41.9
749354,Bacon; cooked,0.0,0.0,0.0,0.0,39.3
749420,"Pork, cured, bacon, cooked, restaurant",2.1,1295.0,0.0,40.9,36.5
789779,"Butter, stick, unsalted",0.0,0.0,0.0,0.0,80.6
789831,"FLOUR, ALL PURPOSE (ENRICHED) (BLEACHED)",0.0,0.0,0.0,0.0,1.5
789890,"Flour, wheat, all-purpose, enriched, bleached",77.3,948.0,0.0,10.9,1.48
789893,"FLOUR, ALL PURPOSE (ENRICHED) (UNBLEACHED)",0.0,0.0,0.0,0.0,1.5
789951,"Flour, wheat, all-purpose, enriched, unbleached",73.2,929.0,0.0,13.1,1.48
789954,"FLOUR, ALL PURPOSE (UNENRICHED) (UNBLEACHED) (ORGANIC)",0.0,0.0,0.0,0.0,2.3
789965,"FLOUR, ALL PURPOSE (UNENRICHED) (UNBLEACHED)",0.0,0.0,0.0,0.0,1.5
790018,"Flour, wheat, all-purpose, unenriched, unbleached",74.6,936.0,3.0,12.0,1.7
790021,"FLOUR, WHOLE WHEAT (UNENRICHED) (ORGANIC)",0.0,0.0,0.0,0.0,2.5
790032,"FLOUR, WHOLE WHEAT (UNENRICHED)",0.0,0.0,0.0,0.0,2.6
790085,"Flour, whole wheat, unenriched",71.2,960.0,10.6,15.1,2.73
790088,"FLOUR, BREAD, WHITE (ENRICHED) (UNBLEACHED)",0.0,0.0,0.0,0.0,1.8
790108,"FLOUR, BREAD, WHITE (ENRICHED) (UNBLEACHED) (ORGANIC)",0.0,0.0,0.0,0.0,1.6
790146,"Flour, bread, white, enriched, unbleached",72.8,941.5,0.0,14.3,1.65
790149,"FLOUR, RICE, WHITE",0.0,0.0,0.0,0.0,1.4
790171,"FLOUR, RICE, WHITE (ORGANIC)",0.0,0.0,0.0,0.0,1.2
790214,"Flour, rice, white, unenriched",79.8,929.5,0.5,6.94,1.3
790217,"FLOUR, CORN, YELLOW (FINE MEAL) (ENRICHED)",0.0,0.0,0.0,0.0,1.6
790276,"Flour, corn, yellow, fine meal, enriched",80.8,942.0,4.3,6.2,1.74
790291,"Butter, stick, salted",0.0,0.0,0.0,0.0,82.6
790513,"ONIONS, RED",0.0,0.0,2.3,0.0,0.0
790577,"Onions, red, raw",9.93,115.0,2.2,0.94,0.1
790582,"ONIONS, YELLOW",0.0,0.0,1.8,0.0,0.0
790646,"Onions, yellow, raw",8.61,99.0,1.9,0.83,0.05
790650,"BANANAS, OVERRIPE",0.0,0.0,0.0,0.0,0.3
790747,"BANANAS, OVERRIPE, MEDIUM SIZE",0.0,0.0,1.1,0.0,0.0
790756,"BANANAS, SLIGHTLY RIPE, MEDIUM SIZE",0.0,0.0,1.2,0.0,0.0
790761,"BANANAS, RIPE, MEDIUM SIZE",0.0,0.0,1.1,0.0,0.0
790774,"Bananas, overripe, raw",20.1,221.0,1.7,0.73,0.22
790778,"BANANAS, RIPE",0.0,0.0,0.0,0.0,0.62
790839,"BANANAS, SLIGHTLY RIPE",0.0,0.0,0.0,0.0,0.14
790991,"Bananas, ripe and slightly ripe, raw",23.0,252.5,1.7,0.74,0.29
1104595,GARLIC,0.0,0.0,3.4,0.0,0.0
1104647,"Garlic, raw",28.2,370.0,2.7,6.62,0.38
1104654,"FLOUR, SOY (DEFATTED)",0.0,0.0,0.0,0.0,3.44
1104705,"Flour, soy, defatted",32.9,948.0,0.0,51.1,3.33
1104710,"FLOUR, SOY, FULL FAT (ORGANIC)",0.0,0.0,0.0,0.0,23.3
1104721,"FLOUR, SOY, FULL FAT",0.0,0.0,0.0,0.0,20.9
1104766,"Flour, soy, full-fat",27.9,1171.0,0.0,38.6,20.7
1104770,"FLOUR, RICE, BROWN (ORGANIC)",0.0,0.0,0.0,0.0,3.37
1104779,"FLOUR, RICE, BROWN",0.0,0.0,0.0,0.0,4.68
1104812,"Flour, rice, brown",75.5,973.728,0.0,7.19,3.85
1104816,"FLOUR, RICE, GLUTENOUS",0.0,0.0,0.0,0.0,1.35
1104867,"Flour, rice, glutinous",80.1,929.0,0.0,6.69,1.16
1104872,"FLOUR, PASTRY, WHITE (UNENRICHED) (UNBLEACHED)",0.0,0.0,0.0,0.0,1.7
1104913,"Flour, pastry, unenriched, unbleached",77.2,929.0,0.0,8.75,1.64
1104917,"ONIONS, WHITE",0.0,0.0,1.3,0.0,0.0
1104962,"Onions, white, raw",7.68,91.5,1.2,0.89,0.13
1105318,"APPLES, RED DELICIOUS",0.0,0.0,1.4,0.0,0.0
1105430,"Apples, red delicious, with skin, raw",14.8,160.0,2.0,0.19,0.21
1105434,"APPLES, HONEYCRISP",0.0,0.0,1.7,0.0,0.0
1105547,"Apples, honeycrisp, with skin, raw",14.7,156.0,1.7,0.1,0.1
1105551,"APPLES, GRANNY SMITH",0.0,0.0,2.4,0.0,0.0
1105664,"Apples, granny smith, with skin, raw",14.2,153.0,2.5,0.27,0.14
1105668,"APPLES, GALA",0.0,0.0,2.7,0.0,0.0
1105781,"Apples, gala, with skin, raw",14.8,158.5,2.1,0.13,0.15
1105785,"APPLES, FUJI",0.0,0.0,2.1,0.0,0.0
1105897,"Apples, fuji, with skin, raw",15.7,168.0,2.1,0.15,0.16
1750337,"Soy milk, unsweetened, plain, shelf stable",1.293125,0.0,0.0,3.546875,2.125
1750338,"Almond milk, unsweetened, plain, shelf stable",0.3371125,0.0,0.0,0.5546875,1.221
1750344,"Mushroom, lion's mane",7.5897,0.0,0.0,2.5,0.2563
1750345,"Mushroom, oyster",6.94125,0.0,0.0,2.89875,0.1875
1750346,"Mushrooms, shiitake",8.170625,0.0,0.0,2.414375,0.195
1750347,"Mushrooms, white button",4.079375,0.0,0.0,2.890625,0.3708
1750352,"Spinach, baby",2.406325,0.0,1.558,2.851875,0.6188
1750353,"Spinach, mature",2.64135,0.0,1.588,2.90625,0.6044
1750354,"Tomato, roma",3.837475,0.0,0.9706,0.695625,0.425
1750680,"SOY MILK, UNSWEETENED, PLAIN, SHELF STABLE",0.0,0.0,0.0,0.0,2.695
1750684,"ALMOND MILK, UNSWEETENED, PLAIN, SHELF STABLE",0.0,0.0,0.0,0.0,1.43
1752647,"APPLES, RED DELICIOUS, WITH SKIN, RAW",0.0,0.0,1.43,0.0,0.0
1752851,"APPLES, FUJI, WITH SKIN, RAW",0.0,0.0,0.0,0.0,0.1
1753048,"APPLES, GALA, WITH SKIN, RAW",0.0,0.0,2.73,0.0,0.0
1753265,"APPLES, GRANNY SMITH, WITH SKIN, RAW",0.0,0.0,2.45,0.0,0.0
1753462,"APPLES, HONEYCRISP, WITH SKIN, RAW",0.0,0.0,0.0,0.0,0.0
1753664,"MUSHROOMS, SHIITAKE",0.0,0.0,0.0,0.0,0.28
1753669,"MUSHROOMS, OYSTER",0.0,0.0,0.0,0.0,0.21
1753820,"MUSHROOMS, LIONS MANE",0.0,0.0,0.0,0.0,0.35
1756428,"SPINACH, REGULAR (MATURE)",0.0,0.0,1.49,0.0,0.0
1756664,"SPINACH, BABY",0.0,0.0,0.0,0.0,0.73
1756913,"TOMATOES, ROMA",0.0,0.0,0.0,0.0,0.59
1757144,"MUSHROOMS, WHITE BUTTON",0.0,0.0,0.0,0.0,0.445
2003586,"Flour, 00",74.4462,0.0,2.656,11.4,1.52
2003587,"Flour, spelt, whole grain",70.723,0.0,9.339,14.475,2.543
2003588,"Flour, semolina, coarse and semi-coarse",73.82345,0.0,3.216,11.73125,1.597
2003589,"Flour, semolina, fine",71.98575,0.0,3.683,13.33125,1.838
2003590,"Apple juice, with added vitamin C, from concentrate, shelf stable",11.3639625,0.0,0.0,0.0859375,0.2863
2003591,"Orange juice, no pulp, not fortified, from concentrate, refrigerated",10.340625,0.0,0.0,0.734375,0.325
2003592,"Grape juice, purple, with added vitamin C, from concentrate, shelf stable",15.6227875,0.0,0.0,0.2578125,0.2875
2003593,"Grape juice, white, with added vitamin C, from concentrate, shelf stable",15.84375,0.0,0.0,0.09375,0.265
2003594,"Cranberry juice, not fortified, from concentrate, shelf stable",7.26375,0.0,0.0,0.0,0.3375
2003595,"Grapefruit juice, red, not fortified, not from concentrate, refrigerated",9.1021875,0.0,0.0,0.5703125,0.2669
2003596,"Tomato juice, with added ingredients, from concentrate, shelf stable",4.320625,0.0,0.0,0.859375,0.2875
2003597,"Orange juice, no pulp, not fortified, not from concentrate, refrigerated",10.0124,0.0,0.0,0.8125,0.3563
2003598,"Mushroom, portabella",4.6583,0.0,1.879,2.75,0.3117
2003599,"Mushroom, king oyster",8.50065,0.0,3.009,2.40625,0.3075
2003600,"Mushroom, enoki",8.141425,0.0,2.945,2.416875,0.245
2003601,"Mushroom, crimini",4.01455,0.0,1.781,3.09375,0.1967
2003602,"Mushroom, maitake",6.604375,0.0,3.071,2.203125,0.265
2003603,"Mushroom, beech",6.7593,0.0,3.139,2.18,0.4494
2003604,"Mushroom, pioppini",5.7637,0.0,2.753,3.5,0.24
2003897,"flour, 00",0.0,0.0,2.57,0.0,0.0
2004065,"flour, spelt, whole grain",0.0,0.0,10.48,0.0,0.0
2004233,"flour, semolina, fine",0.0,0.0,4.155,0.0,0.0
2004400,"Flour, Semolina, Coarse",0.0,0.0,4.04,0.0,0.0
2004421,"Flour, Semolina, Semi-Coarse",0.0,0.0,3.685,0.0,0.0
2004780,"APPLE JUICE FROM CONCENTRATE WITH ADDED VITAMIN C, SHELF STABLE",0.0,0.0,0.0,0.0,0.64
2004788,"GRAPE JUICE, PURPLE, FROM CONCENTRATE WITH ADDED VITAMIN C, SHELF STABLE",0.0,0.0,0.0,0.0,0.23
2004796,"GRAPE JUICE, WHITE, FROM CONCENTRATE WITH ADDED VITAMIN C, SHELF STABLE",0.0,0.0,0.0,0.0,0.23
2004804,"ORANGE JUICE, REFRIGERATED, NO PULP, NOT FORTIFIED",0.0,0.0,0.0,0.0,0.33
2004812,"ORANGE JUICE, REFRIGERATED, NO PULP, NOT FORTIFIED, FROM CONCENTRATE",0.0,0.0,0.0,0.0,0.42
2004820,"GRAPEFRUIT JUICE, RED, REFRIGERATED, NOT FORTIFIED, NOT FROM CONCENTRATE",0.0,0.0,0.0,0.0,0.15
2004828,"CRANBERRY JUICE, SHELF STABLE, FROM CONCENTRATE, NOT FORTIFIED",0.0,0.0,0.0,0.0,0.25
2004836,"TOMATO JUICE, SHELF STABLE, FROM CONCENTRATE, WITH ADDED INGREDIENTS",0.0,0.0,0.0,0.0,0.26
2006321,"mushrooms, portabella",0.0,0.0,0.0,0.0,0.28
2006429,"mushrooms, king oyster",0.0,0.0,0.0,0.0,0.22
2006573,"mushrooms, hon-shimiji (beech), white",0.0,0.0,0.0,0.0,0.48
2006717,"mushrooms, crimini",0.0,0.0,0.0,0.0,0.29
2006825,"mushrooms, maitake",0.0,0.0,0.0,0.0,0.27
2006982,"mushrooms, pioppini",0.0,0.0,0.0,0.0,0.21
2007102,"mushrooms, enoki",0.0,0.0,0.0,0.0,0.17
2257044,"Soy milk, sweetened, plain, refrigerated",2.996125,0.0,0.0,2.776875,1.957
2257045,"Almond milk, unsweetened, plain, refrigerated",0.67075,0.0,0.0,0.65625,1.558
2257046,"Oat milk, unsweetened, plain, refrigerated",5.100325,0.0,0.0,0.796875,2.749
2257143,"soy milk, refrigerated, sweetened",0.0,0.0,0.0,0.0,0.0
2257221,"almond milk, refrigerated, unsweetened",0.0,0.0,0.0,0.0,0.0
2257346,"oat milk, refrigerated, unsweetened",0.0,0.0,0.0,0.0,0.0
2258586,"Carrots, mature, raw",10.26755,0.0,3.095,0.94125,0.3506
2258587,"Carrots, baby, raw",9.0787,0.0,2.694,0.805,0.1375
2258588,"Peppers, bell, green, raw",4.7781,0.0,0.9419,0.715,0.1063
2258589,"Peppers, bell, yellow, raw",6.601725,0.0,1.071,0.819375,0.1211
2258590,"Peppers, bell, red, raw",6.653175,0.0,1.158,0.895625,0.1256
2258591,"Peppers, bell, orange, raw",6.703125,0.0,0.9674,0.881875,0.1556
2258699,"peppers, bell, green, raw",0.0,0.0,0.0,0.0,0.0
2258875,"peppers, bell, red, raw",0.0,0.0,0.0,0.0,0.0
2259051,"carrots, baby, raw, peeled",0.0,0.0,0.0,0.0,0.0
2259219,"carrots, mature, raw",0.0,0.0,0.0,0.0,0.0
2259387,"peppers, bell, yellow, raw",0.0,0.0,0.0,0.0,0.14
2259563,"peppers, bell, orange, raw",0.0,0.0,0.0,0.0,0.35
2259731,"peppers, bell, red, raw, mini ",0.0,0.0,0.0,0.0,0.29
2259753,"peppers, bell, orange, raw, mini ",0.0,0.0,0.0,0.0,0.14
2259774,"peppers, bell, yellow, raw, mini ",0.0,0.0,0.0,0.0,0.32
2259792,"Buttermilk, low fat",4.811522,0.0,0.0,3.464978,1.081
2259793,"Yogurt, plain, whole milk",5.574928,0.0,0.0,3.824172,4.484
2259794,"Yogurt, Greek, plain, whole milk",4.75402,0.0,0.0,8.77888,4.394
2259795,"Cheese, parmesan, grated, refrigerated",4.33188,0.0,0.0,30.13912,29.5
2259796,"Cheese, feta, whole milk, crumbled",5.58318,0.0,0.0,19.70782,19.08
2259888,"Buttermilk, lowfat",0.0,0.0,0.0,0.0,1.15
2260177,"Yogurt, Greek, whole milk, plain",0.0,0.0,0.0,0.0,5.05
2260473,"Yogurt, whole milk, plain",0.0,0.0,0.0,0.0,3.66
2261420,"Flour, almond",16.24925,0.0,9.266,26.24375,50.23
2261421,"Flour, oat, whole grain",69.91725,0.0,10.5,13.16875,6.309
2261422,"Flour, potato",79.9422,0.0,5.401,8.1125,0.9513
2261477,"Flour, whole grain oat",0.0,0.0,0.0,0.0,7.51
2261692,"Flour, almond, blanched",0.0,0.0,0.0,0.0,53.43
2262072,"Peanut butter, creamy",22.70376,0.0,6.323,23.99124,49.43
2262073,"Sesame butter, creamy",14.179,0.0,8.372,19.7054,62.4
2262074,"Almond butter, creamy",21.23666,0.0,9.718,20.78734,53.04
2262075,"Flaxseed, ground",34.3551,0.0,23.13,18.0359,37.28
2262156,"almond butter, creamy",0.0,0.0,0.0,0.0,52.31
2262558,"sesame seed butter (tahini), creamy",0.0,0.0,0.0,0.0,61.07
2262975,"peanut butter, creamy",0.0,0.0,0.0,0.0,52.85
2263400,ground flaxseed meal,0.0,0.0,0.0,0.0,41.48
2263888,"Raspberries, raw",12.904375,0.0,0.0,1.008125,0.1875
2263889,"Blueberries, raw",14.571775,0.0,0.0,0.703125,0.3063
2263890,"Grapes, red, seedless, raw",20.196825,0.0,0.0,0.914375,0.1638
2263891,"Grapes, green, seedless, raw",18.60375,0.0,0.0,0.89875,0.2325
2263892,"Applesauce, unsweetened, with added vitamin C",12.2615625,0.0,0.0,0.2734375,0.1625
2263994,"strawberries, fresh, raw",0.0,0.0,0.0,0.0,0.15
2264194,"raspberries, fresh, raw",0.0,0.0,0.0,0.0,0.43
2264393,"grapes, red, seedless, fresh, raw",0.0,0.0,0.0,0.0,0.18
2264553,"grapes, green, seedless, fresh, raw",0.0,0.0,0.0,0.0,0.16
2264713,"blueberries, fresh, raw",0.0,0.0,0.0,0.0,0.21
2264874,"applesauce, unsweetened, with vit C added",0.0,0.0,0.0,0.0,0.24
2346384,"Cottage cheese, full fat, large or small curd",4.59964,0.0,0.0,11.62436,4.225
2346385,"Cream cheese, full fat, block",4.55615,0.0,0.0,5.78985,33.49
2346386,"Cream, heavy",3.799506,0.0,0.0,2.017994,35.56
2346387,"Cream, sour, full fat",5.555506,0.0,0.0,3.070694,17.99
2346388,"Lettuce, iceberg, raw",3.36875,0.0,0.0,0.7425,0.07375
2346389,"Lettuce, romaine, green, raw",4.055575,0.0,0.0,0.976875,0.07125
2346390,"Lettuce, leaf, red, raw",3.260575,0.0,0.0,0.883125,0.1063
2346391,"Lettuce, leaf, green, raw",4.06615,0.0,0.0,1.09375,0.1563
2346392,"Nuts, pine nuts, raw",18.5921,0.0,3.941,15.7039,61.27
2346393,"Nuts, almonds, whole, raw",20.03462,0.0,10.78,21.45038,51.09
2346394,"Nuts, walnuts, English, halves, raw",10.9096,0.0,5.21,14.5644,69.74
2346395,"Nuts, pecans, halves, raw",12.6993,0.0,5.793,9.9587,73.28
2346396,"Oats, whole grain, rolled, old fashioned",68.65755,0.0,0.0,13.49645,5.89
2346397,"Oats, whole grain, steel cut",69.75082,0.0,0.0,12.51118,5.8
2346398,"Pineapple, raw",14.0914625,0.0,0.9346,0.4609375,0.2113
2346399,"Cherries, sweet, dark red, raw",16.163125,0.0,0.0,1.039375,0.1925
2346400,"Beans, snap, green, raw",7.41245,0.0,3.011,1.96875,0.275
2346401,"Potatoes, russet, without skin, raw",17.77125,0.0,0.0,2.27375,0.36
2346402,"Potatoes, red, without skin, raw",16.27,0.0,0.0,2.0625,0.2475
2346403,"Potatoes, gold, without skin, raw",15.9624,0.0,0.0,1.8125,0.2638
2346404,"Sweet potatoes, orange flesh, without skin, raw",17.327875,0.0,0.0,1.578125,0.375
2346405,"Celery, raw",3.3165125,0.0,0.0,0.4921875,0.1625
2346406,"Cucumber, with peel, raw",2.9525,0.0,0.0,0.625,0.1775
2346407,"Cabbage, green, raw",6.38375,0.0,0.0,0.96125,0.2275
2346408,"Cabbage, red, raw",6.7899,0.0,0.0,1.2425,0.2138
2347052,heavy cream,0.0,0.0,0.0,0.0,32.77
2347076,"cottage cheese, 4% milkfat, small curd",0.0,0.0,0.0,0.0,4.06
2347102,"cottage cheese, 4% milkfat, large curd",0.0,0.0,0.0,0.0,4.58
2347106,"sour cream, full fat",0.0,0.0,0.0,0.0,17.6
2347131,"cream cheese, block, full fat",0.0,0.0,0.0,0.0,32.14
2348809,"Nuts, pecans, raw, halves",0.0,0.0,0.0,0.0,73.63
2348833,"Nuts, walnuts, English, raw, halves",0.0,0.0,0.0,0.0,69.85
2348858,"Nuts, almonds, raw, whole",0.0,0.0,0.0,0.0,51.81
2349732,"Green beans, raw",0.0,0.0,0.0,0.0,0.3
2349756,"Cherries, dark red, sweet, raw",0.0,0.0,0.0,0.0,0.0
2351072,"Sweet Potatoes, Orange Flesh, without skin, Raw",0.0,0.0,0.0,0.0,0.5
2351207,"celery, raw",0.0,0.0,0.0,0.0,0.26
2351229,"cucumber, with skin, raw",0.0,0.0,0.0,0.0,0.25
2351255,"cabbage, green, raw",0.0,0.0,0.0,0.0,0.16
2351278,"cabbage, red, raw",0.0,0.0,0.0,0.0,0.26
2353524,"MUSHROOMS, LION'S MANE",0.0,0.0,2.41,0.0,0.0
2512371,"Flour, amaranth",68.7787,0.0,7.209,13.2093,6.236
2512372,"Flour, quinoa",69.52465,0.0,6.295,11.92235,6.601
2512373,"Flour, sorghum",77.39123,0.0,6.019,8.27277,3.586
2512374,"Flour, buckwheat",75.01808,0.0,10.35,8.88492,2.484
2512375,"Flour, rye",77.1618,0.0,13.68,8.3952,1.908
2512376,"Flour, barley",77.39832,0.0,12.79,8.72168,2.45
2512377,"Flour, cassava",87.312975,0.0,4.834,0.918225,0.4938
2512378,"Buckwheat, whole grain",71.13066,0.0,4.046,11.06534,3.039
2512379,"Millet, whole grain",74.44623,0.0,2.619,10.02177,4.194
2512380,"Rice, brown, long grain, unenriched, raw",76.68795,0.0,3.021,7.25305,3.306
2512381,"Rice, white, long grain, unenriched, raw",80.31315,0.0,0.1488,7.03885,1.033
2514304,"amaranth, flour",0.0,0.0,0.0,0.0,3.17
2514328,"buckwheat, whole grain",0.0,0.0,0.0,0.0,3.21
2514352,"millet, whole grain",0.0,0.0,0.0,0.0,4.67
2514376,"quinoa, flour",0.0,0.0,0.0,0.0,6.45
2514400,"brown rice, long grain, unenriched",0.0,0.0,0.0,0.0,2.62
2514424,"white rice, long grain, unenriched",0.0,0.0,0.0,0.0,0.975
2514448,"sorghum, flour",0.0,0.0,0.0,0.0,4.37
2514472,"buckwheat, flour",0.0,0.0,0.0,0.0,2.0
2514496,"rye, flour",0.0,0.0,0.0,0.0,2.32
2514520,"barley, flour",0.0,0.0,0.0,0.0,1.86
2514544,cassava flour,0.0,0.0,0.0,0.0,0.34
2514743,"Beef, ground, 90% lean meat / 10% fat, raw",0.0,0.0,0.0,18.15625,12.85
2514744,"Beef, ground, 80% lean meat / 20% fat, raw",0.0,0.0,0.0,17.53125,19.44
2514745,"Pork, ground, raw",0.0,0.0,0.0,17.80625,17.49
2514746,"Chicken, ground, with additives, raw",0.0,0.0,0.0,17.9125,7.161
2514747,"Turkey, ground, 93% lean/ 7% fat, raw",0.0,0.0,0.0,17.34375,9.591
2515218,"Beef, ground, grass-fed, 90% lean, 10% fat, raw",0.0,0.0,0.0,0.0,10.95
2515221,"Beef, ground, 90% lean, 10% fat, raw",0.0,0.0,0.0,0.0,11.29
2515242,"Beef, ground, 80% lean, 20% fat, raw",0.0,0.0,0.0,0.0,18.61
2515257,"Beef, ground, grass-fed, 80% lean, 20% fat, raw",0.0,0.0,0.0,0.0,15.37
2515266,"pork, ground, raw",0.0,0.0,0.0,0.0,23.18
2515287,"Chicken, ground, breast meat only, raw",0.0,0.0,0.0,0.0,2.12
2515290,"Chicken, ground, raw",0.0,0.0,0.0,0.0,8.41
2515311,"Turkey, ground, 93% lean, 7% fat, raw",0.0,0.0,0.0,0.0,7.78
2515373,"Nuts, brazilnuts, raw",21.64216,0.0,5.984,15.03684,57.43
2515374,"Nuts, cashew nuts, raw",36.2887,0.0,4.104,17.4423,38.86
2515375,"Nuts, hazelnuts or filberts, raw",26.5012,0.0,8.41,13.4938,53.49
2515376,"Peanuts, raw",26.498,0.0,8.014,23.205,43.28
2515377,"Flour, chestnut",80.45025,0.0,8.711,5.28675,4.636
2515378,"Nuts, macadamia nuts, raw",24.0943,0.0,7.563,7.7857,64.93
2515379,"Nuts, pistachio nuts, raw",27.6943,0.0,6.969,20.5057,45.02
2515380,"Seeds, pumpkin seeds (pepitas), raw",18.6751,0.0,5.079,29.9079,40.03
2515381,"Seeds, sunflower seed, kernel, raw",24.5007,0.0,7.215,18.8733,48.44
2515382,"Flour, coconut",58.9025,0.0,34.24,16.1385,15.28
2515544,"brazil nuts, raw",0.0,0.0,6.12,0.0,0.0
2515552,"cashews, raw",0.0,0.0,3.82,0.0,0.0
2515560,"pumpkin seeds (pepitas), raw",0.0,0.0,4.99,0.0,0.0
2515568,"hazelnuts, raw",0.0,0.0,8.57,0.0,0.0
2515576,"macadamia nuts, raw",0.0,0.0,6.88,0.0,0.0
2515584,"pistachio nuts, raw",0.0,0.0,7.61,0.0,0.0
2515592,"sunflower seed kernels, raw",0.0,0.0,6.18,0.0,0.0
2515600,coconut flour,0.0,0.0,32.3,0.0,0.0
2515608,"peanuts, raw",0.0,0.0,6.34,0.0,0.0
2515616,chestnut flour,0.0,0.0,8.19,0.0,0.0
2644281,"Beans, cannellini, dry",59.7955,0.0,0.0,21.5625,2.199
2644282,"Chickpeas, (garbanzo beans, bengal gram), dry",60.358,0.0,0.0,21.275,6.274
2644283,"Lentils, dry",62.17125,0.0,0.0,23.56875,1.925
2644284,"Blackeye pea, dry",61.836,0.0,0.0,21.225,2.419
2644285,"Beans, black, canned, sodium added, drained and rinsed",19.8135,0.0,0.0,6.9125,1.273
2644286,"Beans, navy, canned, sodium added, drained and rinsed",19.98325,0.0,0.0,6.56875,1.398
2644287,"Beans, cannellini, canned, sodium added, drained and rinsed",18.8185,0.0,0.0,7.4125,1.169
2644288,"Chickpeas (garbanzo beans, bengal gram), canned, sodium added, drained and rinsed",20.32025,0.0,0.0,7.01875,3.096
2644289,"Beans, kidney, dark red, canned, sodium added, sugar added, drained and rinsed",21.03,0.0,0.0,7.8,1.256
2644290,"Beans, kidney, light red, canned, sodium added, sugar added, drained and rinsed",21.44675,0.0,0.0,7.30625,1.299
2644291,"Peas, green, sweet, canned, sodium added, sugar added, drained and rinsed",12.707625,0.0,0.0,4.734375,1.153
2644292,"Beans, pinto, canned, sodium added, drained and rinsed",19.60025,0.0,0.0,6.69375,1.266
2644293,"Blackeye pea, canned, sodium added, drained and rinsed",19.1659,0.0,0.0,6.925,1.296
2644294,"Beans, great northern, canned, sodium added, drained and rinsed",19.32875,0.0,0.0,7.03125,1.266
2645753,"beans, cannellini, dry",0.0,0.0,0.0,0.0,2.2
2645777,"beans, chickpeas/garbanzos, dry",0.0,0.0,0.0,0.0,5.94
2645801,"lentils, dry",0.0,0.0,0.0,0.0,2.01
2645807,"lentils, brown, dry",0.0,0.0,0.0,0.0,1.98
2645825,"blackeye pea, dry",0.0,0.0,0.0,0.0,2.42
2645849,"beans, black, canned, sodium added",0.0,0.0,0.0,0.0,0.82
2645873,"beans, navy, canned, sodium added",0.0,0.0,0.0,0.0,1.28
2645897,"beans, cannellini, canned, sodium added",0.0,0.0,0.0,0.0,1.31
2645921,"beans, chick peas/garbanzos, canned, sodium added",0.0,0.0,0.0,0.0,2.98
2645945,"beans, kidney, dark red, canned, sodium added, sugar added",0.0,0.0,0.0,0.0,1.14
2645969,"beans, kidney, light red, canned, sodium added, sugar added",0.0,0.0,0.0,0.0,1.62
2645993,"peas, green, sweet, canned, sodium added, sugar added",0.0,0.0,0.0,0.0,1.31
2646017,"beans, pinto, canned, sodium added",0.0,0.0,0.0,0.0,1.0
2646041,"beans, blackeye pea, canned, sodium added",0.0,0.0,0.0,0.0,1.25
2646065,"beans, great northern, canned, sodium added",0.0,0.0,0.0,0.0,1.27
2646168,"Pork, loin, boneless, raw",0.0,0.0,0.0,21.11875,9.469
2646169,"Pork, loin, tenderloin, boneless, raw",0.0,0.0,0.0,21.58125,3.899
2646170,"Chicken, breast, boneless, skinless, raw",0.0,0.0,0.0,22.525,1.934
2646171,"Chicken, thigh, boneless, skinless, raw",0.0,0.0,0.0,18.6125,7.916
2646172,"Beef, ribeye, steak, boneless, choice, raw",0.0,0.0,0.0,18.74375,20.04
2646173,"Beef, round, top round, boneless, choice, raw",0.852,0.0,0.0,21.475,5.703
2646174,"Beef, chuck, roast, boneless, choice, raw",0.0,0.0,0.0,18.4,17.8
2646175,"Beef, flank, steak, boneless, choice, raw",0.0,0.0,0.0,20.13125,9.399
2647010,"pork, loin, boneless",0.0,0.0,0.0,0.0,5.5
2647034,"pork, tenderloin, boneless",0.0,0.0,0.0,0.0,5.34
2647058,"chicken, breast, boneless, skinless",0.0,0.0,0.0,0.0,1.58
2647082,"chicken, thighs, boneless, skinless",0.0,0.0,0.0,0.0,6.31
2647106,"beef, ribeye steak, boneless",0.0,0.0,0.0,0.0,16.06
2647130,"beef, top round, boneless",0.0,0.0,0.0,0.0,8.57
2647154,"beef, chuck, roast, boneless",0.0,0.0,0.0,0.0,13.59
2647178,"beef, flank steak",0.0,0.0,0.0,0.0,9.96
2647437,"Yogurt, plain, nonfat",8.07675,0.0,0.0,4.22675,0.0875
2647438,"Cheese, monterey jack, solid",1.8979,0.0,0.0,22.6171,32.63
2647439,"Cheese, pasteurized process cheese food or product, American, singles",8.1898,0.0,0.0,15.5672,23.86
2647440,"Cheese, provolone, sliced",2.45312,0.0,0.0,23.45288,28.13
2647441,"Cheese, oaxaca, solid",2.40202,0.0,0.0,22.14498,22.1
2647442,"Cheese, queso fresco, solid",2.9572,0.0,0.0,18.8848,23.36
2647443,"Cheese, cotija, solid",2.72432,0.0,0.0,23.83568,27.24
2648326,"yogurt, plain, nonfat",0.0,0.0,0.0,0.0,0.0
2648350,"monterey jack cheese, block",0.0,0.0,0.0,0.0,33.39
2648374,"American pasteurized process cheese food, sliced, individually wrapped",0.0,0.0,0.0,0.0,27.5
2648380,"American pasteurized prepared cheese product, with added vitamin D, sliced, individually wrapped",0.0,0.0,0.0,0.0,22.0
2648383,"American pasteurized process cheese product, sliced, individually wrapped",0.0,0.0,0.0,0.0,24.7
2648389,"American pasteurized process cheese food, with added vitamin D, sliced, individually wrapped",0.0,0.0,0.0,0.0,22.44
2648398,"provolone cheese, sliced, non-smoked",0.0,0.0,0.0,0.0,27.13
2648416,"provolone cheese, sliced, smoked",0.0,0.0,0.0,0.0,27.8
2648422,oaxaca ,0.0,0.0,0.0,0.0,22.57
2648446,fresco (solid),0.0,0.0,0.0,0.0,23.58
2648470,cotija (solid),0.0,0.0,0.0,0.0,26.69
2684440,"Fish, salmon, sockeye, wild caught, raw",0.0,0.0,0.0,22.3,4.936
2684441,"Fish, salmon, Atlantic, farm raised, raw",0.0,0.0,0.0,20.31875,13.11
2684442,"Fish, tilapia, farm raised, raw",0.0,0.0,0.0,19.0,2.479
2684443,"Crustaceans, shrimp, farm raised, raw",0.48495,0.0,0.0,15.56875,0.8013
2684444,"Fish, cod, Atlantic, wild caught, raw",0.0,0.0,0.0,16.06875,0.6675
2684445,"Fish, catfish, farm raised, raw",0.0,0.0,0.0,16.46875,7.308
2684446,"Crustaceans, crab, blue swimming, lump, pasteurized, refrigerated",0.0,0.0,0.0,18.65,0.8075
2684673,"shrimp, farm raised, raw, tail off, head off, shell removed, not deveined, 31/40 count",0.0,0.0,0.0,0.0,0.55
2684676,"shrimp, farm raised, raw, tail off, head off, shell removed, not deveined, 21/25 count",0.0,0.0,0.0,0.0,0.92
2684679,"shrimp, farm raised, raw, tail off, head off, shell removed, not deveined, 36/40 count",0.0,0.0,0.0,0.0,1.37
2684682,"shrimp, farm raised, raw, tail off, head off, shell removed, not deveined, 26/30 count",0.0,0.0,0.0,0.0,0.76
2684697,"salmon, sockeye, wild caught, raw, skin removed",0.0,0.0,0.0,0.0,4.34
2684721,"salmon, Atlantic, farm raised, raw, skin removed",0.0,0.0,0.0,0.0,13.97
2684745,"tilapia, farm raised, raw, skin removed",0.0,0.0,0.0,0.0,2.18
2684769,"cod, Atlantic, wild caught, raw, skin removed",0.0,0.0,0.0,0.0,0.61
2684793,"catfish, farm raised, raw, skin removed",0.0,0.0,0.0,0.0,6.82
2684817,"crab, blue swimming, lump, pasteurized, refrigerated",0.0,0.0,0.0,0.0,0.93
2685568,"Squash, summer, green, zucchini, includes skin, raw",3.27,0.0,0.7525,0.984375,0.205
2685569,"Squash, summer, yellow, includes skin, raw",4.39,0.0,0.9563,0.890625,0.135
2685570,"Squash, winter, butternut, raw",10.50745,0.0,1.959,1.14875,0.1675
2685571,"Squash, winter, acorn, raw",10.48,0.0,2.635,1.25,0.1825
2685572,"Cabbage, bok choy, raw",3.51495,0.0,1.259,1.02375,0.2338
2685573,"Cauliflower, raw",4.723075,0.0,1.948,1.640625,0.2375
2685574,"Collards, raw",7.02225,0.0,3.816,2.96875,0.77
2685575,"Brussels sprouts, raw",9.615625,0.0,4.785,3.984375,0.565
2685576,"Beets, raw",8.787,0.0,3.119,1.6875,0.3025
2685577,"Eggplant, raw",5.399325,0.0,2.448,0.851875,0.12
2685578,"Tomatoes, whole, canned, solids and liquids, with salt added",4.2874,0.0,0.8725,0.8675,0.2063
2685579,"Tomato, sauce, canned, with salt added",6.331625,0.0,1.636,1.351875,0.3825
2685580,"Tomato, paste, canned, without salt added",20.188125,0.0,4.704,4.234375,0.7325
2685581,"Tomatoes, crushed, canned",7.137,0.0,1.944,1.4375,0.3975
2685582,"Tomato, puree, canned",8.036875,0.0,1.971,1.578125,0.265
2687008,"Squash, zucchini, raw",0.0,0.0,0.66,0.0,0.0
2687016,"Squash, yellow, raw",0.0,0.0,1.17,0.0,0.0
2687024,"Squash, butternut, raw",0.0,0.0,2.51,0.0,0.0
2687032,"Squash, acorn, raw",0.0,0.0,2.43,0.0,0.0
2687040,"Bok choy, regular (not baby), raw",0.0,0.0,0.88,0.0,0.0
2687080,"Eggplant, Italian, raw",0.0,0.0,2.49,0.0,0.0
2687088,"tomatoes, whole, canned, solids and liquids, with salt added",0.0,0.0,0.74,0.0,0.0
2687096,"tomato, sauce, canned, with salt added",0.0,0.0,2.05,0.0,0.0
2687104,"tomato, paste, canned, without salt added",0.0,0.0,4.49,0.0,0.0
2687105,"tomato, paste, canned, double- concentrated, without salt added",0.0,0.0,4.62,0.0,0.0
2687112,"tomatoes, crushed, canned, salt added",0.0,0.0,2.48,0.0,0.0
2687113,"tomatoes, crushed, canned, no salt added",0.0,0.0,2.08,0.0,0.0
2687120,"tomato, puree, canned, no salt added",0.0,0.0,1.65,0.0,0.0
2687126,"tomato, puree, canned, salt added",0.0,0.0,2.86,0.0,0.0
2710815,"Apricot, with skin, raw",10.23875,0.0,1.51,0.96125,0.405
2710816,"Melons, honeydew, raw",8.14995,0.0,0.0,0.53125,0.2163
2710817,"Plantains, ripe, raw",30.95215,0.0,2.125,1.15625,0.8933
2710818,"Plantains, underripe, raw",33.587325,0.0,2.53,1.229375,0.685
2710819,"Chia seeds, dry, raw",38.273,0.0,0.0,17.013,32.89
2710820,"Bulgur, dry, raw",75.88175,0.0,11.72,11.75625,2.421
2710821,"Wild rice, dry, raw",75.6695,0.0,4.26,12.7875,1.704
2710822,"Arugula, baby, raw",5.36825,0.0,2.28,1.64875,0.325
2710823,"Asparagus, green, raw",5.1012,0.0,1.883,1.4375,0.2163
2710824,"Avocado, Hass, peeled, raw",8.3235,0.0,0.0,1.8125,20.31
2710825,"Rice, black, unenriched, raw",77.18825,0.0,4.179,7.56875,3.438
2710826,"Corn, sweet, yellow and white kernels,  fresh, raw",14.689625,0.0,2.428,2.789375,1.626
2710827,"Einkorn, grain, dry, raw",68.65381,0.0,8.913,15.11719,3.811
2710828,"Farro, pearled, dry, raw",72.13156,0.0,7.31,12.63944,3.103
2710829,"Fonio, grain, dry, raw",81.30525,0.0,2.197,7.16875,1.693
2710830,"Khorasan, grain, dry, raw",71.79427,0.0,10.52,14.75573,2.8
2710831,"Kiwifruit (kiwi), green, peeled, raw",13.818075,0.0,2.129,1.008125,0.64
2710832,"Mandarin, seedless, peeled, raw",13.421825,0.0,1.328,1.039375,0.4575
2710833,"Mango, Tommy Atkins, peeled, raw",15.265,0.0,1.753,0.5625,0.5725
2710834,"Mango, Ataulfo, peeled, raw",17.3962,0.0,1.289,0.6875,0.6813
2710835,"Corn flour, masa harina, white or yellow, dry, raw",76.6895,0.0,7.038,7.5625,4.34
2710836,"Pear, Anjou, green, with skin, raw",14.7674,0.0,2.636,0.3125,0.3713
2710837,"Plum, black, with skin, raw",13.455575,0.0,1.346,0.578125,0.2825
2710838,"Rice, red, unenriched, dry, raw",76.1545,0.0,4.198,8.5625,3.44
2710839,"Sorghum bran, white, unenriched, dry, raw",68.69525,0.0,34.95,11.16875,9.259
2710840,"Sorghum flour, white, pearled, unenriched, dry, raw",73.5065,0.0,3.299,10.2125,3.238
2710841,"Sorghum grain, white, pearled, unenriched, dry, raw",74.872,0.0,3.916,10.25,3.265
2710842,"Sorghum, whole grain, white, dry, raw",73.57375,0.0,8.274,10.08125,4.219
2710843,"Plantains, overripe, raw",29.191425,0.0,1.792,1.166875,0.99
2711292,"Melons, honeydew, flesh only, raw",0.0,0.0,0.0,0.0,0.22
2711451,"Plantains, green, unripe, peeled, raw",0.0,0.0,2.29,0.0,0.0
2711585,"Plantains, yellow, ripe, peeled, raw",0.0,0.0,1.98,0.0,0.0
2711711,"Plantains, black, overripe, peeled, raw",0.0,0.0,1.52,0.0,0.0
2712172,"Einkorn, grain, wheat berry, dry, raw",0.0,0.0,9.6,0.0,0.0
2712252,"Khorasan, grain, wheat berry, dry, raw",0.0,0.0,10.66,0.0,0.0
2712573,"Chia seeds, whole, dry, raw",0.0,0.0,0.0,0.0,32.54
2712874,"Corn flour, masa harina, white, dry, raw",0.0,0.0,6.32,0.0,0.0
2712894,"Corn flour, masa harina, yellow, dry, raw",0.0,0.0,7.37,0.0,0.0
2712929,"Mango, Tommy Atkins, peeled, pit removed, raw",0.0,0.0,0.0,0.0,0.68
2713099,"Avocado, Hass, peeled, pit removed, raw",0.0,0.0,0.0,0.0,19.75
2713224,"Apricot, with skin, pitted, raw",0.0,0.0,1.24,0.0,0.0
2713566,"Arugula, baby, raw ",0.0,0.0,0.0,0.0,0.31
2713665,"Asparagus, green, whole spear, raw",0.0,0.0,0.0,0.0,0.3
2713960,"Mango, Ataulfo, peeled, pit removed, raw",0.0,0.0,1.39,0.0,0.0
2714136,"Pear, Anjou, green, with skin, seeded, core removed, raw",0.0,0.0,2.61,0.0,0.0
2714288,"Corn, sweet, yellow and white kernels, husked, kernels cut off, raw",0.0,0.0,3.8,0.0,0.0
2714488,"Plum, black, with skin, pitted, raw",0.0,0.0,1.36,0.0,0.0
2727566,"Chicken, drumstick, meat and skin, raw",-0.47505,0.0,0.0,18.35625,5.94
2727567,"Chicken, thigh, meat and skin, raw",-0.17255,0.0,0.0,17.10625,13.35
2727568,"Chicken, wing, meat and skin, raw",-0.45875,0.0,0.0,18.40625,10.64
2727569,"Chicken, breast, meat and skin, raw",-0.42825,0.0,0.0,21.40625,4.777
2727570,"Lamb, ground, raw",-0.2508,0.0,0.0,17.4625,18.64
2727571,"Bison, ground, raw",-0.14955,0.0,0.0,19.88125,8.88
2727572,"Beef, short loin (NY strip steak), raw",0.2212,0.0,0.0,21.325,11.54
2727573,"Beef, tenderloin steak, raw",0.18025,0.0,0.0,21.09375,6.456
2727574,"Beef, top sirloin steak, raw",0.218,0.0,0.0,21.975,5.708
2727575,"Pork, chop, center cut, raw",-0.5625,0.0,0.0,22.8125,5.475
2727576,"Pork, belly, with skin, raw",-0.705,0.0,0.0,15.2,35.83
2727577,"Pawpaw, peeled, seeded, raw",0.0,0.0,3.3,1.151875,0.0
2727578,"Squash, pie pumpkin, peeled, seeded, raw",0.0,0.0,2.3,0.854375,0.0
2727579,"Squash, spaghetti, peeled, seeded, raw",0.0,0.0,1.4,0.791875,0.0
2727580,"Rutabaga, peeled, raw",0.0,0.0,2.9,0.8875,0.0
2727581,"Blackberries, raw",0.0,0.0,5.3,1.52625,0.0
2727582,"Tomatillos, dehusked, raw",0.0,0.0,1.7,1.064375,0.0
2727583,"Cabbage, napa, leaf, destemmed, raw",0.0,0.0,1.2,1.06375,0.0
2727584,"Leeks, bulb and greens, root removed, raw",0.0,0.0,3.0,1.4675,0.0
2727585,"Green onion, (scallion), bulb and greens, root removed, raw",0.0,0.0,2.3,0.66875,0.0
2727586,"Shallots, bulb, peeled, root removed, raw",0.0,0.0,2.2,1.3775,0.0
2727587,"Juice, prune, shelf-stable",0.0,0.0,0.0,0.422625,0.0
2727588,"Juice, pomegranate, from concentrate, shelf-stable",0.0,0.0,0.0,0.0,0.0
2727589,"Juice, tart cherry, from concentrate, shelf-stable",0.0,0.0,0.0,0.1465625,0.0
2747652,"Anchovies, canned in olive oil, with salt, drained",2.4095,0.0,0.0,26.9375,9.853
2747653,"Beet greens, raw",4.658825,0.0,2.578,1.609375,0.1438
2747654,"Cod, Pacific or Alaskan, frozen, wild caught",0.524,0.0,0.0,14.2,0.216
2747655,"Fennel, bulb, raw",5.486225,0.0,2.046,0.921875,0.14
2747656,"Halibut, frozen, wild caught",-0.0602,0.0,0.0,19.0625,0.5917
2747657,"Lobster, tail only, frozen, wild caught",0.88555,0.0,0.0,12.99375,0.3667
2747658,"Mahi mahi, frozen, wild caught",0.28655,0.0,0.0,19.79375,0.3767
2747659,"Parsnips, raw",19.292275,0.0,5.351,1.265625,0.5381
2747660,"Peppers, banana or Hungarian wax, seeded, raw",4.966175,0.0,1.79,0.723125,0.1314
2747661,"Peppers, jalapeno, seeded, raw",5.075675,0.0,1.725,0.621125,0.1488
2747662,"Peppers, poblano, seeded, raw",5.143175,0.0,2.07,1.425625,0.1906
2747663,"Peppers, serrano, seeded, raw",6.136275,0.0,2.521,0.855625,0.1406
2747664,"Radicchio, raw",4.96125,0.0,2.114,1.30875,0.1431
2747665,"Radishes, red, raw",4.05682,0.0,1.314,0.65625,0.08313
2747666,"Scallops, bay, Patagonian, frozen, wild caught",2.2833,0.0,0.0,16.3875,0.4192
2747667,"Scallops, sea, frozen, wild caught",1.9662,0.0,0.0,13.5125,0.4933
2747668,"Sea bass, Chilean, frozen, wild caught",0.1392,0.0,0.0,14.925,16.57
2747669,"Snapper, frozen, wild caught",0.4413,0.0,0.0,20.6625,0.5692
2747670,"Snow crab, legs only, frozen  ",1.1063,0.0,0.0,15.5375,0.2942
2747671,"Squid (calamari), frozen, tubes only",0.93215,0.0,0.0,8.80625,0.5508
2747672,"Swordfish, frozen, wild caught",0.4495,0.0,0.0,19.2375,8.123
2747673,"Tuna, ahi or yellowfin, frozen, wild caught",-0.1045,0.0,0.0,24.7,0.3875
2747674,"Turnips, raw",7.274975,0.0,1.915,0.953125,0.1188
2747675,"Watermelon, seedless, flesh only, raw",0.0,0.0,0.0,0.87125,0.0
2747676,"Watermelon, seedless, rind only, raw",4.166,0.0,1.535,0.53125,0.07
2751425,"pawpaw, peeled, seeded, raw",0.0,0.0,2.6,0.0,0.0
2758975,"Rhubarb, stalk, raw",0.0,0.0,1.428,0.0,0.0
2758976,"Cranberries, dried, sweetened",0.0,0.0,4.36,0.0,0.0
2758977,"Grapefruit, raw",0.0,0.0,0.6525,0.0,0.0
2758978,"Plums, dried (prunes), uncooked",0.0,0.0,6.251,0.0,0.0
2758979,"Raisins, golden, seedless",0.0,0.0,3.006,0.0,0.0
2758980,"Raisins, dark, seedless",0.0,0.0,3.679,0.0,0.0
2758981,"Edamame, frozen, prepared",0.0,0.0,6.233,0.0,0.0
2758982,"Baked beans, Original, canned, with pork",0.0,0.0,3.547,0.0,0.0
2758983,"Beans, baked, canned, vegetarian",0.0,0.0,4.233,0.0,0.0
2758984,"Refried beans, canned (pinto)",0.0,0.0,3.868,0.0,0.0
2758985,"Refried beans, canned, vegetarian",0.0,0.0,3.91,0.0,0.0
2758989,"Peanut butter, Creamy",0.0,0.0,5.178,0.0,0.0
2768188,"Alaska Pollock, raw",0.0565,0.0,0.0,17.33,0.9925
