gender,height,weight,bmi_category,bmi,age,meals_per_day,exercise_level,bmr,carbs,proteins,fats,calories,fdc_id,food,fiber,protein,fat
1.0,174.0,96.0,Obesity,31.708283789139912,29,3,0,1901.25,285.188,114.075,76.05,2281.502,332562,"Pears, Green Anjou, Region 2, n/a, Yes, Fiber - NFY0000HK",3.7,0.0,0.0
1.0,189.0,87.0,Normal,24.35542118081801,25,3,4,1275.25,302.872,121.149,80.766,2422.978,335411,"Beans, Dry, Navy, 216 (0% moisture)",4.2,20.2,1.7
0.0,185.0,110.0,Obesity,32.14024835646457,23,2,0,1652.5,247.875,99.15,66.1,1983.0,335244,"Beans, Dry, Dark Red Kidney, 11F-8132 (0% moisture)",4.3,25.5,1.12
0.0,195.0,104.0,Overweight,27.350427350427356,22,3,0,2065.0,309.75,123.9,82.6,2478.0,335061,"Beef, short loin, t-bone steak, bone-in, separable lean only, trimmed to 1/8"" fat, choice, cooked, grilled",0.0,27.3,11.4
1.0,149.0,61.0,Overweight,27.476239809017613,19,3,2,1673.75,324.289,129.716,86.477,2594.313,335756,"Beans, Dry, Small Red, 370 (0% moisture)",4.1,22.7,1.22
1.0,189.0,104.0,Overweight,29.114526469023826,24,2,0,1616.25,242.438,96.975,64.65,1939.502,2346407,"Cabbage, green, raw",0.0,0.96125,0.2275
1.0,147.0,92.0,Extreme Obesity,42.5748530704799,30,3,0,1723.75,258.562,103.425,68.95,2068.498,328006,"Proximates, Cheddar cheese, sliced, SARGENTO SHARP  (NY) - NFY120DBP",0.0,0.0,33.6
1.0,154.0,111.0,Extreme Obesity,46.80384550514421,16,4,0,1636.25,245.438,98.175,65.45,1963.502,335355,"Beans, Dry, Navy, 476 (0% moisture)",4.2,25.7,1.53
1.0,174.0,90.0,Overweight,29.72651605231867,23,4,0,2133.75,320.062,128.025,85.35,2560.498,326249,"Carrots, sliced or crinkle cut, frozen, unprepared - Proximates - NF9913WD",0.0,0.0,1.16
0.0,169.0,103.0,Obesity,36.0631630545149,23,3,0,1430.0,214.5,85.8,57.2,1716.0,335600,"Beans, Dry, Pinto, 663 (0% moisture)",4.1,22.0,1.28
1.0,195.0,81.0,Normal,21.301775147929,32,2,0,1336.25,200.438,80.175,53.45,1603.502,2263888,"Raspberries, raw",0.0,1.008125,0.1875
0.0,159.0,80.0,Obesity,31.644317867172973,18,2,1,2140.0,367.812,147.125,98.083,2942.495,324157,"Sausage, breakfast sausage, beef, pre-cooked, unprepared",0.0,13.3,28.7
0.0,192.0,101.0,Overweight,27.39800347222222,22,3,0,1127.75,169.162,67.665,45.11,1353.298,335803,"Beans, Dry, Black, 11F-8146 (0% moisture)",4.8,26.0,1.05
1.0,155.0,51.0,Normal,21.227887617065555,25,3,3,1651.25,356.051,142.42,94.947,2848.407,331960,"Chicken, broiler or fryers, breast, skinless, boneless, meat only, cooked, braised",0.0,32.1,3.24
1.0,191.0,79.0,Normal,21.655108138483047,26,3,0,1445.0,216.75,86.7,57.8,1734.0,2713224,"Apricot, with skin, pitted, raw",1.24,0.0,0.0
0.0,153.0,107.0,Extreme Obesity,45.70891537442864,22,2,0,1676.25,251.438,100.575,67.05,2011.502,335633,"Beans, Dry, Pinto, 517 (0% moisture)",4.1,25.4,1.35
0.0,157.0,110.0,Extreme Obesity,44.62655685829039,20,3,0,1567.5,235.125,94.05,62.7,1881.0,2747663,"Peppers, serrano, seeded, raw",2.521,0.855625,0.1406
1.0,140.0,129.0,Extreme Obesity,65.81632653061226,24,2,0,1847.5,277.125,110.85,73.9,2217.0,335332,"Beans, Dry, Navy, 585 (0% moisture)",4.5,26.2,1.39
1.0,144.0,145.0,Extreme Obesity,69.9266975308642,44,4,0,1570.25,235.538,94.215,62.81,1884.302,333990,"Proximates, Tuna, canned, in water, drained solids, store brand,  GREAT VALUE &  SAFEWAY (AL,CA1) - NFY090S5Y",0.0,0.0,0.87
1.0,172.0,139.0,Extreme Obesity,46.9848566792861,21,2,1,1850.0,317.969,127.188,84.792,2543.756,2685570,"Squash, winter, butternut, raw",1.959,1.14875,0.1675
1.0,157.0,110.0,Extreme Obesity,44.62655685829039,34,3,0,1683.75,252.562,101.025,67.35,2020.498,335301,"Beans, Dry, Pink, 725 (0% moisture)",3.9,21.8,1.54
0.0,153.0,149.0,Extreme Obesity,63.650732624204366,20,3,0,1413.75,212.062,84.825,56.55,1696.498,327912,"Romaine Lettuce, Region 4, n/a, Yes - Fiber - NFY0101TC",2.0,0.0,0.0
0.0,169.0,97.0,Obesity,33.96239627464025,36,3,0,1993.75,299.062,119.625,79.75,2392.498,321358,"Hummus, commercial",5.4,7.35,17.1
1.0,185.0,139.0,Extreme Obesity,40.6135865595325,28,2,0,1430.25,214.538,85.815,57.21,1716.302,2648398,"provolone cheese, sliced, non-smoked",0.0,0.0,27.13
0.0,172.0,67.0,Normal,22.647376960519203,21,3,2,1600.0,310.0,124.0,82.667,2480.003,331658,"Fat, Chicken, dark meat, lean only, thigh, braised, non-enhanced (CA2,NC1) - 14B-09-02-TotalFat",0.0,0.0,8.15
0.0,151.0,64.0,Overweight,28.06894434454629,22,2,0,1995.0,299.25,119.7,79.8,2394.0,328129,"Proximates, Cheddar cheese, sliced, store brand, HYVEE CRACKER CUTS & PUBLIX (FL,MO) - NFY120DFJ",0.0,0.0,32.9
1.0,190.0,95.0,Overweight,26.31578947368421,22,3,0,1357.75,203.662,81.465,54.31,1629.298,335012,"Proximates, Beef, T-Bone Steak, lean only, cooked, animal 13, upperchoice",0.0,28.2,11.0
1.0,187.0,62.0,Weak,17.72998941919986,24,4,1,1576.25,270.918,108.367,72.245,2167.345,1753664,"MUSHROOMS, SHIITAKE",0.0,0.0,0.28
0.0,163.0,159.0,Extreme Obesity,59.84417930671084,24,2,0,1705.0,255.75,102.3,68.2,2046.0,334335,"TDF, Sweet And Sour Pork, Chinese restaurant (CO1,CT1) - NFY0903KF",1.3,0.0,0.0
1.0,179.0,152.0,Extreme Obesity,47.439218501295215,52,3,0,1359.0,203.85,81.54,54.36,1630.8,335924,"Beans, Dry, Small White, 544 (0% moisture)",4.4,23.5,1.02
1.0,153.0,121.0,Extreme Obesity,51.68952112435388,21,4,4,1665.0,395.438,158.175,105.45,3163.502,324743,"Proximates, Peanut butter, creamy, JIF (AL,CA1) - NFY120C96",0.0,0.0,52.2
1.0,178.0,52.0,Weak,16.41206918318394,51,3,0,1322.5,198.375,79.35,52.9,1587.0,329370,"Cheese, mozzarella, low moisture, part-skim",0.0,23.7,20.4
0.0,195.0,65.0,Weak,17.094017094017094,30,2,1,1815.0,311.953,124.781,83.188,2495.628,336018,"Beans, Dry, Great Northern, 826 (0% moisture)",4.6,27.1,1.08
0.0,160.0,131.0,Extreme Obesity,51.17187499999999,21,3,0,1350.0,202.5,81.0,54.0,1620.0,335384,"Beans, Dry, Navy, 561 (0% moisture)",4.3,24.7,1.6
0.0,157.0,153.0,Extreme Obesity,62.07148363016755,26,2,0,1363.75,204.562,81.825,54.55,1636.498,335646,"Beans, Dry, Pinto, 744 (0% moisture)",4.0,24.2,1.28
0.0,189.0,132.0,Obesity,36.9530528260687,24,3,0,1973.75,296.062,118.425,78.95,2368.498,330609,"Protein, ash,& moisture, Ground turkey, 93% lean, 7% fat, patties, broiled (NC1) ",0.0,25.3,0.0
0.0,197.0,114.0,Overweight,29.37462959622768,22,3,0,2026.25,303.938,121.575,81.05,2431.502,2003600,"Mushroom, enoki",2.945,2.416875,0.245
1.0,144.0,80.0,Obesity,38.58024691358025,29,2,1,1532.75,263.441,105.377,70.251,2107.531,2515218,"Beef, ground, grass-fed, 90% lean, 10% fat, raw",0.0,0.0,10.95
0.0,171.0,152.0,Extreme Obesity,51.98180636777128,21,3,0,1620.0,243.0,97.2,64.8,1944.0,335414,"Beans, Dry, Navy, 551 (0% moisture)",4.3,22.7,1.53
0.0,185.0,81.0,Normal,23.66691015339664,22,3,0,1776.25,266.438,106.575,71.05,2131.502,2747665,"Radishes, red, raw",1.314,0.65625,0.08313
0.0,175.0,120.0,Obesity,39.18367346938776,32,3,0,1526.5,228.975,91.59,61.06,1831.8,330211,"Proximates, Yogurt, Greek, strawberry, non-fat, DANNON OIKOS (CA2,NC) - NFY120ONI",0.0,7.88,0.3
0.0,149.0,108.0,Extreme Obesity,48.64645736678528,37,2,0,1402.75,210.412,84.165,56.11,1683.298,2710827,"Einkorn, grain, dry, raw",8.913,15.11719,3.811
1.0,157.0,56.0,Normal,22.7189744005842,25,3,0,1920.0,288.0,115.2,76.8,2304.0,2003593,"Grape juice, white, with added vitamin C, from concentrate, shelf stable",0.0,0.09375,0.265
1.0,161.0,118.0,Extreme Obesity,45.52293507194938,24,2,0,1360.25,204.038,81.615,54.41,1632.302,325255,"Grapefruit juice, white, shelf stable - NFY1213T5",0.0,0.0,0.43
0.0,182.0,126.0,Obesity,38.03888419273034,35,3,0,1468.75,220.312,88.125,58.75,1762.498,1750684,"ALMOND MILK, UNSWEETENED, PLAIN, SHELF STABLE",0.0,0.0,1.43
1.0,185.0,76.0,Normal,22.205989773557334,29,3,0,1624.0,243.6,97.44,64.96,1948.8,335481,"Beans, Dry, Pinto, 11F-8078 (0% moisture)",4.7,22.4,1.29
0.0,188.0,122.0,Obesity,34.51788139429606,26,2,1,1916.25,329.355,131.742,87.828,2634.84,2263892,"Applesauce, unsweetened, with added vitamin C",0.0,0.2734375,0.1625
1.0,181.0,111.0,Obesity,33.88174964134184,26,3,0,1877.5,281.625,112.65,75.1,2253.0,335508,"Beans, Dry, Pinto, 743 (0% moisture)",4.0,21.8,1.18
1.0,161.0,72.0,Overweight,27.776706145596236,34,2,0,1199.0,179.85,71.94,47.96,1438.8,335596,"Beans, Dry, Pinto, 773 (0% moisture)",4.2,27.9,1.22
1.0,140.0,152.0,Extreme Obesity,77.55102040816328,28,3,0,2017.5,302.625,121.05,80.7,2421.0,332002,"Proximates, Sauce, pasta, RAGU Old World, bottled spaghetti sauce (IN1) - NFY0904RL",0.0,0.0,2.16
0.0,168.0,135.0,Extreme Obesity,47.831632653061234,27,3,0,1455.25,218.288,87.315,58.21,1746.302,321599,"Beans, snap, canned, drained - NFY121205",0.0,0.0,0.39
0.0,176.0,54.0,Weak,17.43285123966942,21,2,0,1672.75,250.912,100.365,66.91,2007.298,2644292,"Beans, pinto, canned, sodium added, drained and rinsed",0.0,6.69375,1.266
1.0,163.0,110.0,Extreme Obesity,41.40163348263014,44,3,0,1316.25,197.438,78.975,52.65,1579.502,746995,"Cheese, American",0.0,0.0,32.0
1.0,172.0,105.0,Obesity,35.49215792320173,22,4,0,1290.25,193.538,77.415,51.61,1548.302,335703,"Beans, Dry, Small Red, 11F-8169 (0% moisture)",4.3,25.5,1.34
1.0,196.0,116.0,Obesity,30.1957517700958,35,3,0,1464.0,219.6,87.84,58.56,1756.8,334780,"Proximates, Beef, Boneless Top Loin steak, lean only, raw, animal 1, upperchoice",0.0,21.7,10.4
0.0,187.0,89.0,Overweight,25.45111384369012,24,3,0,1799.0,269.85,107.94,71.96,2158.8,335243,"Beans, Dry, Dark Red Kidney, 11F-8040 (0% moisture)",4.2,25.4,1.27
1.0,172.0,92.0,Obesity,31.09789075175771,40,3,0,1346.5,201.975,80.79,53.86,1615.8,335618,"Beans, Dry, Pinto, 809 (0% moisture)",4.0,25.3,0.98
1.0,178.0,127.0,Extreme Obesity,40.08332281277616,21,4,0,1421.5,213.225,85.29,56.86,1705.8,330855,"Protein, ash,& moisture, Ground turkey, 93% lean, 7% fat, patties, broiled (CT1) ",0.0,26.1,0.0
0.0,164.0,70.0,Overweight,26.026174895895306,22,2,0,1190.25,178.538,71.415,47.61,1428.302,2758976,"Cranberries, dried, sweetened",4.36,0.0,0.0
1.0,143.0,88.0,Extreme Obesity,43.03388918773535,22,2,0,1147.75,172.162,68.865,45.91,1377.298,335697,"Beans, Dry, Small Red, 11F-8142 (0% moisture)",4.8,24.5,1.0
0.0,191.0,54.0,Extremely Weak,14.802225816178286,23,3,1,1424.0,244.75,97.9,65.267,1958.003,324409,"Proximates, Pickles, kosher dill, spears, CLAUSEN (CO,CT) - NFY120HOK",0.0,0.0,0.2
0.0,141.0,143.0,Extreme Obesity,71.92797143000855,21,4,1,1215.25,208.871,83.548,55.699,1670.967,324833,"Proximates, Peanut butter, creamy, store brand/other brand, KROGER (IN,MI) - NFY120CCA",0.0,0.0,51.2
1.0,193.0,54.0,Extremely Weak,14.49703347740879,23,4,4,1722.5,409.094,163.638,109.092,3272.756,790021,"FLOUR, WHOLE WHEAT (UNENRICHED) (ORGANIC)",0.0,0.0,2.5
1.0,190.0,83.0,Normal,22.99168975069252,23,4,1,1790.0,307.656,123.062,82.042,2461.25,334551,"TDF, Tamale, Pork (CA-SB) - NFY090292",2.9,0.0,0.0
1.0,175.0,135.0,Extreme Obesity,44.08163265306123,21,3,3,1562.5,336.914,134.766,89.844,2695.316,2684721,"salmon, Atlantic, farm raised, raw, skin removed",0.0,0.0,13.97
0.0,179.0,158.0,Extreme Obesity,49.3118192316095,20,3,0,1389.0,208.35,83.34,55.56,1666.8,332241,"Proximates, Sauce, pasta, HUNTS original, canned spaghetti sauce (NC1) - NFY0904ZF",0.0,0.0,0.63
0.0,172.0,96.0,Obesity,32.44997295835587,22,3,0,1326.25,198.938,79.575,53.05,1591.502,327864,"Romaine Lettuce, Region 2, n/a, Yes - Fiber - NFY0101RC",1.8,0.0,0.0
0.0,168.0,59.0,Normal,20.904195011337876,30,4,0,1916.25,287.438,114.975,76.65,2299.502,335392,"Beans, Dry, Navy, 546 (0% moisture)",4.5,24.6,1.63
0.0,164.0,82.0,Obesity,30.487804878048784,20,3,0,1230.25,184.538,73.815,49.21,1476.302,334712,"TDF, Pupusas, Bean, flat stuffed corn biscuit (MD,NM) - NFY0901WQ",5.4,0.0,0.0
0.0,194.0,136.0,Obesity,36.13561483685833,30,3,0,1629.0,244.35,97.74,65.16,1954.8,2687088,"tomatoes, whole, canned, solids and liquids, with salt added",0.74,0.0,0.0
0.0,153.0,51.0,Normal,21.78649237472767,36,3,0,1385.0,207.75,83.1,55.4,1662.0,326327,"Carrots, whole, unprepared - Proximates - NF99143A",0.0,0.0,0.35
1.0,178.0,117.0,Obesity,36.92715566216387,23,2,0,1300.0,195.0,78.0,52.0,1560.0,332729,"Olives, Green Manzanilla, Mario - GA, IN",0.0,0.0,14.8
1.0,141.0,80.0,Extreme Obesity,40.239424576228565,19,3,0,1868.75,280.312,112.125,74.75,2242.498,335000,"Proximates, Beef, T-Bone Steak, lean only, cooked, animal 30, upperchoice",0.0,27.0,15.0
1.0,180.0,75.0,Normal,23.148148148148145,25,3,0,1991.25,298.688,119.475,79.65,2389.502,332097,"TDF, Sauce, pasta, PREGO 100% Natural Italian, Traditional, bottled spaghetti sauce (FL1,MO1) - NFY0904UL",1.9,0.0,0.0
0.0,185.0,100.0,Overweight,29.218407596785973,22,4,0,1798.75,269.812,107.925,71.95,2158.498,2645921,"beans, chick peas/garbanzos, canned, sodium added",0.0,0.0,2.98
0.0,197.0,154.0,Obesity,39.68151717385143,41,3,0,1828.75,274.312,109.725,73.15,2194.498,331903,"Proximates, Chicken breasts, boneless, skinless, non-enhanced, braised (IN,NY) - 17A-02-01-Prox",0.0,0.0,3.99
1.0,165.0,104.0,Obesity,38.20018365472912,32,3,0,2065.0,309.75,123.9,82.6,2478.0,2515568,"hazelnuts, raw",8.57,0.0,0.0
0.0,168.0,90.0,Obesity,31.88775510204082,21,3,0,1500.0,225.0,90.0,60.0,1800.0,326850,"Figs, Dried, Pass 2, Region 4, n/a, Yes, Proximates - NFY010CHH",0.0,0.0,1.19
0.0,176.0,122.0,Obesity,39.3853305785124,36,3,0,1099.0,164.85,65.94,43.96,1318.8,328441,"Proximates, Cheese, cheddar, mild, block/chunk KRAFT (PA,CA1,VA) - NFY120WW9",0.0,0.0,33.1
1.0,181.0,51.0,Extremely Weak,15.567290375751655,19,2,0,1350.0,202.5,81.0,54.0,1620.0,335297,"Beans, Dry, Pink, 752 (0% moisture)",4.1,23.0,1.11
1.0,164.0,75.0,Overweight,27.88518738845925,32,4,0,1986.25,297.938,119.175,79.45,2383.502,2003594,"Cranberry juice, not fortified, from concentrate, shelf stable",0.0,0.0,0.3375
0.0,166.0,140.0,Extreme Obesity,50.80563216722311,18,3,0,1345.25,201.788,80.715,53.81,1614.302,322035,"MILK, 1% ",0.0,0.0,1.14
0.0,190.0,105.0,Overweight,29.085872576177287,19,2,1,1265.25,217.465,86.986,57.991,1739.723,335485,"Beans, Dry, Pinto, 11F-8037 (0% moisture)",4.3,20.6,1.49
1.0,186.0,118.0,Obesity,34.10798936293212,18,2,1,1643.75,282.52,113.008,75.339,2260.163,335268,"Beans, Dry, Pink, 481 (0% moisture)",4.1,25.7,1.18
1.0,168.0,123.0,Extreme Obesity,43.57993197278912,23,3,0,1451.25,217.688,87.075,58.05,1741.502,1105668,"APPLES, GALA",2.7,0.0,0.0
1.0,198.0,50.0,Extremely Weak,12.753800632588511,21,4,0,1704.0,255.6,102.24,68.16,2044.8,335613,"Beans, Dry, Pinto, 484 (0% moisture)",4.0,24.0,0.98
0.0,175.0,141.0,Extreme Obesity,46.04081632653061,22,4,0,1324.0,198.6,79.44,52.96,1588.8,335278,"Beans, Dry, Pink, 404 (0% moisture)",4.0,22.9,1.29
1.0,145.0,117.0,Extreme Obesity,55.64803804994055,31,2,0,1445.25,216.788,86.715,57.81,1734.302,335640,"Beans, Dry, Pinto, 642 (0% moisture)",4.0,21.9,1.41
0.0,159.0,104.0,Extreme Obesity,41.13761322732486,20,3,3,1119.0,241.284,96.514,64.342,1930.27,326986,"Kiwi, Region 3, n/a, Yes, Fiber  - NFY0100TB",2.4,0.0,0.0
0.0,185.0,140.0,Extreme Obesity,40.90577063550036,23,3,0,1990.0,298.5,119.4,79.6,2388.0,335816,"Beans, Dry, Black, 348 (0% moisture)",4.0,26.0,1.05
0.0,178.0,154.0,Extreme Obesity,48.604974119429365,22,4,0,1297.75,194.662,77.865,51.91,1557.298,327414,"Oranges, Navel, Raw, Region 1, n/a, Yes, Proximates - NFY0103ZP",0.0,0.0,0.07
0.0,183.0,96.0,Overweight,28.6661291767446,21,3,4,1530.0,363.375,145.35,96.9,2907.0,2685582,"Tomato, puree, canned",1.971,1.578125,0.265
0.0,194.0,111.0,Overweight,29.4930385800829,16,3,2,1586.25,307.336,122.934,81.956,2458.684,326837,"Figs, Dried, Pass 2, Region 4, n/a, Yes, Proximates - NFY010CGO",0.0,0.0,1.07
1.0,177.0,61.0,Normal,19.4707778735357,25,2,0,1992.5,298.875,119.55,79.7,2391.0,335914,"Beans, Dry, Small White, 11F-8160 (0% moisture)",4.1,26.2,1.06
1.0,197.0,119.0,Obesity,30.66299054343065,37,3,0,1530.25,229.538,91.815,61.21,1836.302,2646175,"Beef, flank, steak, boneless, choice, raw",0.0,20.13125,9.399
0.0,170.0,156.0,Extreme Obesity,53.97923875432527,22,3,1,1556.25,267.48,106.992,71.328,2139.84,2006573,"mushrooms, hon-shimiji (beech), white",0.0,0.0,0.48
1.0,142.0,69.0,Obesity,34.21940091251736,25,3,0,1164.0,174.6,69.84,46.56,1396.8,2351207,"celery, raw",0.0,0.0,0.26
1.0,160.0,139.0,Extreme Obesity,54.29687499999999,35,3,0,1482.75,222.412,88.965,59.31,1779.298,324819,"TDF, Peanut butter, creamy, store brand/other brand, GREAT VALUE (AL,OK) - NFY120CBK",4.9,0.0,0.0
1.0,195.0,69.0,Weak,18.14595660749507,30,3,0,1576.5,236.475,94.59,63.06,1891.8,335982,"Beans, Dry, Great Northern, 688 (0% moisture)",4.4,25.0,1.33
0.0,190.0,50.0,Extremely Weak,13.850415512465377,28,3,0,1486.25,222.938,89.175,59.45,1783.502,332021,"Proximates, Sauce, pasta, RAGU Old World, bottled spaghetti sauce (NC1) - NFY0904SF",0.0,0.0,1.87
1.0,199.0,156.0,Obesity,39.392944622610536,20,2,0,1365.25,204.788,81.915,54.61,1638.302,328600,"Proximates, Cheese, cheddar, sharp, block/chunk, store brand, ESSENTIAL EVERYDAY (NC,PA) - NFY120X2Q",0.0,0.0,34.2
1.0,154.0,105.0,Extreme Obesity,44.27390791027155,58,2,0,1136.5,170.475,68.19,45.46,1363.8,2758981,"Edamame, frozen, prepared",6.233,0.0,0.0
1.0,161.0,155.0,Extreme Obesity,59.797075730103,21,2,0,1454.0,218.1,87.24,58.16,1744.8,335869,"Beans, Dry, Black, 615 (0% moisture)",4.2,25.1,1.86
0.0,198.0,145.0,Obesity,36.98602183450669,22,3,0,1197.75,179.662,71.865,47.91,1437.298,332168,"Proximates, Sauce, pasta, PREGO 100% Natural Italian, Traditional, bottled spaghetti sauce (MO1) - NFY0904WL",0.0,0.0,1.52
0.0,192.0,140.0,Obesity,37.97743055555556,21,2,0,1615.25,242.288,96.915,64.61,1938.302,2346384,"Cottage cheese, full fat, large or small curd",0.0,11.62436,4.225
1.0,195.0,126.0,Obesity,33.13609467455621,20,3,0,1467.5,220.125,88.05,58.7,1761.0,336014,"Beans, Dry, Great Northern, 656 (0% moisture)",4.1,21.8,1.08
1.0,166.0,160.0,Extreme Obesity,58.06357961968356,26,2,2,1397.75,270.814,108.326,72.217,2166.513,335688,"Beans, Dry, Pinto, 677 (0% moisture)",4.0,25.1,1.19
1.0,159.0,154.0,Extreme Obesity,60.915311894307976,37,2,1,1518.75,261.035,104.414,69.609,2088.277,334219,"Proximates, Sugar, Granulated, White, Name brand (FL1, MO1, NY1) - NFY040XE7",0.0,0.0,0.11
0.0,181.0,106.0,Obesity,32.35554470254266,41,3,0,1685.25,252.788,101.115,67.41,2022.302,335603,"Beans, Dry, Pinto, 362 (0% moisture)",3.8,22.8,1.23
1.0,149.0,66.0,Overweight,29.72839061303545,46,3,1,1079.0,185.453,74.181,49.454,1483.622,334809,"Proximates, Beef, Boneless Top Loin steak, lean only, raw, animal 30, upperchoice",0.0,23.6,4.97
0.0,150.0,70.0,Obesity,31.11111111111111,35,3,0,1539.0,230.85,92.34,61.56,1846.8,328600,"Proximates, Cheese, cheddar, sharp, block/chunk, store brand, ESSENTIAL EVERYDAY (NC,PA) - NFY120X2Q",0.0,0.0,34.2
0.0,146.0,157.0,Extreme Obesity,73.65359354475513,25,3,0,1564.0,234.6,93.84,62.56,1876.8,327069,"Cantaloupe, raw, Region 3, n/a, Yes - Proximates,  NF0009H6, NF0009I0",0.0,0.0,0.18
1.0,190.0,135.0,Obesity,37.39612188365651,25,3,1,1962.5,337.305,134.922,89.948,2698.44,332642,"Olives, Green Manzanilla, Store Brand - IA, TX",0.0,0.0,12.2
0.0,192.0,90.0,Normal,24.4140625,22,3,0,1376.25,206.438,82.575,55.05,1651.502,327010,"Kiwi, Region 1, n/a, Yes, Proximates  - NFY0100RA",0.0,0.0,0.27
0.0,177.0,96.0,Obesity,30.642535669826675,26,3,0,1476.25,221.438,88.575,59.05,1771.502,324860,"Peanut butter, smooth style, with salt",4.8,22.5,51.1
1.0,148.0,60.0,Overweight,27.39225712198685,24,2,4,1585.0,376.438,150.575,100.383,3011.499,334840,"Proximates, Beef, Boneless Top Loin steak, lean only, raw, animal 33, lowerchoice",0.0,22.7,4.19
0.0,165.0,57.0,Normal,20.936639118457304,18,3,0,1280.25,192.038,76.815,51.21,1536.302,336000,"Beans, Dry, Great Northern, 789 (0% moisture)",4.2,24.0,1.1
0.0,146.0,104.0,Extreme Obesity,48.78964158378683,18,2,0,1349.0,202.35,80.94,53.96,1618.8,335602,"Beans, Dry, Pinto, 704 (0% moisture)",4.5,26.8,1.06
1.0,144.0,108.0,Extreme Obesity,52.083333333333336,23,3,0,1881.25,282.188,112.875,75.25,2257.502,332585,"Bartlett Pears, Pass 2, Freeze Dried, Regions 2 & 3, n/a, Yes - Fiber, NFY0108TX",2.5,0.0,0.0
0.0,176.0,156.0,Extreme Obesity,50.36157024793389,26,3,0,1680.25,252.038,100.815,67.21,2016.302,329375,"Whole eggs, dried",0.0,0.0,39.1
0.0,168.0,87.0,Obesity,30.824829931972797,40,3,0,1039.0,155.85,62.34,41.56,1246.8,334751,"Proximates, Beef, Boneless Top Loin steak, lean only, raw, animal 14, lowerchoice",0.0,23.8,6.9
1.0,187.0,122.0,Obesity,34.888043695844885,25,2,3,1304.0,281.175,112.47,74.98,2249.4,323511,Whole eggs,0.0,0.0,11.5
1.0,187.0,138.0,Obesity,39.46352483628356,35,4,0,1970.0,295.5,118.2,78.8,2364.0,336042,"Beans, Dry, Great Northern, 683 (0% moisture)",4.3,24.3,1.12
0.0,184.0,160.0,Extreme Obesity,47.25897920604915,22,2,0,1567.5,235.125,94.05,62.7,1881.0,335875,"Beans, Dry, Black, 545 (0% moisture)",3.8,24.4,1.38
0.0,158.0,149.0,Extreme Obesity,59.68594776478128,22,4,0,1691.5,253.725,101.49,67.66,2029.8,2646175,"Beef, flank, steak, boneless, choice, raw",0.0,20.13125,9.399
1.0,158.0,96.0,Obesity,38.45537574106713,34,3,0,1973.75,296.062,118.425,78.95,2368.498,335796,"Beans, Dry, Black, 11F-8039 (0% moisture)",4.2,25.7,1.28
1.0,194.0,115.0,Obesity,30.55585078116697,25,4,0,1892.5,283.875,113.55,75.7,2271.0,329117,"Proximates, Mozzarella cheese, low-moisture, part-skim, store brand, KROGER (MI,IN) - NFY120DMN",0.0,0.0,20.0
0.0,145.0,79.0,Obesity,37.5743162901308,25,2,0,1722.5,258.375,103.35,68.9,2067.0,334919,"Proximates, Beef, Top Round roast/steak, lean only, raw, animal 10, select",0.0,24.9,2.35
1.0,182.0,151.0,Extreme Obesity,45.58628185001811,25,2,0,1175.25,176.288,70.515,47.01,1410.302,335300,"Beans, Dry, Pink, 433 (0% moisture)",4.0,20.7,1.6
1.0,154.0,54.0,Normal,22.76943835385394,24,4,1,1647.5,283.164,113.266,75.51,2265.31,335840,"Beans, Dry, Black, 274 (0% moisture)",4.0,24.0,1.33
0.0,168.0,139.0,Extreme Obesity,49.248866213151935,41,4,0,1482.75,222.412,88.965,59.31,1779.298,335938,"Beans, Dry, Great Northern, 11F-8141 (0% moisture)",4.3,26.6,1.31
0.0,187.0,70.0,Normal,20.0177299894192,39,2,0,1372.75,205.912,82.365,54.91,1647.298,335715,"Beans, Dry, Small Red, 772 (0% moisture)",4.1,21.9,1.27
0.0,158.0,153.0,Extreme Obesity,61.28825508732574,18,3,0,1795.0,269.25,107.7,71.8,2154.0,332122,"Proximates, Sauce, pasta, PREGO 100% Natural Italian, Traditional, bottled spaghetti sauce (NY1) - NFY0904V9",0.0,0.0,1.9
0.0,167.0,110.0,Obesity,39.442073935960416,23,4,4,1831.25,434.922,173.969,115.979,3479.375,334888,"Proximates, Beef, Tenderloin Roast, lean only, cooked, animal 10, select",0.0,29.1,5.15
0.0,171.0,155.0,Extreme Obesity,53.00776307239835,23,3,0,1412.75,211.912,84.765,56.51,1695.298,335761,"Beans, Dry, Small Red, 759 (0% moisture)",4.1,24.0,1.13
0.0,183.0,150.0,Extreme Obesity,44.79082683866344,26,2,0,1796.25,269.438,107.775,71.85,2155.502,335481,"Beans, Dry, Pinto, 11F-8078 (0% moisture)",4.7,22.4,1.29
0.0,190.0,156.0,Extreme Obesity,43.21329639889197,17,2,0,1888.75,283.312,113.325,75.55,2266.498,790021,"FLOUR, WHOLE WHEAT (UNENRICHED) (ORGANIC)",0.0,0.0,2.5
1.0,194.0,108.0,Overweight,28.69592942926985,22,3,0,2075.0,311.25,124.5,83.0,2490.0,335472,"Beans, Dry, Pinto, 11F-8176 (0% moisture)",4.7,25.4,1.13
1.0,171.0,147.0,Extreme Obesity,50.27187852672618,25,2,0,1338.75,200.812,80.325,53.55,1606.498,335781,"Beans, Dry, Cranberry, 750 (0% moisture)",4.2,25.2,1.24
1.0,159.0,124.0,Extreme Obesity,49.04869269411811,26,3,1,1817.5,312.383,124.953,83.302,2499.062,335647,"Beans, Dry, Pinto, 451 (0% moisture)",4.1,24.0,1.12
0.0,169.0,54.0,Normal,18.90690101887189,22,3,0,1084.0,162.6,65.04,43.36,1300.8,1750353,"Spinach, mature",1.588,2.90625,0.6044
0.0,167.0,85.0,Obesity,30.477966223242134,25,2,0,1445.25,216.788,86.715,57.81,1734.302,335614,"Beans, Dry, Pinto, 729 (0% moisture)",3.9,23.5,1.02
1.0,180.0,149.0,Extreme Obesity,45.98765432098765,20,3,0,1480.25,222.038,88.815,59.21,1776.302,2515584,"pistachio nuts, raw",7.61,0.0,0.0
1.0,163.0,123.0,Extreme Obesity,46.29455380330461,23,3,3,1922.5,414.539,165.816,110.544,3316.316,335526,"Beans, Dry, Pinto, 814 (0% moisture)",4.4,26.6,1.16
1.0,140.0,79.0,Extreme Obesity,40.3061224489796,32,3,0,1157.75,173.662,69.465,46.31,1389.298,335518,"Beans, Dry, Pinto, 825 (0% moisture)",4.1,24.0,1.03
1.0,197.0,125.0,Obesity,32.20902368007421,21,3,3,1581.25,340.957,136.383,90.922,2727.658,335424,"Beans, Dry, Brown, 679 (0% moisture)",4.1,26.1,1.12
1.0,194.0,106.0,Overweight,28.16452332872781,25,3,0,1371.25,205.688,82.275,54.85,1645.502,334298,"Proximates, Sweet And Sour Pork, Chinese restaurant (CA1,VA) - NFY0903J7",0.0,0.0,17.0
0.0,140.0,146.0,Extreme Obesity,74.48979591836736,25,3,0,1462.5,219.375,87.75,58.5,1755.0,335886,"Beans, Dry, Black, 395 (0% moisture)",4.1,22.2,1.72
1.0,195.0,98.0,Overweight,25.77251808021039,23,4,1,1672.5,287.461,114.984,76.656,2299.684,335399,"Beans, Dry, Navy, 237 (0% moisture)",4.4,23.8,1.75
0.0,168.0,115.0,Overweight,40.74546485260772,23,2,0,1394.0,209.1,83.64,55.76,1672.8,330906,"Fat, Chicken, skin, raw, from drumsticks and thighs, non-enhanced (National) - 14B-01-01-TotalFat",0.0,0.0,44.2
0.0,196.0,50.0,Extremely Weak,13.015410245730946,23,2,1,1662.5,285.742,114.297,76.198,2285.938,335597,"Beans, Dry, Pinto, 371 (0% moisture)",4.0,25.9,1.29
1.0,140.0,52.0,Overweight,26.530612244897963,23,3,0,1511.25,226.688,90.675,60.45,1813.502,335552,"Beans, Dry, Pinto, 736 (0% moisture)",4.0,23.2,1.04
0.0,150.0,60.0,Overweight,26.666666666666668,22,3,0,1607.5,241.125,96.45,64.3,1929.0,330618,"Protein, ash,& moisture, Ground turkey, 93% lean, 7% fat, raw (CO1,CT1,IN1) ",0.0,18.8,0.0
0.0,168.0,140.0,Extreme Obesity,49.60317460317461,25,3,0,1402.5,210.375,84.15,56.1,1683.0,326107,"Proximates, Cheese, swiss, slices (FL, MO) - 18c-17-05-Prox",0.0,0.0,32.0
0.0,155.0,111.0,Extreme Obesity,46.20187304890738,25,3,0,1331.25,199.688,79.875,53.25,1597.502,335374,"Beans, Dry, Navy, 548 (0% moisture)",4.4,24.0,1.43
0.0,179.0,103.0,Obesity,32.14631253706189,23,4,0,1474.0,221.1,88.44,58.96,1768.8,330789,"Total Fat, Ground turkey, 93% lean, 7% fat, patties, broiled (CA1)",0.0,0.0,9.59
0.0,182.0,84.0,Overweight,25.35925612848689,18,2,0,1695.0,254.25,101.7,67.8,2034.0,330701,"Total Fat, Ground turkey, 93% lean, 7% fat, patties, broiled (AL1,CA1,MI1)",0.0,0.0,11.5
1.0,168.0,160.0,Extreme Obesity,56.689342403628125,21,3,0,1391.25,208.688,83.475,55.65,1669.502,790747,"BANANAS, OVERRIPE, MEDIUM SIZE",1.1,0.0,0.0
0.0,187.0,102.0,Overweight,29.168692270296543,18,3,0,1515.0,227.25,90.9,60.6,1818.0,335749,"Beans, Dry, Small Red, 755 (0% moisture)",4.0,22.0,1.18
1.0,181.0,105.0,Obesity,32.05030371478282,22,3,2,1536.25,297.648,119.059,79.373,2381.185,335613,"Beans, Dry, Pinto, 484 (0% moisture)",4.0,24.0,0.98
1.0,199.0,99.0,Normal,24.999368702810536,25,3,0,2040.0,306.0,122.4,81.6,2448.0,335250,"Beans, Dry, Pink, 11F-8197 (0% moisture)",4.3,24.4,1.15
0.0,184.0,76.0,Normal,22.448015122873343,24,2,0,1750.0,262.5,105.0,70.0,2100.0,335972,"Beans, Dry, Great Northern, 579 (0% moisture)",4.6,30.5,1.21
1.0,192.0,101.0,Overweight,27.39800347222222,22,2,0,1479.0,221.85,88.74,59.16,1774.8,335638,"Beans, Dry, Pinto, 692 (0% moisture)",3.9,20.7,1.55
0.0,182.0,143.0,Extreme Obesity,43.17111459968603,22,3,0,1445.0,216.75,86.7,57.8,1734.0,329375,"Whole eggs, dried",0.0,0.0,39.1
0.0,172.0,111.0,Obesity,37.52028123309898,32,3,4,1646.25,390.984,156.394,104.262,3127.87,335408,"Beans, Dry, Navy, 565 (0% moisture)",4.4,23.9,1.52
1.0,181.0,78.0,Normal,23.80879704526724,22,2,4,1677.5,398.406,159.362,106.242,3187.25,335754,"Beans, Dry, Small Red, 374 (0% moisture)",3.8,22.0,1.18
1.0,176.0,109.0,Obesity,35.18853305785124,30,3,0,1853.75,278.062,111.225,74.15,2224.498,330837,"Protein, ash,& moisture, Ground turkey, 93% lean, 7% fat, raw (CT1) ",0.0,17.4,0.0
0.0,156.0,106.0,Extreme Obesity,43.5568704799474,20,4,0,1570.25,235.538,94.215,62.81,1884.302,2346398,"Pineapple, raw",0.9346,0.4609375,0.2113
0.0,151.0,67.0,Overweight,29.384676110696898,59,2,0,1170.25,175.538,70.215,46.81,1404.302,319915,Hummus - NFY12140Q,5.7,0.0,0.0
0.0,188.0,80.0,Normal,22.634676324128566,17,3,0,1645.0,246.75,98.7,65.8,1974.0,330588,"Total Fat, Ground turkey, 93% lean, 7% fat, pan-broiled crumbles (NC1)",0.0,0.0,13.1
1.0,187.0,136.0,Obesity,38.891589693728726,26,3,0,1485.25,222.788,89.115,59.41,1782.302,2645993,"peas, green, sweet, canned, sodium added, sugar added",0.0,0.0,1.31
1.0,174.0,138.0,Extreme Obesity,45.58065794688862,44,3,0,1450.25,217.538,87.015,58.01,1740.302,335707,"Beans, Dry, Small Red, 11F-8115 (0% moisture)",4.5,24.3,1.13
1.0,167.0,151.0,Extreme Obesity,54.14321058481839,40,3,1,1389.0,238.734,95.494,63.662,1909.87,332533,"Pears, Bosc, Region 3, n/a, Yes, Proximates - NFY0000CK",0.0,0.0,0.2
0.0,196.0,131.0,Obesity,34.10037484381508,19,3,0,1622.5,243.375,97.35,64.9,1947.0,335877,"Beans, Dry, Black, 552 (0% moisture)",4.4,25.5,1.68
1.0,197.0,149.0,Obesity,38.39315622664846,28,2,0,1105.25,165.788,66.315,44.21,1326.302,2747662,"Peppers, poblano, seeded, raw",2.07,1.425625,0.1906
0.0,185.0,119.0,Obesity,34.76990504017531,24,3,0,2073.75,311.062,124.425,82.95,2488.498,335779,"Beans, Dry, Cranberry, 11F-8131 (0% moisture)",4.6,25.5,1.03
0.0,170.0,102.0,Obesity,35.294117647058826,27,3,0,1225.25,183.788,73.515,49.01,1470.302,335269,"Beans, Dry, Pink, 817 (0% moisture)",4.2,25.4,1.23
0.0,181.0,94.0,Overweight,28.692652849424626,22,3,3,1519.0,327.534,131.014,87.342,2620.27,335000,"Proximates, Beef, T-Bone Steak, lean only, cooked, animal 30, upperchoice",0.0,27.0,15.0
0.0,166.0,126.0,Extreme Obesity,45.7250689505008,24,4,0,1227.75,184.162,73.665,49.11,1473.298,335825,"Beans, Dry, Black, 583 (0% moisture)",4.2,24.7,1.44
1.0,188.0,100.0,Overweight,28.293345405160707,21,3,0,1202.75,180.412,72.165,48.11,1443.298,335813,"Beans, Dry, Black, 11F-8140 (0% moisture)",4.8,26.3,1.14
0.0,162.0,74.0,Overweight,28.19692120103642,20,2,4,1941.25,461.047,184.419,122.946,3688.378,335851,"Beans, Dry, Black, 569 (0% moisture)",4.0,24.5,1.38
1.0,177.0,117.0,Obesity,37.34559034760126,23,2,0,1611.25,241.688,96.675,64.45,1933.502,335557,"Beans, Dry, Pinto, 373 (0% moisture)",4.3,25.9,1.43
1.0,162.0,97.0,Obesity,36.96082914189909,22,2,0,1310.25,196.538,78.615,52.41,1572.302,2648326,"yogurt, plain, nonfat",0.0,0.0,0.0
1.0,180.0,73.0,Normal,22.530864197530864,24,3,0,2096.25,314.438,125.775,83.85,2515.502,332396,"Lunchmeat, ham - NFY1210R2",0.0,0.0,3.61
0.0,192.0,108.0,Overweight,29.296875,24,3,0,1393.75,209.062,83.625,55.75,1672.498,324835,"TDF, Peanut butter, creamy, store brand/other brand, KROGER (IN,MI) - NFY120CCC",4.8,0.0,0.0
1.0,165.0,80.0,Overweight,29.384756657483933,34,2,0,1279.0,191.85,76.74,51.16,1534.8,324018,"Proximates, Salsa, PACE CHUNKY, MEDIUM (FL,MO) - NFY090KYM",0.0,0.0,0.2
0.0,167.0,135.0,Extreme Obesity,48.40618164867869,23,3,0,2071.25,310.688,124.275,82.85,2485.502,327109,"Cantaloupe, raw, Region 4, n/a, Yes - Proximates,  NF0009I5, NF0009IS",0.0,0.0,0.23
0.0,161.0,134.0,Extreme Obesity,51.69553643763743,22,3,0,1807.5,271.125,108.45,72.3,2169.0,331926,"Proximates, Chicken breasts, boneless, skinless, non-enhanced, braised (MI,OK) - 17A-02-06-Prox",0.0,0.0,2.17
1.0,158.0,95.0,Obesity,38.05479891043102,21,2,0,1184.0,177.6,71.04,47.36,1420.8,325868,"Proximates, White bread, SARA LEE SOFT AND SMOOTH CLASSIC WHOLE (AL1,CA1) - NFY0907PY",0.0,0.0,3.6
1.0,141.0,85.0,Extreme Obesity,42.75438861224285,36,3,0,1975.0,296.25,118.5,79.0,2370.0,2685573,"Cauliflower, raw",1.948,1.640625,0.2375
1.0,154.0,100.0,Extreme Obesity,42.165626581211,22,2,0,1708.75,256.312,102.525,68.35,2050.498,324795,"TDF, Peanut butter, creamy, JIF (MI,OK) - NFY120CAR",4.7,0.0,0.0
1.0,165.0,105.0,Obesity,38.56749311294767,33,2,0,1140.25,171.038,68.415,45.61,1368.302,336049,"Beans, Dry, Great Northern, 438 (0% moisture)",4.2,24.5,1.4
0.0,142.0,137.0,Extreme Obesity,67.9428684784765,23,2,0,1732.5,259.875,103.95,69.3,2079.0,2512375,"Flour, rye",13.68,8.3952,1.908
1.0,141.0,94.0,Extreme Obesity,47.281323877068566,21,3,0,1462.5,219.375,87.75,58.5,1755.0,330344,"Proximates, Yogurt, Greek, strawberry, non-fat, FAGE TOTAL (CA2,CO) - NFY120OS1",0.0,8.09,0.07
1.0,145.0,108.0,Extreme Obesity,51.36741973840666,34,3,0,1333.75,200.062,80.025,53.35,1600.498,335262,"Beans, Dry, Pink, 11F-8018 (0% moisture)",4.4,24.8,1.42
1.0,157.0,74.0,Obesity,30.021501886486263,23,3,0,1254.0,188.1,75.24,50.16,1504.8,324714,"Proximates, Peanut butter, creamy, SKIPPY (AL,CA1) - NFY120C6T",0.0,0.0,50.8
0.0,177.0,117.0,Obesity,37.34559034760126,27,3,0,1991.25,298.688,119.475,79.65,2389.502,335912,"Beans, Dry, Black (0% moisture)",4.2,24.4,1.45
0.0,166.0,144.0,Extreme Obesity,52.2572216577152,51,4,0,1550.0,232.5,93.0,62.0,1860.0,330674,"Total Fat, Ground turkey, 93% lean, 7% fat, raw (NY1)",0.0,0.0,8.65
1.0,193.0,151.0,Extreme Obesity,40.538001020161616,23,4,0,1622.5,243.375,97.35,64.9,1947.0,746995,"Cheese, American",0.0,0.0,32.0
1.0,184.0,57.0,Weak,16.836011342155007,23,3,0,2051.25,307.688,123.075,82.05,2461.502,2758977,"Grapefruit, raw",0.6525,0.0,0.0
1.0,179.0,93.0,Overweight,29.025311319871417,33,2,0,1310.25,196.538,78.615,52.41,1572.302,335487,"Beans, Dry, Pinto, 11F-8054 (0% moisture)",4.5,24.2,1.25
0.0,156.0,89.0,Obesity,36.571334648257725,23,2,0,1628.75,244.312,97.725,65.15,1954.498,790146,"Flour, bread, white, enriched, unbleached",0.0,14.3,1.65
1.0,182.0,104.0,Obesity,31.397174254317108,24,2,1,1937.5,333.008,133.203,88.802,2664.062,335652,"Beans, Dry, Pinto, 659 (0% moisture)",3.9,22.1,1.24
1.0,145.0,160.0,Extreme Obesity,76.09988109393579,27,3,0,1174.0,176.1,70.44,46.96,1408.8,324294,"TDF, Onion rings, frozen, ORE-IDA (FL,MO) - NFY1207BC",1.8,0.0,0.0
0.0,150.0,87.0,Obesity,38.66666666666666,23,3,0,1361.25,204.188,81.675,54.45,1633.502,335852,"Beans, Dry, Black, 249 (0% moisture)",4.0,24.8,1.62
1.0,145.0,99.0,Extreme Obesity,47.08680142687277,21,3,2,1415.25,274.205,109.682,73.121,2193.637,335962,"Beans, Dry, Great Northern, 11F-8171 (0% moisture)",4.4,24.1,1.12
0.0,196.0,122.0,Obesity,31.75760099958351,45,3,0,1323.75,198.562,79.425,52.95,1588.498,328356,"Proximates, Cheese, cheddar, natural shredded sharp, store brand, SHOP RITE (IA,IN,NJ) - NFY120WUA",0.0,0.0,33.9
1.0,191.0,96.0,Overweight,26.315068117650284,33,3,0,1620.0,243.0,97.2,64.8,1944.0,747452,Ketchup,0.0,0.0,0.1
0.0,148.0,67.0,Obesity,30.58802045288532,15,2,3,1464.0,315.675,126.27,84.18,2525.4,335781,"Beans, Dry, Cranberry, 750 (0% moisture)",4.2,25.2,1.24
0.0,150.0,84.0,Obesity,37.333333333333336,27,3,0,1510.25,226.538,90.615,60.41,1812.302,2712252,"Khorasan, grain, wheat berry, dry, raw",10.66,0.0,0.0
1.0,148.0,155.0,Extreme Obesity,70.76333089846604,23,2,2,1802.5,349.234,139.694,93.129,2793.873,330572,"Protein, ash,& moisture, Ground turkey, 93% lean, 7% fat, raw (NC1) ",0.0,18.5,0.0
0.0,153.0,146.0,Extreme Obesity,62.36917424922039,24,2,0,1303.75,195.562,78.225,52.15,1564.498,335920,"Beans, Dry, Small White, 527 (0% moisture)",4.2,22.3,1.19
0.0,196.0,159.0,Extreme Obesity,41.38900458142441,31,2,0,1815.25,272.287,108.915,72.61,2178.298,748971,"Bacon, cooked",0.0,0.0,36.0
0.0,185.0,52.0,Extremely Weak,15.193571950328703,23,2,0,1971.25,295.688,118.275,78.85,2365.502,2514304,"amaranth, flour",0.0,0.0,3.17
0.0,171.0,131.0,Extreme Obesity,44.80010943538184,24,3,2,1647.5,319.203,127.681,85.121,2553.625,335556,"Beans, Dry, Pinto, 715 (0% moisture)",3.8,21.0,1.42
0.0,143.0,118.0,Extreme Obesity,57.70453322900876,54,4,0,1430.25,214.538,85.815,57.21,1716.302,335752,"Beans, Dry, Small Red, 508 (0% moisture)",4.0,23.3,1.08
0.0,142.0,86.0,Extreme Obesity,42.65026780400714,24,3,0,1897.5,284.625,113.85,75.9,2277.0,325555,"ITALIAN PORK SAUSAGE, KROGER, COOKED",0.0,0.0,24.3
0.0,141.0,126.0,Extreme Obesity,63.37709370755999,28,2,1,1169.0,200.922,80.369,53.579,1607.375,335905,"Beans, Dry, Black, 596 (0% moisture)",3.9,24.9,1.23
1.0,159.0,109.0,Extreme Obesity,43.11538309402317,38,3,0,2045.0,306.75,122.7,81.8,2454.0,2512375,"Flour, rye",13.68,8.3952,1.908
0.0,173.0,82.0,Normal,27.39817568244846,25,2,1,1230.25,211.449,84.58,56.386,1691.59,2713665,"Asparagus, green, whole spear, raw",0.0,0.0,0.3
1.0,183.0,138.0,Extreme Obesity,41.207560691570364,58,2,0,1300.25,195.038,78.015,52.01,1560.302,330481,"Total Fat, Ground turkey, 93% lean, 7% fat, raw (National)",0.0,0.0,8.55
0.0,152.0,90.0,Obesity,38.95429362880886,21,3,4,1255.25,298.122,119.249,79.499,2384.975,334712,"TDF, Pupusas, Bean, flat stuffed corn biscuit (MD,NM) - NFY0901WQ",5.4,0.0,0.0
1.0,178.0,140.0,Extreme Obesity,44.18634010857215,23,3,0,1692.5,253.875,101.55,67.7,2031.0,332749,"Olives, Green Manzanilla, Store Brand, Great Value - KY, CA1",0.0,0.0,11.1
1.0,188.0,54.0,Extremely Weak,15.278406518786785,35,3,0,2011.25,301.688,120.675,80.45,2413.502,1753820,"MUSHROOMS, LIONS MANE",0.0,0.0,0.35
0.0,155.0,144.0,Extreme Obesity,59.93756503642039,23,3,0,1520.0,228.0,91.2,60.8,1824.0,335445,"Beans, Dry, Pinto, 11F-8091 (0% moisture)",4.5,26.3,1.34
1.0,166.0,70.0,Overweight,25.402816083611555,26,3,0,1996.25,299.438,119.775,79.85,2395.502,2648416,"provolone cheese, sliced, smoked",0.0,0.0,27.8
1.0,188.0,123.0,Obesity,34.80081484834767,24,3,0,1778.75,266.812,106.725,71.15,2134.498,327835,"Romaine Lettuce, Region 1, n/a, Yes - Proximates - NFY0101Q8",0.0,0.0,0.31
0.0,171.0,120.0,Extreme Obesity,41.03826818508259,25,3,0,1420.0,213.0,85.2,56.8,1704.0,335300,"Beans, Dry, Pink, 433 (0% moisture)",4.0,20.7,1.6
1.0,179.0,130.0,Extreme Obesity,40.57301582347617,37,2,0,1435.25,215.288,86.115,57.41,1722.302,2003588,"Flour, semolina, coarse and semi-coarse",3.216,11.73125,1.597
0.0,186.0,137.0,Obesity,39.59995375187882,50,2,0,1189.0,178.35,71.34,47.56,1426.8,335800,"Beans, Dry, Black, 11F-8062 (0% moisture)",4.7,24.3,1.29
0.0,153.0,78.0,Normal,33.320517749583495,25,3,0,1816.25,272.438,108.975,72.65,2179.502,2644294,"Beans, great northern, canned, sodium added, drained and rinsed",0.0,7.03125,1.266
0.0,184.0,86.0,Overweight,25.401701323251416,29,3,0,1570.25,235.538,94.215,62.81,1884.302,335270,"Beans, Dry, Pink, 399 (0% moisture)",4.0,20.6,1.7
0.0,177.0,81.0,Overweight,25.854639471416256,24,2,0,1827.5,274.125,109.65,73.1,2193.0,327177,"Cantaloupe, Raw, Pass 2, Region 3, n/a, Yes, Proximates - NFY010DAX",0.0,0.0,0.01
1.0,145.0,78.0,Obesity,37.098692033293695,20,2,1,1237.75,212.738,85.095,56.73,1701.902,2514328,"buckwheat, whole grain",0.0,0.0,3.21
1.0,170.0,81.0,Overweight,28.027681660899656,21,3,0,1613.75,242.062,96.825,64.55,1936.498,2258588,"Peppers, bell, green, raw",0.9419,0.715,0.1063
1.0,181.0,141.0,Extreme Obesity,43.03897927413693,33,3,0,1441.25,216.188,86.475,57.65,1729.502,335814,"Beans, Dry, Black, 11F-8015 (0% moisture)",4.6,24.0,1.46
1.0,165.0,155.0,Extreme Obesity,56.932966023875125,22,2,2,1777.5,344.391,137.756,91.838,2755.13,330498,"Total Fat, Ground turkey, 93% lean, 7% fat, raw (MI1)",0.0,0.0,8.39
0.0,174.0,65.0,Normal,21.469150482230148,18,3,2,1790.0,346.812,138.725,92.483,2774.495,329990,"Proximates, Greek yogurt, FAGE PLAIN NONFAT (AL1,CA1) - NFY09112Q",0.0,0.0,0.38
0.0,146.0,110.0,Extreme Obesity,51.60442859823608,49,3,0,1189.0,178.35,71.34,47.56,1426.8,335766,"Beans, Dry, Small Red, 439 (0% moisture)",3.9,20.5,1.28
1.0,178.0,85.0,Overweight,26.82742078020452,21,3,0,1553.75,233.062,93.225,62.15,1864.498,335561,"Beans, Dry, Pinto, 368 (0% moisture)",3.7,23.1,1.21
1.0,166.0,61.0,Normal,22.13673973000436,54,2,0,1014.0,152.1,60.84,40.56,1216.8,335563,"Beans, Dry, Pinto, 510 (0% moisture)",4.0,25.6,1.19
1.0,191.0,62.0,Weak,16.995148159315807,24,2,0,1331.5,199.725,79.89,53.26,1597.8,323895,"TDF, Salsa, TOSTITOS CHUNKY, MEDIUM (FL,MO) - NFY090KVU",1.8,0.0,0.0
0.0,177.0,155.0,Extreme Obesity,49.47492738357432,26,3,0,1806.25,270.938,108.375,72.25,2167.502,325400,"Peaches, Raw, Pass 2, Region 3, n/a, Yes, Proximates - NFY010BSN",0.0,0.0,0.16
0.0,183.0,50.0,Extremely Weak,14.930275612887812,28,2,1,1907.5,327.852,131.141,87.427,2622.815,335614,"Beans, Dry, Pinto, 729 (0% moisture)",3.9,23.5,1.02
1.0,151.0,114.0,Extreme Obesity,49.99780711372309,21,2,1,1667.75,286.645,114.658,76.439,2293.163,323697,"Egg, white, raw, frozen, pasteurized",0.0,10.1,0.16
1.0,182.0,98.0,Overweight,29.585798816568044,30,2,0,1890.0,283.5,113.4,75.6,2268.0,2514352,"millet, whole grain",0.0,0.0,4.67
0.0,142.0,159.0,Extreme Obesity,78.85340210275739,29,4,0,1930.0,289.5,115.8,77.2,2316.0,336003,"Beans, Dry, Great Northern, 501 (0% moisture)",4.4,24.8,1.04
0.0,188.0,90.0,Overweight,25.46401086464464,41,4,0,1320.25,198.038,79.215,52.81,1584.302,336038,"Beans, Dry, Great Northern, 680 (0% moisture)",4.3,25.2,1.3
1.0,161.0,89.0,Obesity,34.33509509663978,23,3,2,1720.0,333.25,133.3,88.867,2666.003,332715,"Olives, Green Manzanilla, Store Brand, Great Value - NE, NC",0.0,0.0,11.5
1.0,153.0,70.0,Overweight,29.903028749626213,40,3,0,1306.5,195.975,78.39,52.26,1567.8,326327,"Carrots, whole, unprepared - Proximates - NF99143A",0.0,0.0,0.35
1.0,140.0,143.0,Extreme Obesity,72.9591836734694,42,3,0,1569.0,235.35,94.14,62.76,1882.8,334194,"Fish, tuna, light, canned in water, drained solids",0.0,19.0,0.94
1.0,169.0,141.0,Extreme Obesity,49.368019327054384,23,3,4,1673.75,397.516,159.006,106.004,3180.124,335822,"Beans, Dry, Black, 244 (0% moisture)",4.2,24.9,1.6
0.0,162.0,159.0,Extreme Obesity,60.58527663465934,30,4,0,1657.75,248.662,99.465,66.31,1989.298,324397,"TDF, Pickles, kosher dill, spears, VLASIC (AL,CA1) - NFY120HM0",0.9,0.0,0.0
1.0,183.0,147.0,Extreme Obesity,43.89501030189017,28,4,0,1823.75,273.562,109.425,72.95,2188.498,335721,"Beans, Dry, Small Red, 731 (0% moisture)",4.0,22.3,1.63
0.0,162.0,58.0,Normal,22.10028959000152,23,2,0,1758.75,263.812,105.525,70.35,2110.498,327069,"Cantaloupe, raw, Region 3, n/a, Yes - Proximates,  NF0009H6, NF0009I0",0.0,0.0,0.18
0.0,172.0,109.0,Obesity,36.84424012979989,22,3,0,1555.0,233.25,93.3,62.2,1866.0,335417,"Beans, Dry, Navy, 308 (0% moisture)",4.3,24.5,1.44
0.0,150.0,119.0,Extreme Obesity,52.888888888888886,27,2,1,1294.0,222.406,88.962,59.308,1779.244,332241,"Proximates, Sauce, pasta, HUNTS original, canned spaghetti sauce (NC1) - NFY0904ZF",0.0,0.0,0.63
0.0,169.0,145.0,Extreme Obesity,50.76853051363749,22,4,4,1718.75,408.203,163.281,108.854,3265.622,335645,"Beans, Dry, Pinto, 621 (0% moisture)",4.1,25.2,1.35
0.0,184.0,132.0,Obesity,38.98865784499055,21,2,0,1172.75,175.912,70.365,46.91,1407.298,336038,"Beans, Dry, Great Northern, 680 (0% moisture)",4.3,25.2,1.3
1.0,159.0,104.0,Extreme Obesity,41.13761322732486,20,4,2,1551.5,300.603,120.241,80.161,2404.825,335533,"Beans, Dry, Pinto, 366 (0% moisture)",4.0,23.7,1.52
1.0,163.0,131.0,Extreme Obesity,49.30558169295043,26,3,1,1726.25,296.699,118.68,79.12,2373.596,335274,"Beans, Dry, Pink, 478 (0% moisture)",3.7,24.5,0.96
1.0,156.0,137.0,Extreme Obesity,56.29520052596976,25,3,0,1364.0,204.6,81.84,54.56,1636.8,335335,"Beans, Dry, Navy, 261 (0% moisture)",4.3,22.8,1.59
0.0,157.0,52.0,Normal,21.096190514828187,25,3,0,1398.75,209.812,83.925,55.95,1678.498,327109,"Cantaloupe, raw, Region 4, n/a, Yes - Proximates,  NF0009I5, NF0009IS",0.0,0.0,0.23
1.0,147.0,84.0,Obesity,38.87269193391643,46,3,0,1545.25,231.788,92.715,61.81,1854.302,330571,"Total Fat, Ground turkey, 93% lean, 7% fat, raw (NC1)",0.0,0.0,10.1
1.0,141.0,86.0,Extreme Obesity,43.25738141944571,22,3,0,1457.5,218.625,87.45,58.3,1749.0,327912,"Romaine Lettuce, Region 4, n/a, Yes - Fiber - NFY0101TC",2.0,0.0,0.0
1.0,173.0,139.0,Extreme Obesity,46.44324902268703,34,2,0,1399.0,209.85,83.94,55.96,1678.8,333961,Tuna; chunk light; canned in water; drained solids,0.0,0.0,0.9
1.0,154.0,145.0,Extreme Obesity,61.14015854275595,23,2,0,1202.75,180.412,72.165,48.11,1443.298,328056,"Proximates, Cheddar cheese, sliced, storebrand, KROGER (IN,MI) - NFY120DDA",0.0,0.0,34.6
1.0,168.0,148.0,Extreme Obesity,52.437641723356016,25,3,0,1858.75,278.812,111.525,74.35,2230.498,334872,"Proximates, Beef, Tenderloin Roast, lean only, cooked, animal 18, select",0.0,28.9,5.1
1.0,168.0,50.0,Weak,17.71541950113379,22,3,1,1229.0,211.234,84.494,56.329,1689.873,335811,"Beans, Dry, Black, 11F-8135 (0% moisture)",4.5,25.1,1.06
1.0,145.0,130.0,Extreme Obesity,61.83115338882283,19,3,0,1791.25,268.688,107.475,71.65,2149.502,2004836,"TOMATO JUICE, SHELF STABLE, FROM CONCENTRATE, WITH ADDED INGREDIENTS",0.0,0.0,0.26
1.0,152.0,103.0,Extreme Obesity,44.58102493074792,22,3,0,1888.75,283.312,113.325,75.55,2266.498,2646174,"Beef, chuck, roast, boneless, choice, raw",0.0,18.4,17.8
0.0,187.0,121.0,Obesity,34.60207612456747,23,3,0,1633.75,245.062,98.025,65.35,1960.498,329370,"Cheese, mozzarella, low moisture, part-skim",0.0,23.7,20.4
0.0,163.0,57.0,Extremely Weak,21.453573713726524,19,3,1,2066.25,355.137,142.055,94.703,2841.095,335917,"Beans, Dry, Small White, 272 (0% moisture)",4.4,26.3,1.48
1.0,178.0,83.0,Overweight,26.19618735008206,22,4,3,1410.25,304.085,121.634,81.089,2432.677,2004065,"flour, spelt, whole grain",10.48,0.0,0.0
0.0,187.0,94.0,Overweight,26.88095170007721,21,4,4,1652.5,392.469,156.988,104.658,3139.75,325105,"Proximates, American cheese, pasteurized process, KRAFT DELI DELUXE - NFY090HKO",0.0,0.0,30.8
0.0,179.0,114.0,Obesity,35.57941387597141,23,3,0,1828.75,274.312,109.725,73.15,2194.498,332131,"Proximates, Sauce, pasta, PREGO 100% Natural Italian, Traditional, bottled spaghetti sauce (CO2) - NFY0904W3",0.0,0.0,1.71
1.0,190.0,80.0,Normal,22.1606648199446,28,4,0,1765.0,264.75,105.9,70.6,2118.0,2685577,"Eggplant, raw",2.448,0.851875,0.12
1.0,172.0,75.0,Overweight,25.351541373715524,22,3,1,1307.75,224.77,89.908,59.939,1798.163,334212,"Proximates, Sugar, Granulated, White, Name brand (CO2, CT1, IN1) - NFY040XDX",0.0,0.0,0.19
1.0,188.0,57.0,Weak,16.127206880941603,23,3,0,1933.75,290.062,116.025,77.35,2320.498,335622,"Beans, Dry, Pinto, 647 (0% moisture)",3.8,21.5,1.16
1.0,193.0,65.0,Weak,17.450132889473544,25,4,0,1309.0,196.35,78.54,52.36,1570.8,327835,"Romaine Lettuce, Region 1, n/a, Yes - Proximates - NFY0101Q8",0.0,0.0,0.31
0.0,147.0,126.0,Extreme Obesity,58.30903790087464,19,3,1,1304.0,224.125,89.65,59.767,1793.003,332241,"Proximates, Sauce, pasta, HUNTS original, canned spaghetti sauce (NC1) - NFY0904ZF",0.0,0.0,0.63
0.0,147.0,94.0,Extreme Obesity,43.50039335462076,50,3,0,1359.0,203.85,81.54,54.36,1630.8,330670,"Protein, ash,& moisture, Ground turkey, 93% lean, 7% fat, raw (AL1,CA1,MI1) ",0.0,19.2,0.0
1.0,166.0,107.0,Obesity,38.83001887066338,20,3,1,1626.25,279.512,111.805,74.536,2236.092,329177,"Proximates, Cheese, string (low-moisture, part-skim mozzarella), KRAFT (CA1) - NFY120X3I",0.0,0.0,19.8
0.0,192.0,139.0,Obesity,37.70616319444444,32,3,0,1376.25,206.438,82.575,55.05,1651.502,335332,"Beans, Dry, Navy, 585 (0% moisture)",4.5,26.2,1.39
1.0,181.0,139.0,Obesity,42.42849729861726,35,2,0,1275.25,191.288,76.515,51.01,1530.302,320405,"Proximates, Beef, Eye of Round roast/steak, lean only, raw, animal 28, select",0.0,22.9,1.98
1.0,150.0,74.0,Obesity,32.888888888888886,48,4,0,1226.5,183.975,73.59,49.06,1471.8,335360,"Beans, Dry, Navy, 568 (0% moisture)",4.4,24.6,1.46
1.0,178.0,160.0,Extreme Obesity,50.49867440979674,21,3,0,1352.75,202.912,81.165,54.11,1623.298,2514472,"buckwheat, flour",0.0,0.0,2.0
0.0,156.0,52.0,Normal,21.36752136752137,25,3,0,1551.5,232.725,93.09,62.06,1861.8,334962,"Proximates, Beef, Top Round roast/steak, lean only, raw, animal 36, select",0.0,22.2,3.27
1.0,149.0,100.0,Extreme Obesity,45.04301608035674,20,3,1,1339.0,230.141,92.056,61.371,1841.127,2346384,"Cottage cheese, full fat, large or small curd",0.0,11.62436,4.225
1.0,156.0,74.0,Obesity,30.407626561472718,23,3,0,1472.5,220.875,88.35,58.9,1767.0,335886,"Beans, Dry, Black, 395 (0% moisture)",4.1,22.2,1.72
1.0,183.0,105.0,Overweight,31.353578787064404,20,2,0,1439.0,215.85,86.34,57.56,1726.8,334930,"Proximates, Beef, Top Round roast/steak, lean only, raw, animal 11, select",0.0,23.8,2.57
0.0,162.0,68.0,Overweight,25.91068434689833,24,2,0,1406.25,210.938,84.375,56.25,1687.502,2685573,"Cauliflower, raw",1.948,1.640625,0.2375
0.0,165.0,83.0,Obesity,30.48668503213958,30,3,1,1876.25,322.48,128.992,85.995,2579.843,325992,"Sausage, turkey, breakfast links, mild, raw",0.0,16.7,10.4
0.0,168.0,143.0,Extreme Obesity,50.66609977324264,48,3,0,1204.0,180.6,72.24,48.16,1444.8,324667,"Proximates, Peanut butter, creamy, SKIPPY (IN,NY) - NFY120C6F",0.0,0.0,50.4
1.0,160.0,156.0,Extreme Obesity,60.93749999999999,22,2,0,1626.25,243.938,97.575,65.05,1951.502,330304,"Proximates, Yogurt, Greek, strawberry, non-fat, CHOBANI (MI,OK) - NFY120OQI",0.0,8.36,0.07
0.0,169.0,88.0,Normal,30.811246104828268,23,2,0,1661.25,249.188,99.675,66.45,1993.502,330843,"Total Fat, Ground turkey, 93% lean, 7% fat, pan-broiled crumbles (CT1)",0.0,0.0,11.9
0.0,140.0,76.0,Obesity,38.77551020408164,22,3,0,2085.0,312.75,125.1,83.4,2502.0,334536,"Restaurant, Chinese, fried rice, without meat",0.0,3.84,3.19
0.0,187.0,92.0,Overweight,26.309016557522373,22,3,2,1257.75,243.689,97.476,64.984,1949.516,335254,"Beans, Dry, Pink, 11F-8058 (0% moisture)",4.5,24.2,1.38
1.0,151.0,82.0,Obesity,35.963334941449936,19,2,3,1773.75,382.465,152.986,101.991,3059.723,324744,"TDF, Peanut butter, creamy, JIF (AL,CA1) - NFY120C97",6.1,0.0,0.0
0.0,186.0,140.0,Extreme Obesity,40.46710602381778,25,4,0,1294.0,194.1,77.64,51.76,1552.8,2648398,"provolone cheese, sliced, non-smoked",0.0,0.0,27.13
1.0,182.0,108.0,Obesity,32.60475787948315,25,3,0,2033.75,305.062,122.025,81.35,2440.498,334466,"Proximates, Chinese Restaurant, Fried Rice (No Meat) (NY) - NFY1209PM",0.0,0.0,2.16
1.0,188.0,81.0,Normal,22.91760977818017,23,3,0,1642.5,246.375,98.55,65.7,1971.0,1104647,"Garlic, raw",2.7,6.62,0.38
1.0,179.0,110.0,Obesity,34.331013389095226,27,3,1,1167.75,200.707,80.283,53.522,1605.658,335301,"Beans, Dry, Pink, 725 (0% moisture)",3.9,21.8,1.54
0.0,156.0,126.0,Extreme Obesity,51.77514792899408,26,2,0,1805.0,270.75,108.3,72.2,2166.0,324051,"BEEF BREAKFAST SAUSAGE, BANQUET BROWN N SERVE SAUSAGE LINKS",0.0,0.0,29.7
1.0,188.0,114.0,Obesity,32.25441376188321,22,3,4,1287.75,305.841,122.336,81.557,2446.721,2003597,"Orange juice, no pulp, not fortified, not from concentrate, refrigerated",0.0,0.8125,0.3563
1.0,183.0,153.0,Extreme Obesity,45.6866433754367,25,4,0,1654.0,248.1,99.24,66.16,1984.8,335935,"Beans, Dry, Great Northern, 11F-8087 (0% moisture)",4.3,26.6,1.28
1.0,144.0,88.0,Extreme Obesity,42.43827160493827,26,3,0,2027.5,304.125,121.65,81.1,2433.0,335876,"Beans, Dry, Black, 278 (0% moisture)",4.3,25.6,1.68
1.0,196.0,69.0,Weak,17.961266139108705,26,2,0,1876.25,281.438,112.575,75.05,2251.502,329730,"Proximates, Cheese, dry white, Queso seco, mixed composite (CA-LA, CA-SD) - NFY0900B6",0.0,0.0,23.8
1.0,171.0,141.0,Extreme Obesity,48.21996511747205,27,4,0,1422.75,213.412,85.365,56.91,1707.298,335464,"Beans, Dry, Pinto, 11F-8159 (0% moisture)",4.4,23.9,1.36
0.0,180.0,156.0,Extreme Obesity,48.14814814814815,23,3,4,1691.25,401.672,160.669,107.112,3213.372,336014,"Beans, Dry, Great Northern, 656 (0% moisture)",4.1,21.8,1.08
1.0,191.0,146.0,Extreme Obesity,40.02083276225981,21,4,4,1630.0,387.125,154.85,103.233,3096.997,330492,"Total Fat, Ground turkey, 93% lean, 7% fat, raw (FL1,MO1,NY1)",0.0,0.0,8.14
0.0,179.0,67.0,Normal,20.91070815517618,42,3,0,1945.0,291.75,116.7,77.8,2334.0,335804,"Beans, Dry, Black, 11F-8000 (0% moisture)",4.1,26.1,1.45
0.0,180.0,60.0,Normal,18.51851851851852,23,4,0,1702.5,255.375,102.15,68.1,2043.0,324349,"TDF, Pickles, kosher dill, spears, VLASIC (CO,CT) - NFY120HMO",1.1,0.0,0.0
0.0,154.0,132.0,Extreme Obesity,55.65862708719852,26,4,0,1554.0,233.1,93.24,62.16,1864.8,335527,"Beans, Dry, Pinto, 503 (0% moisture)",3.7,23.8,1.18
1.0,188.0,99.0,Overweight,28.010411951109106,21,3,0,1700.0,255.0,102.0,68.0,2040.0,332052,"Proximates, Sauce, pasta, RAGU Old World, bottled spaghetti sauce (OK1) - NFY0904TF",0.0,0.0,1.99
1.0,142.0,135.0,Extreme Obesity,66.95100178536005,20,2,0,1667.5,250.125,100.05,66.7,2001.0,325284,"Grapefruit juice, white, shelf stable - NFY1213TS",0.5,0.0,0.0
1.0,170.0,95.0,Obesity,32.871972318339104,20,3,0,1486.25,222.938,89.175,59.45,1783.502,335618,"Beans, Dry, Pinto, 809 (0% moisture)",4.0,25.3,0.98
1.0,152.0,141.0,Extreme Obesity,61.02839335180055,27,3,0,1771.25,265.688,106.275,70.85,2125.502,335823,"Beans, Dry, Black, 604 (0% moisture)",4.4,25.2,1.51
0.0,190.0,118.0,Obesity,32.686980609418285,22,3,0,1716.25,257.438,102.975,68.65,2059.502,329056,"Proximates, Mozzarella cheese, low-moisture, part-skim, KRAFT (MI,OK) - NFY120DKG",0.0,0.0,20.5
0.0,181.0,111.0,Obesity,33.88174964134184,26,3,0,1537.75,230.662,92.265,61.51,1845.298,336009,"Beans, Dry, Great Northern, 350 (0% moisture)",4.6,26.8,1.44
1.0,153.0,104.0,Extreme Obesity,44.42735699944466,24,4,0,1705.0,255.75,102.3,68.2,2046.0,335960,"Beans, Dry, Great Northern, 11F-8125 (0% moisture)",4.4,25.3,0.93
1.0,187.0,140.0,Extreme Obesity,40.0354599788384,24,2,4,1847.5,438.781,175.513,117.008,3510.248,333335,"Proximates, Haddock, raw (AL) - NFY060COQ",0.0,0.0,0.46
0.0,144.0,66.0,Obesity,31.828703703703702,28,3,0,1415.0,212.25,84.9,56.6,1698.0,2758982,"Baked beans, Original, canned, with pork",3.547,0.0,0.0
0.0,148.0,54.0,Normal,24.653031409788166,28,4,1,2128.75,365.879,146.352,97.568,2927.036,328849,"Proximates, Mozzarella cheese, low-moisture, part-skim, SARGENTO (MI) - NFY120DHM",0.0,0.0,20.9
0.0,199.0,92.0,Normal,23.23173657230878,62,3,4,1296.25,307.859,123.144,82.096,2462.876,335647,"Beans, Dry, Pinto, 451 (0% moisture)",4.1,24.0,1.12
0.0,164.0,71.0,Overweight,26.39797739440809,35,4,0,1668.75,250.312,100.125,66.75,2002.498,321609,"Beans, snap, canned, drained - NFY1211ZS",0.0,0.0,0.37
0.0,185.0,102.0,Overweight,29.802775748721693,25,3,0,1212.75,181.912,72.765,48.51,1455.298,330790,"Protein, ash,& moisture, Ground turkey, 93% lean, 7% fat, patties, broiled (CA1) ",0.0,24.9,0.0
0.0,164.0,160.0,Extreme Obesity,59.48839976204641,21,3,0,1225.25,183.788,73.515,49.01,1470.302,320411,"Proximates, Beef, Eye of Round roast/steak, lean only, raw, animal 36, select",0.0,22.6,1.74
1.0,142.0,71.0,Obesity,35.2112676056338,16,3,2,1190.25,230.611,92.244,61.496,1844.884,2710832,"Mandarin, seedless, peeled, raw",1.328,1.039375,0.4575
1.0,165.0,68.0,Normal,24.977043158861346,33,3,0,1065.25,159.788,63.915,42.61,1278.302,327093,"Cantaloupe, raw, Region 1, n/a, Yes - Fiber,  NF000987",0.0,0.0,0.18
0.0,172.0,62.0,Normal,20.9572742022715,23,2,0,1321.25,198.188,79.275,52.85,1585.502,334296,"TDF, Sweet And Sour Pork, Chinese restaurant (CA1,VA) - NFY0903J5",1.1,0.0,0.0
0.0,157.0,56.0,Normal,22.7189744005842,20,3,0,1180.25,177.038,70.815,47.21,1416.302,336025,"Beans, Dry, Great Northern, 457 (0% moisture)",4.3,24.7,1.3
1.0,155.0,57.0,Normal,23.725286160249738,23,3,1,1214.0,208.656,83.462,55.642,1669.25,335282,"Beans, Dry, Pink, 411 (0% moisture)",4.0,21.0,1.65
0.0,167.0,153.0,Extreme Obesity,54.86033920183585,25,4,0,1950.0,292.5,117.0,78.0,2340.0,335162,"Proximates, Whole wheat bread, NATURES OWN (IN,CT) - NFY1204PE",0.0,0.0,3.34
0.0,164.0,126.0,Extreme Obesity,46.84711481261155,24,2,0,1097.75,164.662,65.865,43.91,1317.298,332372,"Lunchmeat, ham - NFY1210QH",0.0,0.0,4.44
0.0,189.0,125.0,Obesity,34.993421236807485,24,2,2,1716.25,332.523,133.009,88.673,2660.185,335942,"Beans, Dry, Great Northern, 11F-8155 (0% moisture)",4.1,24.5,1.41
0.0,161.0,145.0,Extreme Obesity,55.93919987654797,23,3,0,1571.25,235.688,94.275,62.85,1885.502,790032,"FLOUR, WHOLE WHEAT (UNENRICHED)",0.0,0.0,2.6
0.0,155.0,71.0,Overweight,29.552549427679494,20,3,0,1297.75,194.662,77.865,51.91,1557.298,332532,"Pears, Bosc, Region 3, n/a, Yes, Fiber - NFY0000CF",3.3,0.0,0.0
0.0,171.0,118.0,Obesity,40.35429704866455,22,3,0,1717.5,257.625,103.05,68.7,2061.0,321775,"Broccoli, Region 2, n/a, Yes, Proximates - NFY01048K",0.0,0.0,0.34
0.0,154.0,92.0,Obesity,38.79237645471412,19,4,0,1204.0,180.6,72.24,48.16,1444.8,329822,"Proximates, Cheese, dry white, Queso seco, mixed composite (NY, TX-TR) - NFY09008M",0.0,0.0,26.3
1.0,179.0,83.0,Overweight,25.90431010268094,20,3,2,1567.75,303.752,121.501,81.0,2430.012,335263,"Beans, Dry, Pink, 11F-8187 (0% moisture)",4.4,23.9,1.24
1.0,170.0,115.0,Obesity,39.7923875432526,22,3,0,1588.75,238.312,95.325,63.55,1906.498,2512381,"Rice, white, long grain, unenriched, raw",0.1488,7.03885,1.033
0.0,184.0,106.0,Obesity,31.30907372400756,21,3,0,1272.75,190.912,76.365,50.91,1527.298,2710825,"Rice, black, unenriched, raw",4.179,7.56875,3.438
0.0,191.0,68.0,Normal,18.63983991666895,25,4,3,1906.25,411.035,164.414,109.609,3288.277,2710816,"Melons, honeydew, raw",0.0,0.53125,0.2163
1.0,162.0,58.0,Normal,22.10028959000152,50,3,0,1535.25,230.288,92.115,61.41,1842.302,335833,"Beans, Dry, Black, 617 (0% moisture)",4.0,23.9,1.41
1.0,178.0,138.0,Extreme Obesity,43.55510667844969,20,3,0,1780.0,267.0,106.8,71.2,2136.0,330776,"Total Fat, Ground turkey, 93% lean, 7% fat, pan-broiled crumbles (CA1)",0.0,0.0,9.79
0.0,157.0,60.0,Normal,24.341758286340216,46,2,0,1040.25,156.038,62.415,41.61,1248.302,332401,"Pears, Bartlett, Region 4, n/a, Yes, Proximates - NFY0000AA",0.0,0.0,0.15
1.0,184.0,83.0,Normal,24.515595463137995,18,4,0,1344.0,201.6,80.64,53.76,1612.8,335002,"Proximates, Beef, T-Bone Steak, lean only, cooked, animal 31, upperchoice",0.0,27.0,12.8
1.0,197.0,88.0,Normal,22.67515267077224,21,2,1,1661.25,285.527,114.211,76.141,2284.221,2684446,"Crustaceans, crab, blue swimming, lump, pasteurized, refrigerated",0.0,18.65,0.8075
0.0,160.0,51.0,Normal,19.921875,23,3,0,1722.5,258.375,103.35,68.9,2067.0,335713,"Beans, Dry, Small Red, 11F-8137 (0% moisture)",4.3,23.7,1.11
1.0,184.0,153.0,Extreme Obesity,45.1913988657845,23,3,0,1645.0,246.75,98.7,65.8,1974.0,319973,Hummus - NFY12143E,5.7,0.0,0.0
1.0,190.0,50.0,Extremely Weak,13.850415512465377,25,2,0,1258.75,188.812,75.525,50.35,1510.498,335240,"Bread, whole-wheat, commercially prepared",6.0,12.3,3.55
0.0,189.0,124.0,Obesity,34.71347386691302,22,2,0,1611.5,241.725,96.69,64.46,1933.8,335336,"Beans, Dry, Navy, 582 (0% moisture)",4.2,24.5,1.43
0.0,186.0,143.0,Extreme Obesity,41.334258295756726,42,3,0,1613.75,242.062,96.825,64.55,1936.498,331990,"TDF, Sauce, pasta, RAGU Old World, bottled spaghetti sauce (FL1,MO1) - NFY0904R3",1.6,0.0,0.0
0.0,180.0,58.0,Weak,17.901234567901234,23,2,4,1633.75,388.016,155.206,103.471,3104.127,332697,"Olives, green, stuffed with pimentos - NFY1213NV",4.2,0.0,0.0
0.0,186.0,148.0,Obesity,42.77951208232165,22,3,0,1801.25,270.188,108.075,72.05,2161.502,334535,"Proximates, Chinese Restaurant, Fried Rice (No Meat) (OK) - NFY1209RK",0.0,0.0,3.24
0.0,193.0,61.0,Weak,16.376278557813635,27,4,0,1484.0,222.6,89.04,59.36,1780.8,321745,"Broccoli, Region 4, n/a, Yes, Proximates - NFY0104CS",0.0,0.0,0.42
1.0,161.0,103.0,Obesity,39.73612129161683,22,3,0,1446.25,216.938,86.775,57.85,1735.502,325676,"TDF, White bread, store brand, mixed composite (MI1,OK1) - NFY0907HX",1.8,0.0,0.0
0.0,151.0,158.0,Extreme Obesity,69.29520635059866,21,3,0,1812.5,271.875,108.75,72.5,2175.0,326685,"Mustard, Yellow, Prepared, Store Brand, Proximates - NFY0210NF",0.0,0.0,3.96
0.0,195.0,147.0,Obesity,38.658777120315584,20,4,2,1530.25,296.486,118.594,79.063,2371.887,330557,"Total Fat, Ground turkey, 93% lean, 7% fat, patties, broiled (MI1)",0.0,0.0,13.0
0.0,184.0,152.0,Extreme Obesity,44.89603024574669,22,2,0,1297.75,194.662,77.865,51.91,1557.298,335243,"Beans, Dry, Dark Red Kidney, 11F-8040 (0% moisture)",4.2,25.4,1.27
0.0,185.0,94.0,Overweight,27.46530314097881,43,4,0,1748.75,262.312,104.925,69.95,2098.498,335811,"Beans, Dry, Black, 11F-8135 (0% moisture)",4.5,25.1,1.06
0.0,186.0,127.0,Obesity,36.70944617874898,25,4,3,1692.5,364.945,145.978,97.319,2919.563,335800,"Beans, Dry, Black, 11F-8062 (0% moisture)",4.7,24.3,1.29
1.0,142.0,131.0,Extreme Obesity,64.96726839912716,25,3,0,1511.25,226.688,90.675,60.45,1813.502,330661,"Protein, ash,& moisture, Ground turkey, 93% lean, 7% fat, patties, broiled (CO1) ",0.0,25.6,0.0
0.0,147.0,67.0,Obesity,31.005599518719052,41,4,0,1300.25,195.038,78.015,52.01,1560.302,324000,"TDF, Salsa, PACE CHUNKY, MEDIUM (CA2,NC) - NFY090KXV",1.9,0.0,0.0
1.0,151.0,62.0,Overweight,27.19178983377922,28,2,0,1116.5,167.475,66.99,44.66,1339.8,332347,"Lunchmeat, ham - NFY1210PP",0.0,0.0,3.07
0.0,160.0,124.0,Extreme Obesity,48.43749999999999,29,3,1,1852.5,318.398,127.359,84.906,2547.182,335928,"Beans, Dry, Red, 345 (0% moisture)",4.1,21.3,1.19
1.0,185.0,60.0,Weak,17.531044558071585,23,3,0,1971.25,295.688,118.275,78.85,2365.502,335010,"Proximates, Beef, T-Bone Steak, lean only, cooked, animal 7, upperchoice",0.0,27.9,8.75
0.0,163.0,63.0,Normal,23.711844630960897,22,3,0,1027.75,154.162,61.665,41.11,1233.298,789831,"FLOUR, ALL PURPOSE (ENRICHED) (BLEACHED)",0.0,0.0,1.5
1.0,174.0,95.0,Obesity,31.37798916633637,25,4,0,1575.25,236.288,94.515,63.01,1890.302,335487,"Beans, Dry, Pinto, 11F-8054 (0% moisture)",4.5,24.2,1.25
0.0,150.0,144.0,Extreme Obesity,64.0,25,4,0,1614.0,242.1,96.84,64.56,1936.8,331564,"Fat, Chicken, dark meat, lean only, thigh, roasted, non-enhanced (AL1,CA1) - 14B-08-05-TotalFat",0.0,0.0,8.24
1.0,142.0,91.0,Extreme Obesity,45.12993453679825,21,3,0,1690.0,253.5,101.4,67.6,2028.0,323979,"Proximates, Salsa, PACE CHUNKY, MEDIUM (IN,NY) - NFY090KWU",0.0,0.0,0.2
1.0,178.0,142.0,Extreme Obesity,44.81757353869461,30,3,0,1167.75,175.162,70.065,46.71,1401.298,335972,"Beans, Dry, Great Northern, 579 (0% moisture)",4.6,30.5,1.21
0.0,154.0,96.0,Extreme Obesity,40.47900151796256,20,2,0,1375.0,206.25,82.5,55.0,1650.0,335266,"Beans, Dry, Pink, 483 (0% moisture)",4.0,25.0,1.06
1.0,176.0,87.0,Overweight,28.08626033057851,25,2,0,1592.5,238.875,95.55,63.7,1911.0,336050,"Beans, Dry, Great Northern, 706 (0% moisture)",4.4,25.8,1.17
1.0,159.0,120.0,Extreme Obesity,47.46647680075946,24,2,0,1815.0,272.25,108.9,72.6,2178.0,334673,"TDF, Pupusas, Bean, flat stuffed corn biscuit (TX-TR) - NFY0901VQ",5.8,0.0,0.0
1.0,151.0,154.0,Extreme Obesity,67.54089732906452,24,3,0,1886.25,282.938,113.175,75.45,2263.502,335782,"Beans, Dry, Cranberry (0% moisture)",4.3,24.4,1.23
0.0,182.0,149.0,Extreme Obesity,44.98249003743509,22,4,0,1330.25,199.538,79.815,53.21,1596.302,335010,"Proximates, Beef, T-Bone Steak, lean only, cooked, animal 7, upperchoice",0.0,27.9,8.75
0.0,197.0,72.0,Normal,18.552397639722745,29,3,1,1821.25,313.027,125.211,83.474,2504.218,330542,"Total Fat, Ground turkey, 93% lean, 7% fat, patties, broiled (FL1,MO1,NY1)",0.0,0.0,12.1
1.0,146.0,138.0,Extreme Obesity,64.74010133233253,24,3,1,1688.75,290.254,116.102,77.401,2322.033,328720,"Proximates, Cottage cheese, 2% milkfat, store brand/other brand, KRAFT SIMPLY & MEADOW GOLD VIVA (AL,CO) - NFY120BOP",0.0,0.0,2.55
0.0,160.0,83.0,Obesity,32.42187499999999,30,3,0,1746.25,261.938,104.775,69.85,2095.502,335194,"Proximates, Whole wheat bread, NATURES OWN (AL,OK) - NFY1204OL",0.0,0.0,3.22
0.0,157.0,66.0,Overweight,26.77593411497424,19,2,0,1350.25,202.538,81.015,54.01,1620.302,335256,"Beans, Dry, Pink, 11F-8059 (0% moisture)",4.1,23.2,1.09
0.0,150.0,50.0,Normal,22.22222222222222,29,2,0,1872.5,280.875,112.35,74.9,2247.0,329343,"Proximates, Cheese, string (low-moisture, part-skim mozzarella), store brand, sKROGER (KY,TX) - NFY120X9W",0.0,0.0,19.0
0.0,167.0,58.0,Normal,20.7967298935064,30,3,0,1414.0,212.1,84.84,56.56,1696.8,328350,"Proximates, Cheese, cheddar, natural shredded sharp, KRAFT (PA,CA1,IA,TX) - NFY120WSU",0.0,0.0,34.6
0.0,180.0,70.0,Normal,21.604938271604937,22,3,2,1678.75,325.258,130.103,86.735,2602.059,333036,"Proximates, Tomatoes, diced, canned, HUNTS (CA2, NC) - NFY120ALU",0.0,0.0,0.18
0.0,183.0,76.0,Normal,22.69401893158948,22,2,0,1895.0,284.25,113.7,75.8,2274.0,335329,"Beans, Dry, Navy, 229 (0% moisture)",4.2,22.5,1.62
0.0,183.0,87.0,Overweight,25.97867956642479,61,4,0,1112.75,166.912,66.765,44.51,1335.298,330858,"Total Fat, Ground turkey, 93% lean, 7% fat, raw (AL1)",0.0,0.0,9.29
0.0,152.0,154.0,Extreme Obesity,66.6551246537396,34,3,0,1905.0,285.75,114.3,76.2,2286.0,335588,"Beans, Dry, Pinto, 711 (0% moisture)",4.2,24.9,1.4
1.0,187.0,96.0,Overweight,27.45288684263204,21,2,0,1314.0,197.1,78.84,52.56,1576.8,329873,"Proximates, Greek yogurt, FAGE PLAIN NONFAT (OK1) - NFY091131",0.0,0.0,0.31
1.0,169.0,136.0,Extreme Obesity,47.6173803438255,20,4,0,1858.75,278.812,111.525,74.35,2230.498,2648326,"yogurt, plain, nonfat",0.0,0.0,0.0
0.0,149.0,61.0,Overweight,27.476239809017613,23,2,0,1681.25,252.188,100.875,67.25,2017.502,324347,"Proximates, Pickles, kosher dill, spears, VLASIC (CO,CT) - NFY120HMM",0.0,0.0,0.4
1.0,163.0,137.0,Extreme Obesity,51.5638526101848,23,3,1,1713.75,294.551,117.82,78.547,2356.407,335797,"Beans, Dry, Black, 11F-8116 (0% moisture)",4.2,26.0,1.15
1.0,174.0,107.0,Obesity,35.34152463997886,23,2,1,1490.0,256.094,102.438,68.292,2048.756,334552,"Proximates, Tamale, Pork (CA-SB) - NFY090294",0.0,0.0,9.57
1.0,182.0,70.0,Normal,21.132713440405748,22,3,0,1345.0,201.75,80.7,53.8,1614.0,335360,"Beans, Dry, Navy, 568 (0% moisture)",4.4,24.6,1.46
1.0,169.0,110.0,Obesity,38.514057631035335,21,2,0,1540.0,231.0,92.4,61.6,1848.0,335056,"Proximates, Beef, T-Bone Steak, lean only, cooked, animal 27, lowerchoice",0.0,26.3,12.9
1.0,193.0,130.0,Obesity,34.90026577894709,32,3,0,1444.0,216.6,86.64,57.76,1732.8,334648,"TDF, Pupusas, Bean, flat stuffed corn biscuit (TX-HA,NV) - NFY0901XA",5.7,0.0,0.0
1.0,148.0,141.0,Extreme Obesity,64.3718042366691,23,3,0,1540.0,231.0,92.4,61.6,1848.0,2264194,"raspberries, fresh, raw",0.0,0.0,0.43
1.0,186.0,68.0,Normal,19.65545149728292,24,3,0,1399.0,209.85,83.94,55.96,1678.8,335891,"Beans, Dry, Black, 620 (0% moisture)",4.1,24.6,1.47
1.0,165.0,143.0,Extreme Obesity,52.52525252525253,28,2,0,1369.0,205.35,82.14,54.76,1642.8,334198,"Proximates, Sugar, Granulated, White, store brand (CA2, NC1, OK1) - NFY040XER",0.0,0.0,0.33
0.0,146.0,123.0,Extreme Obesity,57.70313379620943,23,2,0,2208.75,331.312,132.525,88.35,2650.498,327835,"Romaine Lettuce, Region 1, n/a, Yes - Proximates - NFY0101Q8",0.0,0.0,0.31
0.0,166.0,133.0,Extreme Obesity,48.265350558861954,23,4,0,1635.0,245.25,98.1,65.4,1962.0,335344,"Beans, Dry, Navy, 578 (0% moisture)",4.4,25.2,1.36
1.0,179.0,56.0,Weak,17.477606816266658,43,3,0,1638.75,245.812,98.325,65.55,1966.498,2645945,"beans, kidney, dark red, canned, sodium added, sugar added",0.0,0.0,1.14
0.0,177.0,101.0,Obesity,32.23850106929682,26,3,0,1995.0,299.25,119.7,79.8,2394.0,2712894,"Corn flour, masa harina, yellow, dry, raw",7.37,0.0,0.0
1.0,181.0,154.0,Extreme Obesity,47.007112115014806,23,4,0,1571.25,235.688,94.275,62.85,1885.502,329231,"Proximates, Cheese, string (low-moisture, part-skim mozzarella), FRIGO (PA,CA1) - NFY120X7K",0.0,0.0,20.0
0.0,161.0,154.0,Extreme Obesity,59.411288144747495,27,2,0,1570.0,235.5,94.2,62.8,1884.0,335753,"Beans, Dry, Small Red, 670 (0% moisture)",4.0,23.0,1.16
0.0,157.0,103.0,Extreme Obesity,41.78668505821737,23,4,0,1722.5,258.375,103.35,68.9,2067.0,335430,"Beans, Dry, Carioca, 11F-8104 (0% moisture)",4.4,24.7,1.33
0.0,169.0,98.0,Obesity,34.31252407128602,23,3,0,1930.0,289.5,115.8,77.2,2316.0,335875,"Beans, Dry, Black, 545 (0% moisture)",3.8,24.4,1.38
0.0,152.0,114.0,Extreme Obesity,49.3421052631579,26,3,2,1758.75,340.758,136.303,90.869,2726.065,326520,"Proximates, Mustard, yellow, FRENCHS CLASSIC (MI,OK) - NFY120I04",0.0,0.0,3.58
0.0,162.0,64.0,Normal,24.38652644413961,28,3,0,2228.75,334.312,133.725,89.15,2674.498,2003602,"Mushroom, maitake",3.071,2.203125,0.265
1.0,162.0,130.0,Extreme Obesity,49.53513183965858,60,2,0,1289.0,193.35,77.34,51.56,1546.8,335903,"Beans, Dry, Black, 753 (0% moisture)",4.4,25.8,1.31
0.0,177.0,61.0,Normal,19.4707778735357,25,4,0,2063.75,309.562,123.825,82.55,2476.498,335899,"Beans, Dry, Black, 528 (0% moisture)",4.0,25.9,1.42
0.0,195.0,61.0,Weak,16.04207758053912,29,3,0,1430.0,214.5,85.8,57.2,1716.0,335749,"Beans, Dry, Small Red, 755 (0% moisture)",4.0,22.0,1.18
1.0,140.0,146.0,Extreme Obesity,74.48979591836736,33,4,0,1691.25,253.688,101.475,67.65,2029.502,334696,"Proximates, Pupusas, Bean, flat stuffed corn biscuit (CA-LA) - NFY0901XT",0.0,0.0,10.7
0.0,186.0,146.0,Extreme Obesity,42.20141056769568,23,3,0,2021.25,303.188,121.275,80.85,2425.502,335466,"Beans, Dry, Pinto, 11F-8101 (0% moisture)",3.9,24.6,1.0
0.0,178.0,107.0,Obesity,33.77098851155157,22,3,0,1465.0,219.75,87.9,58.6,1758.0,328741,"Cholesterol & moisture, Cottage cheese, 2% milkfat, DAISY (MO,CT) - NFY120BPD",0.0,0.0,2.35
1.0,174.0,54.0,Weak,17.8359096313912,38,3,0,1344.0,201.6,80.64,53.76,1612.8,326300,"Carrots, sliced or crinkle cut, frozen, unprepared - Proximates - NF9913TB",0.0,0.0,0.17
0.0,180.0,59.0,Weak,18.20987654320988,23,3,4,1692.5,401.969,160.788,107.192,3215.756,335900,"Beans, Dry, Black, 273 (0% moisture)",4.3,25.1,1.64
1.0,188.0,141.0,Obesity,39.8936170212766,24,3,0,1808.75,271.312,108.525,72.35,2170.498,2684440,"Fish, salmon, sockeye, wild caught, raw",0.0,22.3,4.936
0.0,187.0,130.0,Obesity,37.17578426606422,19,3,0,1612.75,241.912,96.765,64.51,1935.298,328504,"Proximates, Cheese, cheddar, mild, block/chunk, store brand, FOOD CLUB  (AZ,IN,GA) - NFY120WYY",0.0,0.0,34.8
0.0,153.0,77.0,Obesity,32.89333162458883,34,4,0,1737.5,260.625,104.25,69.5,2085.0,333029,"Proximates, Tomatoes, diced, canned, HUNTS (CO, CT) - NFY120AM1",0.0,0.0,0.2
0.0,165.0,95.0,Obesity,34.894398530762174,25,3,0,1680.0,252.0,100.8,67.2,2016.0,2514520,"barley, flour",0.0,0.0,1.86
0.0,178.0,79.0,Normal,24.933720489837143,23,4,2,1761.25,341.242,136.497,90.998,2729.938,332504,"Pears, Bartlett, Region 2, n/a, Yes, Proximates - NFY00009F",0.0,0.0,0.2
0.0,163.0,154.0,Extreme Obesity,57.96228687568219,21,2,1,1585.25,272.465,108.986,72.657,2179.717,335805,"Beans, Dry, Black, 11F-8129 (0% moisture)",4.5,24.6,0.96
0.0,150.0,97.0,Extreme Obesity,43.11111111111112,23,3,0,1650.0,247.5,99.0,66.0,1980.0,336050,"Beans, Dry, Great Northern, 706 (0% moisture)",4.4,25.8,1.17
1.0,179.0,127.0,Obesity,39.63671545831903,24,3,0,1140.25,171.038,68.415,45.61,1368.302,2747657,"Lobster, tail only, frozen, wild caught",0.0,12.99375,0.3667
1.0,165.0,62.0,Normal,22.77318640955005,50,2,1,1080.25,185.668,74.267,49.511,1485.339,335686,"Beans, Dry, Pinto, 791 (0% moisture)",3.8,22.9,1.32
1.0,168.0,158.0,Extreme Obesity,55.98072562358278,21,3,0,1805.0,270.75,108.3,72.2,2166.0,334194,"Fish, tuna, light, canned in water, drained solids",0.0,19.0,0.94
0.0,153.0,133.0,Extreme Obesity,56.8157546242898,28,3,0,1475.25,221.288,88.515,59.01,1770.302,335754,"Beans, Dry, Small Red, 374 (0% moisture)",3.8,22.0,1.18
1.0,184.0,157.0,Extreme Obesity,46.37287334593572,18,3,1,2057.5,353.633,141.453,94.302,2829.062,335408,"Beans, Dry, Navy, 565 (0% moisture)",4.4,23.9,1.52
1.0,188.0,65.0,Weak,18.390674513354465,23,3,0,2102.5,315.375,126.15,84.1,2523.0,335558,"Beans, Dry, Pinto, 821 (0% moisture)",4.5,26.9,1.44
0.0,166.0,153.0,Extreme Obesity,55.5232980113224,22,3,0,1406.25,210.938,84.375,56.25,1687.502,335308,"Beans, Dry, Navy, 11F-8162 (0% moisture)",4.3,23.0,1.08
0.0,172.0,116.0,Obesity,39.21038399134668,18,3,0,1680.25,252.038,100.815,67.21,2016.302,334953,"Proximates, Beef, Top Round roast/steak, lean only, raw, animal 28, select",0.0,22.7,1.16
1.0,182.0,73.0,Normal,22.03840115928028,22,3,1,1493.75,256.738,102.695,68.464,2053.908,325804,"TDF, White bread, PEPPERIDGE FARMS (FL1,MO1) - NFY0907NN",2.3,0.0,0.0
1.0,143.0,149.0,Extreme Obesity,72.86419873832462,22,2,0,1393.75,209.062,83.625,55.75,1672.498,2747674,"Turnips, raw",1.915,0.953125,0.1188
1.0,152.0,146.0,Extreme Obesity,63.19252077562327,21,3,0,1634.0,245.1,98.04,65.36,1960.8,320391,"Proximates, Beef, Eye of Round roast/steak, lean only, raw, animal 16, select",0.0,23.8,2.07
0.0,186.0,128.0,Obesity,36.99849693606197,21,2,0,1322.75,198.412,79.365,52.91,1587.298,335748,"Beans, Dry, Small Red, 405 (0% moisture)",4.0,21.6,1.17
1.0,159.0,140.0,Extreme Obesity,55.37755626755271,20,2,0,1536.25,230.438,92.175,61.45,1843.502,331750,"Fat, Chicken, dark meat, lean only, drumstick, braised, enhanced (OK1,MI1) - 14B-06-06-TotalFat",0.0,0.0,6.33
1.0,146.0,70.0,Obesity,32.839181835241135,24,4,0,1570.25,235.538,94.215,62.81,1884.302,2004812,"ORANGE JUICE, REFRIGERATED, NO PULP, NOT FORTIFIED, FROM CONCENTRATE",0.0,0.0,0.42
0.0,176.0,121.0,Obesity,39.0625,37,3,0,1075.25,161.288,64.515,43.01,1290.302,323461,Kale - NFY1212DW,0.0,0.0,1.45
0.0,146.0,101.0,Extreme Obesity,47.38224807656221,22,4,0,1626.25,243.938,97.575,65.05,1951.502,332002,"Proximates, Sauce, pasta, RAGU Old World, bottled spaghetti sauce (IN1) - NFY0904RL",0.0,0.0,2.16
1.0,159.0,145.0,Extreme Obesity,57.355326134251015,34,4,1,1622.5,278.867,111.547,74.365,2230.941,335743,"Beans, Dry, Small Red, 797 (0% moisture)",3.9,20.8,1.62
1.0,162.0,157.0,Extreme Obesity,59.82319768327998,21,3,0,1235.25,185.288,74.115,49.41,1482.302,327403,"Oranges, Navel, Pass 2, Region 3, n/a, Yes - Proximates, NFY01075M",0.0,0.0,0.05
0.0,172.0,90.0,Obesity,30.42184964845863,27,2,1,1728.75,297.129,118.852,79.234,2377.03,323969,"Proximates, Salsa, PACE CHUNKY, MEDIUM (AL,CA1) - NFY090KXG",0.0,0.0,0.1
0.0,169.0,121.0,Extreme Obesity,42.365463394138864,19,3,0,1575.25,236.288,94.515,63.01,1890.302,330432,"Proximates, Oil, coconut, LOU ANA (MI,OK) - NFY120PE9",0.0,0.0,99.4
1.0,182.0,50.0,Extremely Weak,15.094795314575531,26,3,0,1690.25,253.538,101.415,67.61,2028.302,332289,"Lunchmeat, ham - NFY1210OA",0.0,0.0,4.66
0.0,183.0,79.0,Normal,23.589835468362743,21,2,1,1608.75,276.504,110.602,73.734,2212.03,335767,"Beans, Dry, Small Red, 774 (0% moisture)",4.0,24.6,1.06
1.0,176.0,77.0,Normal,24.857954545454547,31,3,0,1721.25,258.188,103.275,68.85,2065.502,335634,"Beans, Dry, Pinto, 724 (0% moisture)",4.2,25.6,1.35
0.0,188.0,128.0,Obesity,36.215482118605706,34,3,0,1389.0,208.35,83.34,55.56,1666.8,327321,"Nectarines, Raw, Pass 2, Region 4, n/a, Yes, Proximates - NFY010BWR",0.0,0.0,0.01
0.0,175.0,83.0,Normal,27.10204081632653,20,2,0,1365.0,204.75,81.9,54.6,1638.0,331404,"Fat, Chicken, skin, roasted, from drumsticks and thighs, non-enhanced (FL1,MO1,NY1) - 14B-02-04-TotalFat",0.0,0.0,47.6
1.0,154.0,81.0,Obesity,34.15415753078091,21,3,0,1881.25,282.188,112.875,75.25,2257.502,330751,"Total Fat, Ground turkey, 93% lean, 7% fat, pan-broiled crumbles (MO1)",0.0,0.0,12.2
0.0,184.0,147.0,Extreme Obesity,43.41918714555765,35,2,0,1350.0,202.5,81.0,54.0,1620.0,336011,"Beans, Dry, Great Northern, 375 (0% moisture)",4.2,24.3,1.04
1.0,179.0,123.0,Obesity,38.38831497144284,16,3,0,1720.25,258.037,103.215,68.81,2064.298,2515600,coconut flour,32.3,0.0,0.0
1.0,152.0,132.0,Extreme Obesity,57.13296398891967,18,2,0,1716.25,257.438,102.975,68.65,2059.502,335217,"Proximates, Whole wheat bread, Store brand/other (CA1,CO) - NFY1204RQ",0.0,0.0,3.78
0.0,145.0,141.0,Extreme Obesity,67.06302021403091,23,3,3,1785.0,384.891,153.956,102.637,3079.121,335689,"Beans, Dry, Pinto, 329 (0% moisture)",3.8,22.1,1.55
0.0,181.0,80.0,Normal,24.41927902078691,22,3,0,1865.0,279.75,111.9,74.6,2238.0,334355,"TDF, Sweet And Sour Pork, Chinese restaurant (VA2,WV) - NFY0903L3",0.5,0.0,0.0
1.0,158.0,127.0,Extreme Obesity,50.87325749078673,45,2,0,1802.5,270.375,108.15,72.1,2163.0,334648,"TDF, Pupusas, Bean, flat stuffed corn biscuit (TX-HA,NV) - NFY0901XA",5.7,0.0,0.0
0.0,188.0,99.0,Overweight,28.010411951109106,18,2,0,1653.75,248.062,99.225,66.15,1984.498,2264553,"grapes, green, seedless, fresh, raw",0.0,0.0,0.16
1.0,145.0,142.0,Extreme Obesity,67.53864447086801,18,2,1,1367.75,235.082,94.033,62.689,1880.661,335805,"Beans, Dry, Black, 11F-8129 (0% moisture)",4.5,24.6,0.96
1.0,161.0,115.0,Extreme Obesity,44.36557231588287,22,2,1,1756.25,301.855,120.742,80.495,2414.843,321611,"Beans, snap, green, canned, regular pack, drained solids",0.0,1.04,0.39
1.0,198.0,109.0,Overweight,27.803285379042958,28,2,0,1319.0,197.85,79.14,52.76,1582.8,335666,"Beans, Dry, Pinto, 733 (0% moisture)",3.5,19.8,1.23
1.0,147.0,142.0,Extreme Obesity,65.71336017400158,22,2,0,1357.75,203.662,81.465,54.31,1629.298,2685572,"Cabbage, bok choy, raw",1.259,1.02375,0.2338
1.0,154.0,112.0,Extreme Obesity,47.22550177095632,21,3,0,1664.0,249.6,99.84,66.56,1996.8,2645921,"beans, chick peas/garbanzos, canned, sodium added",0.0,0.0,2.98
0.0,178.0,65.0,Normal,20.515086478979924,21,3,0,1165.25,174.788,69.915,46.61,1398.302,332657,"Olives, green, stuffed with pimentos - NFY1213OJ",3.6,0.0,0.0
1.0,195.0,153.0,Extreme Obesity,40.23668639053255,30,3,0,1673.75,251.062,100.425,66.95,2008.498,335940,"Beans, Dry, Great Northern, 11F-8194 (0% moisture)",4.1,23.4,1.14
0.0,167.0,79.0,Overweight,28.326580372189756,22,2,0,1529.0,229.35,91.74,61.16,1834.8,335413,"Beans, Dry, Navy, 312 (0% moisture)",4.2,21.9,1.49
1.0,183.0,131.0,Obesity,39.117322105766064,20,2,0,1506.25,225.938,90.375,60.25,1807.502,2259387,"peppers, bell, yellow, raw",0.0,0.0,0.14
0.0,164.0,142.0,Extreme Obesity,52.79595478881619,23,3,0,1374.0,206.1,82.44,54.96,1648.8,330144,"Proximates, Yogurt, Greek, strawberry, non-fat, DANNON OIKOS (CO,CT) - NFY120OO0",0.0,7.95,0.2
1.0,167.0,64.0,Normal,22.948115744558788,75,3,1,1475.0,253.516,101.406,67.604,2028.124,336022,"Beans, Dry, Great Northern, 742 (0% moisture)",4.3,24.1,1.26
0.0,151.0,55.0,Normal,24.121749046094468,22,4,0,1625.25,243.788,97.515,65.01,1950.302,331404,"Fat, Chicken, skin, roasted, from drumsticks and thighs, non-enhanced (FL1,MO1,NY1) - 14B-02-04-TotalFat",0.0,0.0,47.6
0.0,147.0,107.0,Extreme Obesity,49.5164052015364,22,2,0,1260.25,189.038,75.615,50.41,1512.302,335483,"Beans, Dry, Pinto, 11F-8032 (0% moisture)",4.1,22.0,1.12
0.0,155.0,115.0,Extreme Obesity,47.86680541103017,30,3,0,1710.25,256.537,102.615,68.41,2052.298,327046,"Kiwifruit, green, raw",3.0,1.06,0.44
0.0,172.0,108.0,Obesity,36.50621957815036,26,2,1,1155.25,198.559,79.423,52.949,1588.469,330837,"Protein, ash,& moisture, Ground turkey, 93% lean, 7% fat, raw (CT1) ",0.0,17.4,0.0
1.0,146.0,85.0,Obesity,39.87614937136424,20,2,4,1187.75,282.091,112.836,75.224,2256.724,2515375,"Nuts, hazelnuts or filberts, raw",8.41,13.4938,53.49
0.0,188.0,115.0,Obesity,32.537347215934815,22,2,0,1469.0,220.35,88.14,58.76,1762.8,335753,"Beans, Dry, Small Red, 670 (0% moisture)",4.0,23.0,1.16
1.0,173.0,111.0,Obesity,37.08777439941194,28,3,0,1647.75,247.162,98.865,65.91,1977.298,327033,"Kiwi, Pass 2, Region 4, n/a, Yes, Proximates - NFY010BZU",0.0,0.0,0.25
0.0,160.0,109.0,Extreme Obesity,42.57812499999999,21,2,1,1762.5,302.93,121.172,80.781,2423.437,323225,"Almonds, dry roasted, salted - NFY1213IK",11.0,0.0,0.0
1.0,187.0,80.0,Normal,22.877405702193368,20,3,0,1196.5,179.475,71.79,47.86,1435.8,325588,"ITALIAN PORK SAUSAGE, GREAT VALUE, COOKED",0.0,0.0,28.7
1.0,198.0,136.0,Obesity,34.690337720640755,40,3,0,1526.5,228.975,91.59,61.06,1831.8,335938,"Beans, Dry, Great Northern, 11F-8141 (0% moisture)",4.3,26.6,1.31
0.0,179.0,150.0,Extreme Obesity,46.81501825785712,24,2,0,1124.0,168.6,67.44,44.96,1348.8,331091,"Fat, Chicken, dark meat, lean only, drumstick, roasted, non-enhanced (National) - 14B-05-01-TotalFat",0.0,0.0,5.48
0.0,164.0,59.0,Normal,21.936347412254616,40,3,0,1397.5,209.625,83.85,55.9,1677.0,332485,"Pears, Bartlett, Region 3, n/a, Yes, Proximates - NFY00009Y",0.0,0.0,0.3
0.0,146.0,147.0,Extreme Obesity,68.96228185400639,23,3,0,1872.5,280.875,112.35,74.9,2247.0,335508,"Beans, Dry, Pinto, 743 (0% moisture)",4.0,21.8,1.18
0.0,198.0,50.0,Extremely Weak,12.753800632588511,49,3,0,1632.75,244.912,97.965,65.31,1959.298,324264,"Proximates, Onion rings, frozen, Store brand/other (CO,IN) - NFY12069Z",0.0,0.0,13.9
0.0,170.0,53.0,Weak,18.339100346020764,19,2,0,1763.75,264.562,105.825,70.55,2116.498,332784,"Olives, Green Manzanilla - PA, NJ",0.0,0.0,12.6
1.0,152.0,98.0,Extreme Obesity,42.41689750692521,24,3,0,1387.75,208.162,83.265,55.51,1665.298,327033,"Kiwi, Pass 2, Region 4, n/a, Yes, Proximates - NFY010BZU",0.0,0.0,0.25
0.0,150.0,153.0,Extreme Obesity,68.0,22,4,0,1170.25,175.538,70.215,46.81,1404.302,335610,"Beans, Dry, Pinto, 820 (0% moisture)",4.1,24.7,0.9
0.0,184.0,121.0,Obesity,35.73960302457467,30,3,0,1437.5,215.625,86.25,57.5,1725.0,335283,"Beans, Dry, Pink, 732 (0% moisture)",4.0,23.1,1.39
0.0,141.0,136.0,Extreme Obesity,68.40702177958856,28,2,0,1673.75,251.062,100.425,66.95,2008.498,334936,"Proximates, Beef, Top Round roast/steak, lean only, raw, animal 17, select",0.0,23.8,3.5
1.0,150.0,95.0,Extreme Obesity,42.22222222222222,16,2,1,1390.25,238.949,95.58,63.72,1911.596,2346394,"Nuts, walnuts, English, halves, raw",5.21,14.5644,69.74
1.0,173.0,131.0,Extreme Obesity,43.77025627317986,29,3,0,1422.5,213.375,85.35,56.9,1707.0,334950,"Proximates, Beef, Top Round roast/steak, lean only, raw, animal 23, select",0.0,23.2,4.23
0.0,0.0,0.0,0,0.0,30,4,0,1975.0,296.25,118.5,79.0,2370.0,335326,"Beans, Dry, Navy, 586 (0% moisture)",4.4,25.2,1.51
0.0,0.0,0.0,0,0.0,37,3,0,1612.75,241.912,96.765,64.51,1935.298,2747675,"Watermelon, seedless, flesh only, raw",0.0,0.87125,0.0
0.0,0.0,0.0,0,0.0,22,2,0,1380.25,207.038,82.815,55.21,1656.302,330542,"Total Fat, Ground turkey, 93% lean, 7% fat, patties, broiled (FL1,MO1,NY1)",0.0,0.0,12.1
0.0,0.0,0.0,0,0.0,25,3,2,1662.5,322.109,128.844,85.896,2576.876,335272,"Beans, Dry, Pink, 430 (0% moisture)",3.8,24.5,0.94
0.0,0.0,0.0,0,0.0,24,3,0,2105.0,315.75,126.3,84.2,2526.0,335355,"Beans, Dry, Navy, 476 (0% moisture)",4.2,25.7,1.53
0.0,0.0,0.0,0,0.0,23,3,3,1324.0,285.488,114.195,76.13,2283.902,331457,"Fat, Chicken, dark meat, lean only, thigh, braised, non-enhanced (FL1,MO1,NY1) - 14B-09-04-TotalFat",0.0,0.0,8.6
0.0,0.0,0.0,0,0.0,23,2,0,1492.75,223.912,89.565,59.71,1791.298,325201,"Grapefruit juice, white, shelf stable - NFY1213V5",0.0,0.0,0.86
0.0,0.0,0.0,0,0.0,19,2,1,1670.0,287.031,114.812,76.542,2296.25,331696,"Fat, Chicken, dark meat, lean only, drumstick, braised, non-enhanced (CA2,NC1) - 14B-06-02-TotalFat",0.0,0.0,6.19
0.0,0.0,0.0,0,0.0,22,2,0,1565.0,234.75,93.9,62.6,1878.0,333950,"Proximates, Tuna, canned, in water, drained solids, store brand,  GREAT VALUE &  KROGER (MI,OK) - NFY090S6Z",0.0,0.0,0.83
0.0,0.0,0.0,0,0.0,24,3,0,1325.0,198.75,79.5,53.0,1590.0,335660,"Beans, Dry, Pinto, 708 (0% moisture)",4.1,25.5,1.26
0.0,0.0,0.0,0,0.0,21,2,0,1441.25,216.188,86.475,57.65,1729.502,335314,"Beans, Dry, Navy, 11F-8107 (0% moisture)",4.1,24.4,1.13
0.0,0.0,0.0,0,0.0,24,3,0,2056.25,308.438,123.375,82.25,2467.502,335794,"Beans, Dry, Black, 11F-8013 (0% moisture)",4.5,26.0,1.11
0.0,0.0,0.0,0,0.0,41,3,0,1665.25,249.788,99.915,66.61,1998.302,335308,"Beans, Dry, Navy, 11F-8162 (0% moisture)",4.3,23.0,1.08
0.0,0.0,0.0,0,0.0,35,3,0,1321.5,198.225,79.29,52.86,1585.8,2515257,"Beef, ground, grass-fed, 80% lean, 20% fat, raw",0.0,0.0,15.37
0.0,0.0,0.0,0,0.0,25,3,0,2060.0,309.0,123.6,82.4,2472.0,335534,"Beans, Dry, Pinto, 717 (0% moisture)",4.0,23.9,1.27
0.0,0.0,0.0,0,0.0,28,3,0,1395.0,209.25,83.7,55.8,1674.0,335334,"Beans, Dry, Navy, 576 (0% moisture)",4.4,24.3,1.54
0.0,0.0,0.0,0,0.0,28,2,1,1207.75,207.582,83.033,55.355,1660.655,335658,"Beans, Dry, Pinto, 643 (0% moisture)",4.0,22.6,1.16
0.0,0.0,0.0,0,0.0,21,2,2,1122.75,217.533,87.013,58.009,1740.265,2004400,"Flour, Semolina, Coarse",4.04,0.0,0.0
0.0,0.0,0.0,0,0.0,23,3,3,1161.5,250.448,100.179,66.786,2003.582,335563,"Beans, Dry, Pinto, 510 (0% moisture)",4.0,25.6,1.19
0.0,0.0,0.0,0,0.0,51,2,0,1334.0,200.1,80.04,53.36,1600.8,2712573,"Chia seeds, whole, dry, raw",0.0,0.0,32.54
0.0,0.0,0.0,0,0.0,29,3,0,1650.0,247.5,99.0,66.0,1980.0,335637,"Beans, Dry, Pinto, 353 (0% moisture)",3.9,22.0,1.45
0.0,0.0,0.0,0,0.0,50,2,1,1435.0,246.641,98.656,65.771,1973.127,335506,"Beans, Dry, Pinto, 761 (0% moisture)",4.5,27.6,1.13
0.0,0.0,0.0,0,0.0,25,2,0,1254.0,188.1,75.24,50.16,1504.8,335975,"Beans, Dry, Great Northern, 423 (0% moisture)",4.2,23.2,1.12
0.0,0.0,0.0,0,0.0,23,3,0,1595.25,239.288,95.715,63.81,1914.302,335483,"Beans, Dry, Pinto, 11F-8032 (0% moisture)",4.1,22.0,1.12
0.0,0.0,0.0,0,0.0,28,3,0,1294.0,194.1,77.64,51.76,1552.8,328548,"Proximates, Cheese, cheddar, mild, block/chunk, store brand, SHOPRITE   (NC,NJ,TX) - NFY120WXO",0.0,0.0,33.6
0.0,0.0,0.0,0,0.0,24,3,0,1371.5,205.725,82.29,54.86,1645.8,335798,"Beans, Dry, Black, 11F-8023 (0% moisture)",4.3,23.1,1.32
0.0,0.0,0.0,0,0.0,21,2,2,1325.25,256.767,102.707,68.471,2054.135,328687,"Proximates, Cottage cheese, 2% milkfat, BREAKSTONE (AL,IN) - NFY120BNL",0.0,0.0,2.2
0.0,0.0,0.0,0,0.0,22,4,0,1476.5,221.475,88.59,59.06,1771.8,325005,"Proximates, Parmesan cheese, grated, store brand/other brand, SAFEWAY KITCHENS (CO,CA1) - NFY120DU4",0.0,0.0,22.3
0.0,0.0,0.0,0,0.0,22,4,0,1629.0,244.35,97.74,65.16,1954.8,335442,"Beans, Dry, Tan (0% moisture)",4.4,26.8,1.14
0.0,0.0,0.0,0,0.0,25,3,0,1324.0,198.6,79.44,52.96,1588.8,335271,"Beans, Dry, Pink, 779 (0% moisture)",4.2,22.1,1.64
0.0,0.0,0.0,0,0.0,24,2,0,1638.75,245.812,98.325,65.55,1966.498,335946,"Beans, Dry, Great Northern, 11F-8113 (0% moisture)",4.6,24.6,1.24
0.0,0.0,0.0,0,0.0,18,4,0,1736.25,260.438,104.175,69.45,2083.502,335928,"Beans, Dry, Red, 345 (0% moisture)",4.1,21.3,1.19
0.0,0.0,0.0,0,0.0,45,3,0,1100.25,165.038,66.015,44.01,1320.302,335322,"Beans, Dry, Navy, 613 (0% moisture)",4.7,25.5,1.47
0.0,0.0,0.0,0,0.0,22,2,1,1546.25,265.762,106.305,70.87,2126.098,2515218,"Beef, ground, grass-fed, 90% lean, 10% fat, raw",0.0,0.0,10.95
0.0,0.0,0.0,0,0.0,22,3,0,1513.75,227.062,90.825,60.55,1816.498,323466,Kale - NFY1212DX,4.0,0.0,0.0
0.0,0.0,0.0,0,0.0,21,3,4,1805.0,428.688,171.475,114.317,3429.505,330949,"Fat, Chicken, skin, braised, from drumsticks and thighs, non-enhanced (National) - 14B-03-01-TotalFat",0.0,0.0,45.2
0.0,0.0,0.0,0,0.0,29,4,0,1920.0,288.0,115.2,76.8,2304.0,336000,"Beans, Dry, Great Northern, 789 (0% moisture)",4.2,24.0,1.1
0.0,0.0,0.0,0,0.0,23,3,0,1315.25,197.288,78.915,52.61,1578.302,321663,"Broccoli, Region 1, n/a, Yes, Fiber - NFY01047T",2.0,0.0,0.0
0.0,0.0,0.0,0,0.0,44,4,0,1195.25,179.288,71.715,47.81,1434.302,324482,"TDF, Pickles, kosher dill, spears, store brand, GREAT VALUE & GREAT VALUE (AL1,OK1) - NFY120HQF",0.9,0.0,0.0
0.0,0.0,0.0,0,0.0,23,3,0,1760.0,264.0,105.6,70.4,2112.0,330640,"Protein, ash,& moisture, Ground turkey, 93% lean, 7% fat, pan-broiled crumbles (CO1)",0.0,29.0,0.0
0.0,0.0,0.0,0,0.0,23,3,0,1154.0,173.1,69.24,46.16,1384.8,331750,"Fat, Chicken, dark meat, lean only, drumstick, braised, enhanced (OK1,MI1) - 14B-06-06-TotalFat",0.0,0.0,6.33
0.0,0.0,0.0,0,0.0,53,3,0,1302.5,195.375,78.15,52.1,1563.0,335360,"Beans, Dry, Navy, 568 (0% moisture)",4.4,24.6,1.46
0.0,0.0,0.0,0,0.0,20,3,0,1346.25,201.938,80.775,53.85,1615.502,335010,"Proximates, Beef, T-Bone Steak, lean only, cooked, animal 7, upperchoice",0.0,27.9,8.75
0.0,0.0,0.0,0,0.0,23,3,0,1550.0,232.5,93.0,62.0,1860.0,335801,"Beans, Dry, Black, 11F-8150 (0% moisture)",4.4,24.4,1.12
0.0,0.0,0.0,0,0.0,22,3,0,2070.0,310.5,124.2,82.8,2484.0,327864,"Romaine Lettuce, Region 2, n/a, Yes - Fiber - NFY0101RC",1.8,0.0,0.0
0.0,0.0,0.0,0,0.0,21,3,0,1600.0,240.0,96.0,64.0,1920.0,332323,"Lunchmeat, ham - NFY1210P3",0.0,0.0,3.99
0.0,0.0,0.0,0,0.0,24,3,0,1865.0,279.75,111.9,74.6,2238.0,333022,"Proximates, Tomatoes, diced, canned, HUNTS (AL, CA1) - NFY120ALO",0.0,0.0,0.49
0.0,0.0,0.0,0,0.0,35,4,0,1630.0,244.5,97.8,65.2,1956.0,335502,"Beans, Dry, Pinto, 11F-8102 (0% moisture)",4.4,22.6,1.26
0.0,0.0,0.0,0,0.0,21,2,0,1588.75,238.312,95.325,63.55,1906.498,747429,"Cheese, American, restaurant",0.0,17.5,31.1
0.0,0.0,0.0,0,0.0,26,2,0,1598.75,239.812,95.925,63.95,1918.498,2747664,"Radicchio, raw",2.114,1.30875,0.1431
0.0,0.0,0.0,0,0.0,44,3,1,1087.75,186.957,74.783,49.855,1495.655,790646,"Onions, yellow, raw",1.9,0.83,0.05
0.0,0.0,0.0,0,0.0,47,2,0,1302.75,195.412,78.165,52.11,1563.298,2714136,"Pear, Anjou, green, with skin, seeded, core removed, raw",2.61,0.0,0.0
0.0,0.0,0.0,0,0.0,22,2,1,1289.0,221.547,88.619,59.079,1772.375,324743,"Proximates, Peanut butter, creamy, JIF (AL,CA1) - NFY120C96",0.0,0.0,52.2
0.0,0.0,0.0,0,0.0,22,2,0,1800.0,270.0,108.0,72.0,2160.0,328633,"Proximates, Cheese, cheddar, sharp, block/chunk, store brand, GREAT VALUE (CA1,KY,NE) - NFY120X2C",0.0,0.0,33.6
0.0,0.0,0.0,0,0.0,36,3,0,1027.75,154.162,61.665,41.11,1233.298,335331,"Beans, Dry, Navy, 299 (0% moisture)",4.4,25.4,1.55
0.0,0.0,0.0,0,0.0,22,4,3,1626.25,350.66,140.264,93.509,2805.277,335649,"Beans, Dry, Pinto, 512 (0% moisture)",4.2,25.7,1.37
0.0,0.0,0.0,0,0.0,26,3,0,1535.0,230.25,92.1,61.4,1842.0,332281,"Proximates, Sauce, pasta, HUNTS original, canned spaghetti sauce (CA2) - NFY0904Z9",0.0,0.0,0.65
0.0,0.0,0.0,0,0.0,15,3,4,1420.0,337.25,134.9,89.933,2697.997,333416,"Proximates, Pollock, raw (MI) - NFY060DP7",0.0,0.0,0.37
0.0,0.0,0.0,0,0.0,21,2,0,1781.25,267.188,106.875,71.25,2137.502,333532,"Proximates, Tuna, canned, in water, drained solids,  BUMBLEBEE CHUNK LIGHT, IN WATER  (IN,NY) - NFY090S0B",0.0,0.0,1.14
0.0,0.0,0.0,0,0.0,54,2,0,1195.25,179.288,71.715,47.81,1434.302,335255,"Beans, Dry, Pink, 11F-8149 (0% moisture)",4.5,25.0,1.07
0.0,0.0,0.0,0,0.0,23,3,3,1702.5,367.102,146.841,97.894,2936.818,324176,"Proximates, Onion rings, frozen, ORE-IDA (CA2,NC) - NFY12069K",0.0,0.0,12.8
0.0,0.0,0.0,0,0.0,23,3,1,1611.25,276.934,110.773,73.849,2215.469,2258699,"peppers, bell, green, raw",0.0,0.0,0.0
0.0,0.0,0.0,0,0.0,59,3,4,1055.25,250.622,100.249,66.832,2004.972,330790,"Protein, ash,& moisture, Ground turkey, 93% lean, 7% fat, patties, broiled (CA1) ",0.0,24.9,0.0
0.0,0.0,0.0,0,0.0,23,2,0,1660.0,249.0,99.6,66.4,1992.0,2515290,"Chicken, ground, raw",0.0,0.0,8.41
0.0,0.0,0.0,0,0.0,23,4,0,1162.75,174.412,69.765,46.51,1395.298,335971,"Beans, Dry, Great Northern, 235 (0% moisture)",4.2,28.6,1.32
0.0,0.0,0.0,0,0.0,31,3,0,1711.25,256.688,102.675,68.45,2053.502,332236,"Proximates, Sauce, pasta, HUNTS original, canned spaghetti sauce (CA1) - NFY0904Z3",0.0,0.0,0.67
0.0,0.0,0.0,0,0.0,22,4,0,2088.75,313.312,125.325,83.55,2506.498,335289,"Beans, Dry, Pink, 687 (0% moisture)",4.2,21.1,1.07
0.0,0.0,0.0,0,0.0,30,3,0,1476.25,221.438,88.575,59.05,1771.502,323290,"Almonds, dry roasted, salted - NFY1213M2",10.8,0.0,0.0
0.0,0.0,0.0,0,0.0,22,2,0,1590.25,238.538,95.415,63.61,1908.302,324835,"TDF, Peanut butter, creamy, store brand/other brand, KROGER (IN,MI) - NFY120CCC",4.8,0.0,0.0
0.0,0.0,0.0,0,0.0,23,2,0,1265.25,189.788,75.915,50.61,1518.302,335369,"Beans, Dry, Navy, 234 (0% moisture)",4.2,22.4,1.64
0.0,0.0,0.0,0,0.0,23,2,4,1803.75,428.391,171.356,114.238,3427.13,335817,"Beans, Dry, Black, 737 (0% moisture)",4.1,26.3,1.08
0.0,0.0,0.0,0,0.0,26,4,0,1756.25,263.438,105.375,70.25,2107.502,335367,"Beans, Dry, Navy, 241 (0% moisture)",4.4,26.6,1.33
0.0,0.0,0.0,0,0.0,24,4,3,1897.5,409.148,163.659,109.106,3273.182,335800,"Beans, Dry, Black, 11F-8062 (0% moisture)",4.7,24.3,1.29
0.0,0.0,0.0,0,0.0,28,4,0,1802.75,270.412,108.165,72.11,2163.298,335673,"Beans, Dry, Pinto, 390 (0% moisture)",3.9,22.3,1.17
0.0,0.0,0.0,0,0.0,30,3,0,1529.0,229.35,91.74,61.16,1834.8,2257045,"Almond milk, unsweetened, plain, refrigerated",0.0,0.65625,1.558
0.0,0.0,0.0,0,0.0,22,3,0,2156.25,323.438,129.375,86.25,2587.502,335373,"Beans, Dry, Navy, 268 (0% moisture)",4.4,23.5,1.45
0.0,0.0,0.0,0,0.0,28,3,0,1873.75,281.062,112.425,74.95,2248.498,335667,"Beans, Dry, Pinto, 414 (0% moisture)",4.2,25.0,1.4
0.0,0.0,0.0,0,0.0,27,4,0,1446.5,216.975,86.79,57.86,1735.8,335282,"Beans, Dry, Pink, 411 (0% moisture)",4.0,21.0,1.65
0.0,0.0,0.0,0,0.0,20,4,0,1705.0,255.75,102.3,68.2,2046.0,335514,"Beans, Dry, Pinto, 684 (0% moisture)",3.9,21.7,1.32
0.0,0.0,0.0,0,0.0,31,4,0,1690.0,253.5,101.4,67.6,2028.0,328068,"Proximates, Cheddar cheese, sliced, store brand, CRYSTAL FARMS & SHULLSBURG WISCONSIN (MO,NY) - NFY120DE3",0.0,0.0,33.4
0.0,0.0,0.0,0,0.0,21,2,1,1571.25,270.059,108.023,72.016,2160.472,334834,"Proximates, Beef, Boneless Top Loin steak, lean only, raw, animal 21, lowerchoice",0.0,23.9,4.4
0.0,0.0,0.0,0,0.0,44,3,0,1117.75,167.662,67.065,44.71,1341.298,335471,"Beans, Dry, Pinto, 11F-8049 (0% moisture)",4.3,24.7,1.19
0.0,0.0,0.0,0,0.0,23,2,1,1601.25,275.215,110.086,73.391,2201.723,334259,"TDF, Sweet And Sour Pork, Chinese restaurant (IN1,NY1) - NFY0903IJ",1.0,0.0,0.0
0.0,0.0,0.0,0,0.0,24,3,0,1470.25,220.538,88.215,58.81,1764.302,326524,"TDF, Mustard, yellow, FRENCHS CLASSIC (MI,OK) - NFY120I08",6.6,0.0,0.0
0.0,0.0,0.0,0,0.0,30,2,0,1286.25,192.938,77.175,51.45,1543.502,330721,"Total Fat, Ground turkey, 93% lean, 7% fat, raw (FL1)",0.0,0.0,8.2
0.0,0.0,0.0,0,0.0,21,3,0,1574.0,236.1,94.44,62.96,1888.8,326733,"Mission Figs, Dried, Region 2, n/a, Yes, Proximates  - NF",0.0,0.0,0.7
0.0,0.0,0.0,0,0.0,22,3,3,1545.0,333.141,133.256,88.838,2665.13,334815,"Proximates, Beef, Boneless Top Loin steak, lean only, raw, animal 6, upperchoice",0.0,23.5,6.32
0.0,0.0,0.0,0,0.0,30,3,0,1554.0,233.1,93.24,62.16,1864.8,335260,"Beans, Dry, Pink, 11F-8019 (0% moisture)",4.3,24.2,0.99
0.0,0.0,0.0,0,0.0,50,3,0,1315.0,197.25,78.9,52.6,1578.0,335489,"Beans, Dry, Pinto, 11F-8055 (0% moisture)",4.2,22.1,1.25
0.0,0.0,0.0,0,0.0,38,3,0,1049.0,157.35,62.94,41.96,1258.8,323461,Kale - NFY1212DW,0.0,0.0,1.45
0.0,0.0,0.0,0,0.0,27,3,0,1465.25,219.788,87.915,58.61,1758.302,329091,"Proximates, Mozzarella cheese, low-moisture, part-skim, store brand, LUCERNE (CA1,CO) - NFY120DL8",0.0,0.0,21.1
0.0,0.0,0.0,0,0.0,23,3,0,1310.25,196.538,78.615,52.41,1572.302,332622,"Olives, Green Manzanilla, Lindsay - IN, NC",0.0,0.0,12.5
0.0,0.0,0.0,0,0.0,21,3,0,2192.5,328.875,131.55,87.7,2631.0,321682,"Broccoli, Pass 2, Region 1, n/a, Yes, Proximates - NFY010CUE",0.0,0.0,0.37
0.0,0.0,0.0,0,0.0,23,3,0,1605.25,240.788,96.315,64.21,1926.302,331551,"Fat, Chicken, dark meat, lean only, thigh, raw, non-enhanced (AL1,CA1) - 14B-07-05-TotalFat",0.0,0.0,4.01
0.0,0.0,0.0,0,0.0,25,3,1,1961.25,337.09,134.836,89.891,2696.723,336065,"Beans, Dry, Great Northern, 444 (0% moisture)",4.6,23.8,1.4
0.0,0.0,0.0,0,0.0,25,3,0,1998.75,299.812,119.925,79.95,2398.498,335341,"Beans, Dry, Navy, 320 (0% moisture)",4.4,25.6,1.59
0.0,0.0,0.0,0,0.0,22,2,2,1607.5,311.453,124.581,83.054,2491.622,333416,"Proximates, Pollock, raw (MI) - NFY060DP7",0.0,0.0,0.37
0.0,0.0,0.0,0,0.0,23,4,0,1675.25,251.288,100.515,67.01,2010.302,1750347,"Mushrooms, white button",0.0,2.890625,0.3708
0.0,0.0,0.0,0,0.0,20,3,0,1286.25,192.938,77.175,51.45,1543.502,333392,"Proximates, Pollock, raw (OK) - NFY060DM7",0.0,0.0,0.41
0.0,0.0,0.0,0,0.0,21,2,0,1204.0,180.6,72.24,48.16,1444.8,335699,"Beans, Dry, Small Red, 11F-8111 (0% moisture)",4.4,22.4,1.01
0.0,0.0,0.0,0,0.0,22,2,0,1381.25,207.188,82.875,55.25,1657.502,326971,"Kiwi, Pass 2, Region 1, n/a, Yes, Proximates - NFY010BY1",0.0,0.0,0.9
0.0,0.0,0.0,0,0.0,22,3,0,2035.0,305.25,122.1,81.4,2442.0,335735,"Beans, Dry, Small Red, 685 (0% moisture)",4.2,22.9,1.39
0.0,0.0,0.0,0,0.0,27,3,0,1624.0,243.6,97.44,64.96,1948.8,325430,"Peaches, yellow, raw",1.5,0.91,0.27
0.0,0.0,0.0,0,0.0,21,2,1,1352.75,232.504,93.002,62.001,1860.033,330883,"Fat, Chicken, dark meat, lean only, drumstick, braised, non-enhanced (AL1,CA1) - 14B-06-05-TotalFat",0.0,0.0,5.67
0.0,0.0,0.0,0,0.0,32,3,0,1743.75,261.562,104.625,69.75,2092.498,335957,"Beans, Dry, Great Northern, 11F-8068 (0% moisture)",4.6,24.0,1.13
0.0,0.0,0.0,0,0.0,21,3,0,1145.25,171.788,68.715,45.81,1374.302,336063,"Beans, Dry, Great Northern, 485 (0% moisture)",4.2,25.6,1.16
0.0,0.0,0.0,0,0.0,23,3,0,1391.25,208.688,83.475,55.65,1669.502,320383,"Proximates, Beef, Eye of Round roast/steak, lean only, raw, animal 10, select",0.0,23.9,1.91
0.0,0.0,0.0,0,0.0,22,2,1,1246.5,214.242,85.697,57.131,1713.935,332131,"Proximates, Sauce, pasta, PREGO 100% Natural Italian, Traditional, bottled spaghetti sauce (CO2) - NFY0904W3",0.0,0.0,1.71
0.0,0.0,0.0,0,0.0,29,2,1,1871.25,321.621,128.648,85.766,2572.97,332697,"Olives, green, stuffed with pimentos - NFY1213NV",4.2,0.0,0.0
0.0,0.0,0.0,0,0.0,61,3,0,1094.0,164.1,65.64,43.76,1312.8,334809,"Proximates, Beef, Boneless Top Loin steak, lean only, raw, animal 30, upperchoice",0.0,23.6,4.97
0.0,0.0,0.0,0,0.0,22,3,1,1976.25,339.668,135.867,90.578,2717.342,334696,"Proximates, Pupusas, Bean, flat stuffed corn biscuit (CA-LA) - NFY0901XT",0.0,0.0,10.7
0.0,0.0,0.0,0,0.0,22,2,0,1545.0,231.75,92.7,61.8,1854.0,335943,"Beans, Dry, Great Northern, 11F-8052 (0% moisture)",4.5,24.2,1.23
0.0,0.0,0.0,0,0.0,23,3,0,1451.5,217.725,87.09,58.06,1741.8,326765,"Figs, Dried, Pass 2, Region 1, n/a, No, Proximates - NFY010CDB",0.0,0.0,1.35
0.0,0.0,0.0,0,0.0,23,3,2,1792.5,347.297,138.919,92.612,2778.372,2512377,"Flour, cassava",4.834,0.918225,0.4938
0.0,0.0,0.0,0,0.0,22,4,1,1565.0,268.984,107.594,71.729,2151.873,325090,"Proximates, American cheese, pasteurized process, LAND-O-LAKES - NFY090HMG",0.0,0.0,31.0
0.0,0.0,0.0,0,0.0,22,2,2,1390.25,269.361,107.744,71.83,2154.89,335379,"Beans, Dry, Navy, 319 (0% moisture)",4.4,22.4,1.65
0.0,0.0,0.0,0,0.0,49,3,0,1631.25,244.688,97.875,65.25,1957.502,2515375,"Nuts, hazelnuts or filberts, raw",8.41,13.4938,53.49
0.0,0.0,0.0,0,0.0,27,3,0,1135.25,170.288,68.115,45.41,1362.302,335920,"Beans, Dry, Small White, 527 (0% moisture)",4.2,22.3,1.19
0.0,0.0,0.0,0,0.0,23,2,2,1464.0,283.65,113.46,75.64,2269.2,332506,"Pears, Bartlett, Region 2, n/a, Yes, Fiber - NFY00009H",3.1,0.0,0.0
0.0,0.0,0.0,0,0.0,22,3,0,1356.25,203.438,81.375,54.25,1627.502,321903,"MILK, 1%",0.0,0.0,1.07
0.0,0.0,0.0,0,0.0,29,4,0,2033.75,305.062,122.025,81.35,2440.498,335357,"Beans, Dry, Navy, 771 (0% moisture)",4.3,24.2,1.51
0.0,0.0,0.0,0,0.0,31,3,0,1928.75,289.312,115.725,77.15,2314.498,330801,"Protein, ash,& moisture, Ground turkey, 93% lean, 7% fat, pan-broiled crumbles (IN1)",0.0,27.4,0.0
0.0,0.0,0.0,0,0.0,22,2,0,1510.25,226.538,90.615,60.41,1812.302,335602,"Beans, Dry, Pinto, 704 (0% moisture)",4.5,26.8,1.06
0.0,0.0,0.0,0,0.0,50,3,0,1176.5,176.475,70.59,47.06,1411.8,335751,"Beans, Dry, Small Red, 646 (0% moisture)",4.0,22.0,1.27
0.0,0.0,0.0,0,0.0,50,3,0,1120.25,168.038,67.215,44.81,1344.302,2346390,"Lettuce, leaf, red, raw",0.0,0.883125,0.1063
0.0,0.0,0.0,0,0.0,24,4,2,1369.0,265.244,106.098,70.732,2121.956,328687,"Proximates, Cottage cheese, 2% milkfat, BREAKSTONE (AL,IN) - NFY120BNL",0.0,0.0,2.2
0.0,0.0,0.0,0,0.0,20,2,2,1400.25,271.298,108.519,72.346,2170.382,326910,"Kiwi, Pass 2, Region 2, n/a, Yes, Proximates - NFY010BYV",0.0,0.0,1.09
0.0,0.0,0.0,0,0.0,24,3,0,2116.25,317.438,126.975,84.65,2539.502,327184,"Cantaloupe, Raw, Pass 2, Region 1, n/a, Yes, Proximates - NFY010CXG",0.0,0.0,0.14
0.0,0.0,0.0,0,0.0,22,2,0,931.5,139.725,55.89,37.26,1117.8,328767,"Proximates, Cottage cheese, 2% milkfat, KNUDSEN (CA1,CA2) - NFY120BP5",0.0,0.0,2.4
0.0,0.0,0.0,0,0.0,40,4,0,2048.75,307.312,122.925,81.95,2458.498,328150,"Proximates, Cheddar cheese, sliced, store brand, LUCERNE SLICED SHARP CHEDDAR NATURAL CHEESE (CO,CA1) - NFY120DDQ",0.0,0.0,32.8
0.0,0.0,0.0,0,0.0,23,3,1,1760.0,302.5,121.0,80.667,2420.003,790761,"BANANAS, RIPE, MEDIUM SIZE",1.1,0.0,0.0
0.0,0.0,0.0,0,0.0,27,3,0,1391.25,208.688,83.475,55.65,1669.502,335786,"Beans, Dry, Black, 11F-8045 (0% moisture)",4.4,26.2,1.62
0.0,0.0,0.0,0,0.0,35,3,0,1678.75,251.812,100.725,67.15,2014.498,336012,"Beans, Dry, Great Northern, 662 (0% moisture)",4.4,24.8,1.1
0.0,0.0,0.0,0,0.0,27,4,0,1890.0,283.5,113.4,75.6,2268.0,335578,"Beans, Dry, Pinto, 758 (0% moisture)",3.9,24.4,0.97
0.0,0.0,0.0,0,0.0,22,3,0,1977.5,296.625,118.65,79.1,2373.0,330949,"Fat, Chicken, skin, braised, from drumsticks and thighs, non-enhanced (National) - 14B-03-01-TotalFat",0.0,0.0,45.2
0.0,0.0,0.0,0,0.0,25,2,4,1741.25,413.547,165.419,110.279,3308.375,323308,"CHEESE, RICOTTA, WHOLE MILK, SORRENTO",0.0,0.0,8.2
0.0,0.0,0.0,0,0.0,47,3,0,1591.5,238.725,95.49,63.66,1909.8,335284,"Beans, Dry, Pink, 342 (0% moisture)",4.5,26.0,1.35
0.0,0.0,0.0,0,0.0,26,4,2,1531.5,296.728,118.691,79.128,2373.828,336020,"Beans, Dry, Great Northern, 675 (0% moisture)",4.4,24.7,1.42
0.0,0.0,0.0,0,0.0,24,3,0,1485.25,222.788,89.115,59.41,1782.302,1753669,"MUSHROOMS, OYSTER",0.0,0.0,0.21
0.0,0.0,0.0,0,0.0,23,3,1,1601.25,275.215,110.086,73.391,2201.723,321775,"Broccoli, Region 2, n/a, Yes, Proximates - NFY01048K",0.0,0.0,0.34
0.0,0.0,0.0,0,0.0,28,3,0,1130.25,169.538,67.815,45.21,1356.302,330790,"Protein, ash,& moisture, Ground turkey, 93% lean, 7% fat, patties, broiled (CA1) ",0.0,24.9,0.0
0.0,0.0,0.0,0,0.0,22,2,0,1439.0,215.85,86.34,57.56,1726.8,331036,"Fat, Chicken, dark meat, lean only, drumstick, raw, non-enhanced (CO1,CT1,IN1) - 14B-04-03-TotalFat",0.0,0.0,3.54
0.0,0.0,0.0,0,0.0,29,4,0,1289.0,193.35,77.34,51.56,1546.8,335587,"Beans, Dry, Pinto, 408 (0% moisture)",4.0,24.9,1.4
0.0,0.0,0.0,0,0.0,28,3,0,1606.25,240.938,96.375,64.25,1927.502,327791,"Romaine Lettuce, Pass 2, Region 1 - Proximates - NFY0105FO",1.8,0.0,0.28
0.0,0.0,0.0,0,0.0,40,3,0,1597.75,239.662,95.865,63.91,1917.298,332749,"Olives, Green Manzanilla, Store Brand, Great Value - KY, CA1",0.0,0.0,11.1
0.0,0.0,0.0,0,0.0,22,3,0,1580.25,237.038,94.815,63.21,1896.302,328350,"Proximates, Cheese, cheddar, natural shredded sharp, KRAFT (PA,CA1,IA,TX) - NFY120WSU",0.0,0.0,34.6
0.0,0.0,0.0,0,0.0,20,2,0,1197.75,179.662,71.865,47.91,1437.298,335942,"Beans, Dry, Great Northern, 11F-8155 (0% moisture)",4.1,24.5,1.41
0.0,0.0,0.0,0,0.0,20,2,1,1626.25,279.512,111.805,74.536,2236.092,2004804,"ORANGE JUICE, REFRIGERATED, NO PULP, NOT FORTIFIED",0.0,0.0,0.33
0.0,0.0,0.0,0,0.0,22,3,2,1640.0,317.75,127.1,84.733,2541.997,2264393,"grapes, red, seedless, fresh, raw",0.0,0.0,0.18
0.0,0.0,0.0,0,0.0,22,4,4,1676.25,398.109,159.244,106.162,3184.87,335692,"Beans, Dry, Pinto, 705 (0% moisture)",3.8,23.8,1.14
0.0,0.0,0.0,0,0.0,47,3,0,1550.25,232.538,93.015,62.01,1860.302,2514376,"quinoa, flour",0.0,0.0,6.45
0.0,0.0,0.0,0,0.0,27,2,1,1721.25,295.84,118.336,78.891,2366.723,325329,"Peaches, raw, Region 1, n/a, Yes - Proximates,  NF00094C; NF000956",0.0,0.0,0.22
0.0,0.0,0.0,0,0.0,24,4,2,1798.75,348.508,139.403,92.935,2788.059,330743,"Total Fat, Ground turkey, 93% lean, 7% fat, raw (MO1)",0.0,0.0,8.49
0.0,0.0,0.0,0,0.0,27,3,0,2061.25,309.188,123.675,82.45,2473.502,327612,"Strawberries, Fresh, Pass 2, Region 1, n/a, Yes - Proximates, NFY0108ZB",0.0,0.0,0.32
0.0,0.0,0.0,0,0.0,18,3,1,1911.5,328.539,131.416,87.61,2628.31,2346403,"Potatoes, gold, without skin, raw",0.0,1.8125,0.2638
0.0,0.0,0.0,0,0.0,31,3,0,1144.0,171.6,68.64,45.76,1372.8,331966,"TDF, Sauce, pasta, RAGU Old World, bottled spaghetti sauce (IN1,NY1) - NFY0904Q3",1.6,0.0,0.0
0.0,0.0,0.0,0,0.0,24,3,0,1565.25,234.788,93.915,62.61,1878.302,325666,"TDF, White bread, store brand, mixed composite (IN1,NY1) - NFY0907G9",1.7,0.0,0.0
0.0,0.0,0.0,0,0.0,19,4,0,1310.25,196.538,78.615,52.41,1572.302,790088,"FLOUR, BREAD, WHITE (ENRICHED) (UNBLEACHED)",0.0,0.0,1.8
0.0,0.0,0.0,0,0.0,28,3,0,1229.0,184.35,73.74,49.16,1474.8,335002,"Proximates, Beef, T-Bone Steak, lean only, cooked, animal 31, upperchoice",0.0,27.0,12.8
0.0,0.0,0.0,0,0.0,29,2,0,1870.0,280.5,112.2,74.8,2244.0,325206,"Grapefruit juice, white, shelf stable - NFY1213U4",0.0,0.0,0.87
0.0,0.0,0.0,0,0.0,25,3,2,1701.25,329.617,131.847,87.898,2636.938,326957,"Kiwi, Region 2, n/a, Yes, Proximates  - NFY0100S6",0.0,0.0,0.34
0.0,0.0,0.0,0,0.0,20,3,0,2015.0,302.25,120.9,80.6,2418.0,331897,"Chicken, broilers or fryers, drumstick, meat only, cooked, braised",0.0,23.9,5.95
0.0,0.0,0.0,0,0.0,51,3,0,1281.25,192.188,76.875,51.25,1537.502,335967,"Beans, Dry, Great Northern, 441 (0% moisture)",4.2,25.5,1.37
0.0,0.0,0.0,0,0.0,48,3,0,1720.25,258.037,103.215,68.81,2064.298,2758975,"Rhubarb, stalk, raw",1.428,0.0,0.0
0.0,0.0,0.0,0,0.0,24,2,2,1607.5,311.453,124.581,83.054,2491.622,330481,"Total Fat, Ground turkey, 93% lean, 7% fat, raw (National)",0.0,0.0,8.55
0.0,0.0,0.0,0,0.0,36,4,0,1426.5,213.975,85.59,57.06,1711.8,335369,"Beans, Dry, Navy, 234 (0% moisture)",4.2,22.4,1.64
0.0,0.0,0.0,0,0.0,23,3,1,1621.25,278.652,111.461,74.307,2229.215,329845,"Proximates, Greek yogurt, CHOBANI PLAIN NON-FAT (FL1,MO1) - NFY09111G",0.0,0.0,0.42
0.0,0.0,0.0,0,0.0,30,3,0,1456.25,218.438,87.375,58.25,1747.502,2261420,"Flour, almond",9.266,26.24375,50.23
0.0,0.0,0.0,0,0.0,40,3,0,1885.0,282.75,113.1,75.4,2262.0,327541,"Strawberries, fresh, Region 4, n/a, Yes - Proximates, NF0008L0",0.0,0.0,0.22
0.0,0.0,0.0,0,0.0,22,2,0,1497.75,224.662,89.865,59.91,1797.298,2346388,"Lettuce, iceberg, raw",0.0,0.7425,0.07375
0.0,0.0,0.0,0,0.0,30,3,0,1415.0,212.25,84.9,56.6,1698.0,331903,"Proximates, Chicken breasts, boneless, skinless, non-enhanced, braised (IN,NY) - 17A-02-01-Prox",0.0,0.0,3.99
0.0,0.0,0.0,0,0.0,17,2,0,1282.75,192.412,76.965,51.31,1539.298,335447,"Beans, Dry, Pinto, 11F-8075 (0% moisture)",4.7,22.7,1.14
0.0,0.0,0.0,0,0.0,26,3,0,1555.25,233.288,93.315,62.21,1866.302,2264874,"applesauce, unsweetened, with vit C added",0.0,0.0,0.24
0.0,0.0,0.0,0,0.0,30,2,0,1407.75,211.162,84.465,56.31,1689.298,335476,"Beans, Dry, Pinto, 11F-8196 (0% moisture)",4.4,24.7,1.53
0.0,0.0,0.0,0,0.0,45,3,0,1452.75,217.912,87.165,58.11,1743.298,327769,"Romaine Lettuce, Pass 2, Region 3 - Proximates - NFY0105HB",0.0,0.0,0.16
0.0,0.0,0.0,0,0.0,22,2,0,1207.75,181.162,72.465,48.31,1449.298,1104872,"FLOUR, PASTRY, WHITE (UNENRICHED) (UNBLEACHED)",0.0,0.0,1.7
0.0,0.0,0.0,0,0.0,41,4,0,1101.5,165.225,66.09,44.06,1321.8,335449,"Beans, Dry, Pinto, 11F-8096 (0% moisture)",4.2,24.4,1.47
0.0,0.0,0.0,0,0.0,29,3,0,1991.25,298.688,119.475,79.65,2389.502,325309,"Peaches, raw, Region 4, n/a, Yes - Proximates,  NF0009EH, NF0009F4",0.0,0.0,0.28
0.0,0.0,0.0,0,0.0,22,3,0,1469.0,220.35,88.14,58.76,1762.8,324434,"TDF, Pickles, kosher dill, spears, CLAUSEN (AL,CA1) - NFY120HO0",1.1,0.0,0.0
0.0,0.0,0.0,0,0.0,23,3,3,1425.25,307.32,122.928,81.952,2458.56,335476,"Beans, Dry, Pinto, 11F-8196 (0% moisture)",4.4,24.7,1.53
0.0,0.0,0.0,0,0.0,33,3,0,2048.75,307.312,122.925,81.95,2458.498,334724,"Proximates, Beef, Boneless Top Loin steak, lean only, raw, animal 3, lowerchoice",0.0,22.4,6.99
0.0,0.0,0.0,0,0.0,19,3,0,1594.0,239.1,95.64,63.76,1912.8,329130,"Proximates, Mozzarella cheese, low-moisture, part-skim, SARGENTO (IN,NY) - NFY120E88",0.0,0.0,19.8
0.0,0.0,0.0,0,0.0,27,3,0,1790.0,268.5,107.4,71.6,2148.0,331829,"Fat, Chicken, dark meat, lean only, thigh, roasted, enhanced (OK1,MI1) - 14B-08-06-TotalFat",0.0,0.0,7.2
0.0,0.0,0.0,0,0.0,49,2,1,1430.0,245.781,98.312,65.542,1966.25,2262073,"Sesame butter, creamy",8.372,19.7054,62.4
0.0,0.0,0.0,0,0.0,25,2,0,1742.5,261.375,104.55,69.7,2091.0,2349756,"Cherries, dark red, sweet, raw",0.0,0.0,0.0
0.0,0.0,0.0,0,0.0,16,3,4,1696.25,402.859,161.144,107.429,3222.873,332127,"Proximates, Sauce, pasta, PREGO 100% Natural Italian, Traditional, bottled spaghetti sauce (CA1) - NFY0904VL",0.0,0.0,1.38
0.0,0.0,0.0,0,0.0,43,4,0,1269.0,190.35,76.14,50.76,1522.8,324211,"TDF, Onion rings, frozen, ORE-IDA (CA1,CT) - NFY120698",1.9,0.0,0.0
0.0,0.0,0.0,0,0.0,24,3,0,2066.25,309.938,123.975,82.65,2479.502,2515382,"Flour, coconut",34.24,16.1385,15.28
0.0,0.0,0.0,0,0.0,22,2,0,1775.0,266.25,106.5,71.0,2130.0,335471,"Beans, Dry, Pinto, 11F-8049 (0% moisture)",4.3,24.7,1.19
0.0,0.0,0.0,0,0.0,22,3,0,1968.75,295.312,118.125,78.75,2362.498,335994,"Beans, Dry, Great Northern, 780 (0% moisture)",4.5,26.6,1.33
0.0,0.0,0.0,0,0.0,23,3,4,1652.5,392.469,156.988,104.658,3139.75,322892,"Milk, whole, 3.25% milkfat, with added vitamin D",0.0,3.28,3.2
0.0,0.0,0.0,0,0.0,23,3,0,1324.0,198.6,79.44,52.96,1588.8,2258587,"Carrots, baby, raw",2.694,0.805,0.1375
0.0,0.0,0.0,0,0.0,25,4,0,1382.75,207.412,82.965,55.31,1659.298,335591,"Beans, Dry, Pinto, 499 (0% moisture)",4.1,23.6,1.48
0.0,0.0,0.0,0,0.0,23,2,0,1378.75,206.812,82.725,55.15,1654.498,324850,"TDF, Peanut butter, creamy, store brand/other brand, SAFEWAY KITCHENS & SHOP RITE (CO,CT) - NFY120CD3",3.6,0.0,0.0
0.0,0.0,0.0,0,0.0,39,2,1,1075.25,184.809,73.923,49.282,1478.466,2347102,"cottage cheese, 4% milkfat, large curd",0.0,0.0,4.58
0.0,0.0,0.0,0,0.0,56,3,0,1356.25,203.438,81.375,54.25,1627.502,321709,"Broccoli, Region 3, n/a, Yes, Proximates - NFY0104AU",0.0,0.0,0.22
0.0,0.0,0.0,0,0.0,24,3,0,1412.75,211.912,84.765,56.51,1695.298,336025,"Beans, Dry, Great Northern, 457 (0% moisture)",4.3,24.7,1.3
0.0,0.0,0.0,0,0.0,42,4,0,1633.75,245.062,98.025,65.35,1960.498,2346396,"Oats, whole grain, rolled, old fashioned",0.0,13.49645,5.89
0.0,0.0,0.0,0,0.0,25,3,1,1335.25,229.496,91.798,61.199,1835.967,331873,"Fat, Chicken, dark meat, lean only, drumstick, raw, enhanced (OK1,MI1) - 14B-04-06-TotalFat",0.0,0.0,3.88
0.0,0.0,0.0,0,0.0,35,3,0,1350.0,202.5,81.0,54.0,1620.0,2264393,"grapes, red, seedless, fresh, raw",0.0,0.0,0.18
0.0,0.0,0.0,0,0.0,22,2,4,1237.75,293.966,117.586,78.391,2351.727,790577,"Onions, red, raw",2.2,0.94,0.1
0.0,0.0,0.0,0,0.0,55,3,0,1578.75,236.812,94.725,63.15,1894.498,336054,"Beans, Dry, Great Northern, 723 (0% moisture)",4.2,24.2,1.32
0.0,0.0,0.0,0,0.0,22,2,0,1795.0,269.25,107.7,71.8,2154.0,333059,"Proximates, Tomatoes, diced, canned, STORE BRAND, GREAT VALUE & S&W PREMIUM (AL, CA1) - NFY120AMR",0.0,0.0,0.16
0.0,0.0,0.0,0,0.0,25,3,0,2031.25,304.688,121.875,81.25,2437.502,326549,"Proximates, Mustard, yellow, FRENCHS CLASSIC (AL,CA1) - NFY120HYM",0.0,0.0,3.38
0.0,0.0,0.0,0,0.0,20,3,0,2065.0,309.75,123.9,82.6,2478.0,335837,"Beans, Dry, Black, 553 (0% moisture)",4.1,25.4,1.7
0.0,0.0,0.0,0,0.0,23,3,2,1521.25,294.742,117.897,78.598,2357.938,325771,"Proximates, White bread, store brand, KROGER BREAD (MI1) - NFY0907L9",0.0,0.0,3.2
0.0,0.0,0.0,0,0.0,25,4,0,1664.0,249.6,99.84,66.56,1996.8,336006,"Beans, Dry, Great Northern, 790 (0% moisture)",4.2,26.8,1.16
0.0,0.0,0.0,0,0.0,19,2,1,1640.0,281.875,112.75,75.167,2255.003,330718,"Protein, ash,& moisture, Ground turkey, 93% lean, 7% fat, patties, broiled (NY1) ",0.0,23.6,0.0
0.0,0.0,0.0,0,0.0,23,4,0,1871.25,280.688,112.275,74.85,2245.502,323483,Kale - NFY1212D0,4.2,0.0,0.0
0.0,0.0,0.0,0,0.0,21,4,4,1768.75,420.078,168.031,112.021,3360.625,330739,"Total Fat, Ground turkey, 93% lean, 7% fat, patties, broiled (FL1)",0.0,0.0,11.2
0.0,0.0,0.0,0,0.0,20,2,0,1546.25,231.938,92.775,61.85,1855.502,748971,"Bacon, cooked",0.0,0.0,36.0
0.0,0.0,0.0,0,0.0,23,3,0,2070.0,310.5,124.2,82.8,2484.0,321889,"Broccoli, Pass 2, Region 3, n/a, Yes, Proximates - NFY010D84",0.0,0.0,0.41
0.0,0.0,0.0,0,0.0,25,3,0,1202.75,180.412,72.165,48.11,1443.298,334809,"Proximates, Beef, Boneless Top Loin steak, lean only, raw, animal 30, upperchoice",0.0,23.6,4.97
0.0,0.0,0.0,0,0.0,48,2,0,1105.25,165.788,66.315,44.21,1326.302,335607,"Beans, Dry, Pinto, 336 (0% moisture)",4.2,26.4,1.34
0.0,0.0,0.0,0,0.0,27,3,0,1763.75,264.562,105.825,70.55,2116.498,330253,"TDF, Yogurt, Greek, strawberry, non-fat, DANNON OIKOS (IN,NY) - NFY120OMW",0.4,0.0,0.0
0.0,0.0,0.0,0,0.0,33,2,1,1172.75,201.566,80.627,53.751,1612.531,330776,"Total Fat, Ground turkey, 93% lean, 7% fat, pan-broiled crumbles (CA1)",0.0,0.0,9.79
0.0,0.0,0.0,0,0.0,35,3,0,1449.0,217.35,86.94,57.96,1738.8,335546,"Beans, Dry, Pinto, 720 (0% moisture)",3.8,21.6,1.2
0.0,0.0,0.0,0,0.0,23,2,0,1852.5,277.875,111.15,74.1,2223.0,2647034,"pork, tenderloin, boneless",0.0,0.0,5.34
0.0,0.0,0.0,0,0.0,22,2,0,1360.25,204.038,81.615,54.41,1632.302,328841,"Cheese, cottage, lowfat, 2% milkfat",0.0,11.0,2.3
0.0,0.0,0.0,0,0.0,23,3,0,1174.0,176.1,70.44,46.96,1408.8,2713665,"Asparagus, green, whole spear, raw",0.0,0.0,0.3
0.0,0.0,0.0,0,0.0,24,3,1,1606.25,276.074,110.43,73.62,2208.596,748967,"Eggs, Grade A, Large, egg whole",0.0,12.4,9.96
0.0,0.0,0.0,0,0.0,21,3,0,1861.25,279.188,111.675,74.45,2233.502,335092,"Proximates, Beef, Porterhouse Steak, lean only, raw, animal 18, select",0.0,23.8,3.83
0.0,0.0,0.0,0,0.0,21,2,0,1275.25,191.288,76.515,51.01,1530.302,335871,"Beans, Dry, Black, 536 (0% moisture)",4.1,23.5,1.97
0.0,0.0,0.0,0,0.0,23,3,1,1320.0,226.875,90.75,60.5,1815.0,335955,"Beans, Dry, Great Northern, 11F-8010 (0% moisture)",4.5,23.1,1.36
0.0,0.0,0.0,0,0.0,41,2,1,1122.75,192.973,77.189,51.459,1543.779,2648374,"American pasteurized process cheese food, sliced, individually wrapped",0.0,0.0,27.5
0.0,0.0,0.0,0,0.0,40,3,0,2015.0,302.25,120.9,80.6,2418.0,2257045,"Almond milk, unsweetened, plain, refrigerated",0.0,0.65625,1.558
0.0,0.0,0.0,0,0.0,21,2,2,1262.75,244.658,97.863,65.242,1957.262,335259,"Beans, Dry, Pink, 11F-8156 (0% moisture)",4.4,25.2,1.13
0.0,0.0,0.0,0,0.0,34,2,0,1547.5,232.125,92.85,61.9,1857.0,2645849,"beans, black, canned, sodium added",0.0,0.0,0.82
0.0,0.0,0.0,0,0.0,21,2,1,1598.75,274.785,109.914,73.276,2198.28,2647178,"beef, flank steak",0.0,0.0,9.96
0.0,0.0,0.0,0,0.0,20,2,0,1555.0,233.25,93.3,62.2,1866.0,335006,"Proximates, Beef, T-Bone Steak, lean only, cooked, animal 2, upperchoice",0.0,24.6,12.4
0.0,0.0,0.0,0,0.0,50,4,0,1427.75,214.162,85.665,57.11,1713.298,2714488,"Plum, black, with skin, pitted, raw",1.36,0.0,0.0
0.0,0.0,0.0,0,0.0,22,2,0,1566.25,234.938,93.975,62.65,1879.502,323911,"Proximates, Salsa, TOSTITOS CHUNKY, MEDIUM (AL,CA1) - NFY090KUN",0.0,0.0,0.1
0.0,0.0,0.0,0,0.0,24,3,0,1386.25,207.938,83.175,55.45,1663.502,321747,"Broccoli, Cooked, Region 4, n/a, Yes, Proximates - NFY0104CY",0.0,0.0,0.52
0.0,0.0,0.0,0,0.0,47,3,0,1072.75,160.912,64.365,42.91,1287.298,326312,"Carrots, sliced or crinkle cut, frozen, unprepared - Proximates - NF9913U0",0.0,0.0,0.42
0.0,0.0,0.0,0,0.0,33,3,0,1390.25,208.538,83.415,55.61,1668.302,334884,"Proximates, Beef, Tenderloin Roast, lean only, cooked, animal 29, select",0.0,27.8,7.98
0.0,0.0,0.0,0,0.0,22,2,0,1326.25,198.938,79.575,53.05,1591.502,335397,"Beans, Dry, Navy, 213 (0% moisture)",4.6,24.5,1.43
0.0,0.0,0.0,0,0.0,26,3,0,1547.5,232.125,92.85,61.9,1857.0,2003587,"Flour, spelt, whole grain",9.339,14.475,2.543
0.0,0.0,0.0,0,0.0,22,3,1,1536.25,264.043,105.617,70.411,2112.339,330482,"Protein, ash,& moisture, Ground turkey, 93% lean, 7% fat, raw (National) ",0.0,18.8,0.0
0.0,0.0,0.0,0,0.0,22,3,1,1497.75,257.426,102.97,68.647,2059.407,336009,"Beans, Dry, Great Northern, 350 (0% moisture)",4.6,26.8,1.44
0.0,0.0,0.0,0,0.0,25,2,0,1288.75,193.312,77.325,51.55,1546.498,335393,"Beans, Dry, Navy, 295 (0% moisture)",4.4,24.3,1.49
0.0,0.0,0.0,0,0.0,49,3,0,1384.0,207.6,83.04,55.36,1660.8,335833,"Beans, Dry, Black, 617 (0% moisture)",4.0,23.9,1.41
0.0,0.0,0.0,0,0.0,21,2,0,1284.0,192.6,77.04,51.36,1540.8,325997,"Proximates, Cheese, swiss, slices (FL) - 18c-16-04-Prox",0.0,0.0,31.0
0.0,0.0,0.0,0,0.0,22,3,0,1270.25,190.538,76.215,50.81,1524.302,330567,"Protein, ash,& moisture, Ground turkey, 93% lean, 7% fat, raw (CA2,NC1) ",0.0,18.9,0.0
0.0,0.0,0.0,0,0.0,22,4,0,1905.0,285.75,114.3,76.2,2286.0,321809,"Broccoli, Cooked, Region 2, n/a, Yes, Proximates - NFY0104AN",0.0,0.0,0.45
0.0,0.0,0.0,0,0.0,26,3,1,1485.0,255.234,102.094,68.062,2041.87,331360,"Fat, Chicken, dark meat, lean only, thigh, braised, non-enhanced (National) - 14B-09-01-TotalFat",0.0,0.0,8.63
0.0,0.0,0.0,0,0.0,33,4,0,1838.75,275.812,110.325,73.55,2206.498,328856,"Proximates, Mozzarella cheese, low-moisture, part-skim, KRAFT (CA1) - NFY120DIE",0.0,0.0,21.5
0.0,0.0,0.0,0,0.0,44,3,0,1190.25,178.538,71.415,47.61,1428.302,328121,"Proximates, Cheddar cheese, sliced, store brand, SUNNYSIDE FARMS DELI STYLE SLICED MEDIUM (CA2) - NFY120DEV",0.0,0.0,34.9
0.0,0.0,0.0,0,0.0,22,3,0,1768.75,265.312,106.125,70.75,2122.498,321536,"Beans, snap, canned, drained - NFY1211YP",0.0,0.0,0.3
0.0,0.0,0.0,0,0.0,25,2,0,1400.0,210.0,84.0,56.0,1680.0,2261477,"Flour, whole grain oat",0.0,0.0,7.51
0.0,0.0,0.0,0,0.0,55,2,0,1611.25,241.688,96.675,64.45,1933.502,326586,"TDF, Mustard, yellow, store brand, GREAT VALUE & GREAT VALUE (AL1,OK1) - NFY120I10",3.3,0.0,0.0
0.0,0.0,0.0,0,0.0,30,3,0,1475.0,221.25,88.5,59.0,1770.0,328856,"Proximates, Mozzarella cheese, low-moisture, part-skim, KRAFT (CA1) - NFY120DIE",0.0,0.0,21.5
0.0,0.0,0.0,0,0.0,25,3,0,2110.0,316.5,126.6,84.4,2532.0,335453,"Beans, Dry, Pinto, 11F-8099 (0% moisture)",4.6,27.3,1.33
0.0,0.0,0.0,0,0.0,23,2,3,1721.25,371.145,148.458,98.972,2969.16,332765,"Olives, Green Manzanilla, Star - AZ, CA2",0.0,0.0,13.0
0.0,0.0,0.0,0,0.0,20,3,0,1375.0,206.25,82.5,55.0,1650.0,334813,"Proximates, Beef, Boneless Top Loin steak, lean only, raw, animal 32, upperchoice",0.0,22.3,2.33
0.0,0.0,0.0,0,0.0,21,3,0,1385.25,207.788,83.115,55.41,1662.302,334805,"Proximates, Beef, Boneless Top Loin steak, lean only, raw, animal 24, upperchoice",0.0,22.3,6.15
0.0,0.0,0.0,0,0.0,30,2,1,1713.75,294.551,117.82,78.547,2356.407,335764,"Beans, Dry, Small Red, 493 (0% moisture)",3.9,20.7,1.29
0.0,0.0,0.0,0,0.0,40,3,0,1337.75,200.662,80.265,53.51,1605.298,333321,"Proximates, Haddock, raw (NC) - NFY060CLE",0.0,0.0,0.33
0.0,0.0,0.0,0,0.0,56,3,0,1543.75,231.562,92.625,61.75,1852.498,2727578,"Squash, pie pumpkin, peeled, seeded, raw",2.3,0.854375,0.0
0.0,0.0,0.0,0,0.0,31,4,3,1742.5,375.727,150.291,100.194,3005.818,335892,"Beans, Dry, Black, 214 (0% moisture)",4.4,23.5,1.76
0.0,0.0,0.0,0,0.0,31,2,0,1548.75,232.312,92.925,61.95,1858.498,335649,"Beans, Dry, Pinto, 512 (0% moisture)",4.2,25.7,1.37
0.0,0.0,0.0,0,0.0,25,3,0,1122.75,168.412,67.365,44.91,1347.298,336025,"Beans, Dry, Great Northern, 457 (0% moisture)",4.3,24.7,1.3
0.0,0.0,0.0,0,0.0,19,3,0,1380.25,207.038,82.815,55.21,1656.302,335332,"Beans, Dry, Navy, 585 (0% moisture)",4.5,26.2,1.39
0.0,0.0,0.0,0,0.0,26,3,0,2137.5,320.625,128.25,85.5,2565.0,335772,"Beans, Dry, Small Red, 323 (0% moisture)",4.1,22.6,1.46
0.0,0.0,0.0,0,0.0,26,3,0,1465.0,219.75,87.9,58.6,1758.0,328315,"Proximates, Cheese, cheddar, natural shredded sharp, KRAFT (KY,NE,NC) - NFY120WT5",0.0,0.0,35.1
0.0,0.0,0.0,0,0.0,45,3,1,1492.5,256.523,102.609,68.406,2052.182,2004233,"flour, semolina, fine",4.155,0.0,0.0
0.0,0.0,0.0,0,0.0,22,4,3,1747.5,376.805,150.722,100.481,3014.437,330949,"Fat, Chicken, skin, braised, from drumsticks and thighs, non-enhanced (National) - 14B-03-01-TotalFat",0.0,0.0,45.2
0.0,0.0,0.0,0,0.0,25,3,0,2012.5,301.875,120.75,80.5,2415.0,334936,"Proximates, Beef, Top Round roast/steak, lean only, raw, animal 17, select",0.0,23.8,3.5
0.0,0.0,0.0,0,0.0,23,3,0,1702.5,255.375,102.15,68.1,2043.0,789893,"FLOUR, ALL PURPOSE (ENRICHED) (UNBLEACHED)",0.0,0.0,1.5
0.0,0.0,0.0,0,0.0,25,4,3,1711.25,368.988,147.595,98.397,2951.905,335413,"Beans, Dry, Navy, 312 (0% moisture)",4.2,21.9,1.49
0.0,0.0,0.0,0,0.0,23,3,0,1802.5,270.375,108.15,72.1,2163.0,335371,"Beans, Dry, Navy, 228 (0% moisture)",4.4,24.3,1.76
0.0,0.0,0.0,0,0.0,20,2,0,1550.25,232.538,93.015,62.01,1860.302,2262975,"peanut butter, creamy",0.0,0.0,52.85
0.0,0.0,0.0,0,0.0,22,3,0,1179.0,176.85,70.74,47.16,1414.8,324034,"TDF, Salsa, PACE CHUNKY, MEDIUM (MI,OK) - NFY090KZ1",1.8,0.0,0.0
0.0,0.0,0.0,0,0.0,27,3,0,2090.0,313.5,125.4,83.6,2508.0,329035,"Proximates, Mozzarella cheese, low-moisture, part-skim, store brand, HYVEE & PUBLIX (FL,MO) - NFY120DM8",0.0,0.0,19.1
0.0,0.0,0.0,0,0.0,25,2,4,1813.75,430.766,172.306,114.871,3446.127,2512376,"Flour, barley",12.79,8.72168,2.45
0.0,0.0,0.0,0,0.0,22,3,0,1379.0,206.85,82.74,55.16,1654.8,2003604,"Mushroom, pioppini",2.753,3.5,0.24
0.0,0.0,0.0,0,0.0,29,3,0,1481.5,222.225,88.89,59.26,1777.8,335721,"Beans, Dry, Small Red, 731 (0% moisture)",4.0,22.3,1.63
0.0,0.0,0.0,0,0.0,23,4,0,1741.25,261.188,104.475,69.65,2089.502,322559,"Milk, nonfat, fluid, with added vitamin A and vitamin D (fat free or skim)",0.0,3.43,0.08
0.0,0.0,0.0,0,0.0,22,3,0,1609.0,241.35,96.54,64.36,1930.8,325168,"Proximates, American cheese, pasteurized process, mixed store brand - NFY090HPY",0.0,0.0,30.1
0.0,0.0,0.0,0,0.0,25,2,2,1580.0,306.125,122.45,81.633,2448.997,2346394,"Nuts, walnuts, English, halves, raw",5.21,14.5644,69.74
0.0,0.0,0.0,0,0.0,46,2,1,1069.0,183.734,73.494,48.996,1469.876,335286,"Beans, Dry, Pink, 502 (0% moisture)",4.4,24.3,1.39
0.0,0.0,0.0,0,0.0,28,2,0,1386.25,207.938,83.175,55.45,1663.502,2346396,"Oats, whole grain, rolled, old fashioned",0.0,13.49645,5.89
0.0,0.0,0.0,0,0.0,24,3,0,1906.25,285.938,114.375,76.25,2287.502,2646172,"Beef, ribeye, steak, boneless, choice, raw",0.0,18.74375,20.04
0.0,0.0,0.0,0,0.0,30,3,0,1636.25,245.438,98.175,65.45,1963.502,323939,"Proximates, Salsa, TOSTITOS CHUNKY, MEDIUM (CA2,NC) - NFY090KUZ",0.0,0.0,0.2
0.0,0.0,0.0,0,0.0,25,3,0,1741.25,261.188,104.475,69.65,2089.502,335611,"Beans, Dry, Pinto, 450 (0% moisture)",3.8,22.4,0.95
0.0,0.0,0.0,0,0.0,52,3,0,1497.75,224.662,89.865,59.91,1797.298,2004804,"ORANGE JUICE, REFRIGERATED, NO PULP, NOT FORTIFIED",0.0,0.0,0.33
0.0,0.0,0.0,0,0.0,23,3,0,1632.5,244.875,97.95,65.3,1959.0,330465,"Protein, ash,& moisture, Ground turkey, 93% lean, 7% fat, pan-broiled crumbles (AL1)",0.0,26.5,0.0
0.0,0.0,0.0,0,0.0,22,2,0,1706.25,255.938,102.375,68.25,2047.502,335659,"Beans, Dry, Pinto, 425 (0% moisture)",4.2,26.3,1.19
0.0,0.0,0.0,0,0.0,24,3,0,1315.0,197.25,78.9,52.6,1578.0,335423,"Beans, Dry, Brown, 351 (0% moisture)",4.1,25.0,1.11
0.0,0.0,0.0,0,0.0,27,2,0,1455.25,218.288,87.315,58.21,1746.302,335879,"Beans, Dry, Black, 550 (0% moisture)",4.1,25.0,1.31
0.0,0.0,0.0,0,0.0,28,4,0,1619.0,242.85,97.14,64.76,1942.8,789890,"Flour, wheat, all-purpose, enriched, bleached",0.0,10.9,1.48
0.0,0.0,0.0,0,0.0,22,3,0,2043.75,306.562,122.625,81.75,2452.498,2710826,"Corn, sweet, yellow and white kernels,  fresh, raw",2.428,2.789375,1.626
0.0,0.0,0.0,0,0.0,25,3,0,1310.25,196.538,78.615,52.41,1572.302,332697,"Olives, green, stuffed with pimentos - NFY1213NV",4.2,0.0,0.0
0.0,0.0,0.0,0,0.0,26,2,0,1605.0,240.75,96.3,64.2,1926.0,790214,"Flour, rice, white, unenriched",0.5,6.94,1.3
0.0,0.0,0.0,0,0.0,60,2,0,1310.25,196.538,78.615,52.41,1572.302,335430,"Beans, Dry, Carioca, 11F-8104 (0% moisture)",4.4,24.7,1.33
0.0,0.0,0.0,0,0.0,30,2,0,1457.75,218.662,87.465,58.31,1749.298,335578,"Beans, Dry, Pinto, 758 (0% moisture)",3.9,24.4,0.97
0.0,0.0,0.0,0,0.0,25,3,0,2146.5,321.975,128.79,85.86,2575.8,2685570,"Squash, winter, butternut, raw",1.959,1.14875,0.1675
0.0,0.0,0.0,0,0.0,29,3,0,1530.25,229.538,91.815,61.21,1836.302,335851,"Beans, Dry, Black, 569 (0% moisture)",4.0,24.5,1.38
0.0,0.0,0.0,0,0.0,38,3,0,1816.25,272.438,108.975,72.65,2179.502,335723,"Beans, Dry, Small Red, 690 (0% moisture)",4.2,24.8,1.12
0.0,0.0,0.0,0,0.0,23,3,0,1151.5,172.725,69.09,46.06,1381.8,335644,"Beans, Dry, Pinto, 413 (0% moisture)",4.0,23.1,1.35
0.0,0.0,0.0,0,0.0,23,3,0,2083.75,312.562,125.025,83.35,2500.498,2714488,"Plum, black, with skin, pitted, raw",1.36,0.0,0.0
0.0,0.0,0.0,0,0.0,41,4,0,1201.5,180.225,72.09,48.06,1441.8,335748,"Beans, Dry, Small Red, 405 (0% moisture)",4.0,21.6,1.17
0.0,0.0,0.0,0,0.0,29,2,0,1660.0,249.0,99.6,66.4,1992.0,335276,"Beans, Dry, Pink, 504 (0% moisture)",3.9,23.8,1.06
0.0,0.0,0.0,0,0.0,20,3,0,1693.75,254.062,101.625,67.75,2032.498,331829,"Fat, Chicken, dark meat, lean only, thigh, roasted, enhanced (OK1,MI1) - 14B-08-06-TotalFat",0.0,0.0,7.2
0.0,0.0,0.0,0,0.0,23,2,0,1562.5,234.375,93.75,62.5,1875.0,325266,"Grapefruit juice, white, shelf stable - NFY1213UD",0.0,0.0,0.68
0.0,0.0,0.0,0,0.0,21,3,0,1059.0,158.85,63.54,42.36,1270.8,334939,"Proximates, Beef, Top Round roast/steak, lean only, raw, animal 18, select",0.0,24.9,2.43
0.0,0.0,0.0,0,0.0,19,2,0,1301.5,195.225,78.09,52.06,1561.8,325126,"Proximates, American cheese, pasteurized process, KRAFT - NFY090HK2",0.0,0.0,30.9
0.0,0.0,0.0,0,0.0,20,3,0,1336.25,200.438,80.175,53.45,1603.502,333328,"Proximates, Haddock, raw (MI) - NFY060CPK",0.0,0.0,0.38
0.0,0.0,0.0,0,0.0,31,3,0,1484.0,222.6,89.04,59.36,1780.8,335363,"Beans, Dry, Navy, 246 (0% moisture)",4.3,20.8,1.98
0.0,0.0,0.0,0,0.0,22,2,1,1196.5,205.648,82.259,54.84,1645.188,320000,Hummus - NFY12141Z,5.5,0.0,0.0
0.0,0.0,0.0,0,0.0,24,3,1,1575.0,270.703,108.281,72.188,2165.628,328019,"Proximates, Cheddar cheese, sliced, SARGENTO NATURAL SHARP CHEDDAR DELI STYLE (CA2,IN) - NFY120DCK",0.0,0.0,33.7
0.0,0.0,0.0,0,0.0,39,3,0,1372.5,205.875,82.35,54.9,1647.0,335873,"Beans, Dry, Black, 537 (0% moisture)",4.3,23.4,1.69
0.0,0.0,0.0,0,0.0,36,3,0,1129.0,169.35,67.74,45.16,1354.8,323200,"Almonds, dry roasted, salted - NFY1213J8",10.7,0.0,0.0
0.0,0.0,0.0,0,0.0,24,3,0,1685.0,252.75,101.1,67.4,2022.0,319951,Hummus - NFY1213ZX,5.5,0.0,0.0
0.0,0.0,0.0,0,0.0,23,2,0,1912.5,286.875,114.75,76.5,2295.0,335989,"Beans, Dry, Great Northern, 363 (0% moisture)",4.1,23.3,1.18
0.0,0.0,0.0,0,0.0,27,2,0,1900.0,285.0,114.0,76.0,2280.0,330608,"Total Fat, Ground turkey, 93% lean, 7% fat, patties, broiled (NC1)",0.0,0.0,13.0
0.0,0.0,0.0,0,0.0,23,3,0,1422.75,213.412,85.365,56.91,1707.298,323984,"TDF, Salsa, PACE CHUNKY, MEDIUM (IN,NY) - NFY090KWX",1.8,0.0,0.0
0.0,0.0,0.0,0,0.0,23,3,2,1740.0,337.125,134.85,89.9,2697.0,335747,"Beans, Dry, Small Red, 804 (0% moisture)",4.1,23.3,1.05
0.0,0.0,0.0,0,0.0,23,3,0,1820.0,273.0,109.2,72.8,2184.0,1105318,"APPLES, RED DELICIOUS",1.4,0.0,0.0
0.0,0.0,0.0,0,0.0,22,4,1,1867.5,320.977,128.391,85.594,2567.818,333804,"Proximates, Tuna, canned, in water, drained solids,  STARKIST, CHUNK LIGHT, IN WATER  (CO,CT) - NFY090S4S",0.0,0.0,0.86
0.0,0.0,0.0,0,0.0,22,3,0,2055.0,308.25,123.3,82.2,2466.0,335582,"Beans, Dry, Pinto, 815 (0% moisture)",4.0,22.8,1.13
0.0,0.0,0.0,0,0.0,22,3,4,1780.0,422.75,169.1,112.733,3381.997,324765,"Proximates, Peanut butter, creamy, store brand/other brand, MY ESSENTIALS & SUNNY SELECT (CA2,NC) - NFY120CBW",0.0,0.0,50.0
0.0,0.0,0.0,0,0.0,18,3,0,1230.25,184.538,73.815,49.21,1476.302,332474,"Pears, Bosc, Region 1, n/a, Yes, Fiber - NFY0000BR",2.6,0.0,0.0
0.0,0.0,0.0,0,0.0,26,3,0,1376.25,206.438,82.575,55.05,1651.502,335533,"Beans, Dry, Pinto, 366 (0% moisture)",4.0,23.7,1.52
0.0,0.0,0.0,0,0.0,27,3,0,1172.75,175.912,70.365,46.91,1407.298,335576,"Beans, Dry, Pinto, 639 (0% moisture)",3.9,21.5,1.31
0.0,0.0,0.0,0,0.0,38,2,0,1439.0,215.85,86.34,57.56,1726.8,2515290,"Chicken, ground, raw",0.0,0.0,8.41
0.0,0.0,0.0,0,0.0,29,3,0,1721.25,258.188,103.275,68.85,2065.502,335786,"Beans, Dry, Black, 11F-8045 (0% moisture)",4.4,26.2,1.62
0.0,0.0,0.0,0,0.0,23,2,4,1630.0,387.125,154.85,103.233,3096.997,2710837,"Plum, black, with skin, raw",1.346,0.578125,0.2825
0.0,0.0,0.0,0,0.0,20,3,0,1620.25,243.038,97.215,64.81,1944.302,335551,"Beans, Dry, Pinto, 389 (0% moisture)",4.0,21.3,1.17
0.0,0.0,0.0,0,0.0,23,3,0,1335.25,200.288,80.115,53.41,1602.302,335256,"Beans, Dry, Pink, 11F-8059 (0% moisture)",4.1,23.2,1.09
0.0,0.0,0.0,0,0.0,18,3,0,1199.0,179.85,71.94,47.96,1438.8,335928,"Beans, Dry, Red, 345 (0% moisture)",4.1,21.3,1.19
0.0,0.0,0.0,0,0.0,43,3,0,1591.5,238.725,95.49,63.66,1909.8,331296,"Fat, Chicken, dark meat, lean only, thigh, roasted, non-enhanced (National) - 14B-08-01-TotalFat",0.0,0.0,8.93
0.0,0.0,0.0,0,0.0,21,3,0,1029.0,154.35,61.74,41.16,1234.8,325100,"Proximates, American cheese, pasteurized process, mixed store brand - NFY090HP4",0.0,0.0,30.0
0.0,0.0,0.0,0,0.0,26,4,0,1229.0,184.35,73.74,49.16,1474.8,328964,"Proximates, Mozzarella cheese, low-moisture, part-skim, KRAFT (FL,MO) - NFY120DJP",0.0,0.0,20.2
0.0,0.0,0.0,0,0.0,22,2,1,1207.75,207.582,83.033,55.355,1660.655,323955,"Proximates, Salsa, TOSTITOS CHUNKY, MEDIUM (MI,OK) - NFY090KW5",0.0,0.0,0.2
0.0,0.0,0.0,0,0.0,22,3,0,1800.0,270.0,108.0,72.0,2160.0,2512371,"Flour, amaranth",7.209,13.2093,6.236
0.0,0.0,0.0,0,0.0,27,4,0,2082.5,312.375,124.95,83.3,2499.0,329323,"Proximates, Cheese, string (low-moisture, part-skim mozzarella), FRIGO (GA,NJ) - NFY120X99",0.0,0.0,20.5
0.0,0.0,0.0,0,0.0,24,3,2,1576.25,305.398,122.159,81.44,2443.188,1753669,"MUSHROOMS, OYSTER",0.0,0.0,0.21
0.0,0.0,0.0,0,0.0,23,3,0,1962.5,294.375,117.75,78.5,2355.0,2263890,"Grapes, red, seedless, raw",0.0,0.914375,0.1638
0.0,0.0,0.0,0,0.0,23,4,1,1455.0,250.078,100.031,66.688,2000.628,330647,"Total Fat, Ground turkey, 93% lean, 7% fat, patties, broiled (CO1,CT1,IN1)",0.0,0.0,11.0
0.0,0.0,0.0,0,0.0,21,3,1,1415.25,243.246,97.298,64.866,1945.97,326126,"Proximates, Cheese, swiss, slices (CA2, CO) - 18c-17-03-Prox",0.0,0.0,32.2
0.0,0.0,0.0,0,0.0,21,4,0,1369.0,205.35,82.14,54.76,1642.8,335691,"Beans, Dry, Pinto, 393 (0% moisture)",3.8,23.2,1.13
0.0,0.0,0.0,0,0.0,24,2,1,1705.0,293.047,117.219,78.146,2344.378,335947,"Beans, Dry, Great Northern, 11F-8093 (0% moisture)",4.4,24.4,1.2
0.0,0.0,0.0,0,0.0,23,3,0,1488.75,223.312,89.325,59.55,1786.498,336036,"Beans, Dry, Great Northern, 637 (0% moisture)",4.3,24.2,1.41
0.0,0.0,0.0,0,0.0,36,3,0,1706.25,255.938,102.375,68.25,2047.502,324227,"Proximates, Onion rings, frozen, ALEXIA (CO,CT) - NFY12067K",0.0,0.0,14.8
0.0,0.0,0.0,0,0.0,40,2,1,1137.75,195.551,78.22,52.147,1564.407,1105664,"Apples, granny smith, with skin, raw",2.5,0.27,0.14
0.0,0.0,0.0,0,0.0,21,3,4,1570.0,372.875,149.15,99.433,2982.997,2684441,"Fish, salmon, Atlantic, farm raised, raw",0.0,20.31875,13.11
0.0,0.0,0.0,0,0.0,21,2,0,1260.25,189.038,75.615,50.41,1512.302,333073,"Proximates, Tomatoes, diced, canned, VALUE TIME (CA2) - NFY120AMX",0.0,0.0,0.48
0.0,0.0,0.0,0,0.0,23,4,0,2051.25,307.688,123.075,82.05,2461.502,330811,"Total Fat, Ground turkey, 93% lean, 7% fat, patties, broiled (IN1)",0.0,0.0,11.8
0.0,0.0,0.0,0,0.0,21,3,0,1246.5,186.975,74.79,49.86,1495.8,1750354,"Tomato, roma",0.9706,0.695625,0.425
0.0,0.0,0.0,0,0.0,33,3,0,1094.0,164.1,65.64,43.76,1312.8,320383,"Proximates, Beef, Eye of Round roast/steak, lean only, raw, animal 10, select",0.0,23.9,1.91
0.0,0.0,0.0,0,0.0,40,3,0,1037.75,155.662,62.265,41.51,1245.298,325524,"Seeds, sunflower seed kernels, dry roasted, with salt added",10.3,21.0,56.1
0.0,0.0,0.0,0,0.0,21,3,1,1571.25,270.059,108.023,72.016,2160.472,336061,"Beans, Dry, Great Northern, 453 (0% moisture)",4.4,25.6,1.25
0.0,0.0,0.0,0,0.0,20,3,4,1380.25,327.809,131.124,87.416,2622.476,335791,"Beans, Dry, Black, 11F-8117 (0% moisture)",4.3,25.1,1.28
0.0,0.0,0.0,0,0.0,20,4,4,1636.25,388.609,155.444,103.629,3108.873,2515287,"Chicken, ground, breast meat only, raw",0.0,0.0,2.12
0.0,0.0,0.0,0,0.0,23,2,0,1322.75,198.412,79.365,52.91,1587.298,2003592,"Grape juice, purple, with added vitamin C, from concentrate, shelf stable",0.0,0.2578125,0.2875
0.0,0.0,0.0,0,0.0,25,3,0,1941.25,291.188,116.475,77.65,2329.502,335308,"Beans, Dry, Navy, 11F-8162 (0% moisture)",4.3,23.0,1.08
0.0,0.0,0.0,0,0.0,30,3,0,1359.0,203.85,81.54,54.36,1630.8,335737,"Beans, Dry, Small Red, 673 (0% moisture)",4.3,23.0,1.47
0.0,0.0,0.0,0,0.0,24,3,1,1246.5,214.242,85.697,57.131,1713.935,326135,"Cheese, swiss",0.0,27.0,31.0
0.0,0.0,0.0,0,0.0,26,3,0,1169.0,175.35,70.14,46.76,1402.8,335460,"Beans, Dry, Pinto, 11F-8164 (0% moisture)",4.6,23.5,1.35
0.0,0.0,0.0,0,0.0,58,3,0,1246.25,186.938,74.775,49.85,1495.502,335754,"Beans, Dry, Small Red, 374 (0% moisture)",3.8,22.0,1.18
0.0,0.0,0.0,0,0.0,22,3,1,1329.0,228.422,91.369,60.912,1827.372,2710840,"Sorghum flour, white, pearled, unenriched, dry, raw",3.299,10.2125,3.238
0.0,0.0,0.0,0,0.0,38,3,0,1070.25,160.538,64.215,42.81,1284.302,790577,"Onions, red, raw",2.2,0.94,0.1
0.0,0.0,0.0,0,0.0,25,3,0,1132.75,169.912,67.965,45.31,1359.298,336062,"Beans, Dry, Great Northern, 777 (0% moisture)",4.3,25.9,1.2
0.0,0.0,0.0,0,0.0,22,4,0,1943.75,291.562,116.625,77.75,2332.498,1750353,"Spinach, mature",1.588,2.90625,0.6044
0.0,0.0,0.0,0,0.0,27,2,1,1731.25,297.559,119.023,79.349,2380.469,335182,"TDF, Whole wheat bread, Store brand/other (AL,OK) - NFY1204R2",5.3,0.0,0.0
0.0,0.0,0.0,0,0.0,25,3,0,1625.25,243.788,97.515,65.01,1950.302,335722,"Beans, Dry, Small Red, 509 (0% moisture)",4.1,22.8,1.32
0.0,0.0,0.0,0,0.0,22,3,0,1313.75,197.062,78.825,52.55,1576.498,2710829,"Fonio, grain, dry, raw",2.197,7.16875,1.693
0.0,0.0,0.0,0,0.0,47,2,0,1995.0,299.25,119.7,79.8,2394.0,325206,"Grapefruit juice, white, shelf stable - NFY1213U4",0.0,0.0,0.87
0.0,0.0,0.0,0,0.0,25,3,0,1654.0,248.1,99.24,66.16,1984.8,748971,"Bacon, cooked",0.0,0.0,36.0
0.0,0.0,0.0,0,0.0,28,3,0,1455.25,218.288,87.315,58.21,1746.302,326277,"Carrots, sliced or crinkle cut, frozen, unprepared - Proximates - NF9913Z7",0.0,0.0,0.29
0.0,0.0,0.0,0,0.0,22,3,0,1993.75,299.062,119.625,79.75,2392.498,336027,"Beans, Dry, Great Northern, 293 (0% moisture)",4.2,23.4,1.31
0.0,0.0,0.0,0,0.0,22,2,0,1490.25,223.538,89.415,59.61,1788.302,326789,"Figs, Dried, Pass 2, Region 2, n/a, Yes, Proximates - NFY010CEH",0.0,0.0,1.1
0.0,0.0,0.0,0,0.0,28,3,0,2178.75,326.812,130.725,87.15,2614.498,335276,"Beans, Dry, Pink, 504 (0% moisture)",3.9,23.8,1.06
0.0,0.0,0.0,0,0.0,22,3,0,1460.25,219.038,87.615,58.41,1752.302,335688,"Beans, Dry, Pinto, 677 (0% moisture)",4.0,25.1,1.19
0.0,0.0,0.0,0,0.0,22,2,4,1410.25,334.934,133.974,89.316,2679.476,335437,"Beans, Dry, Tan, 11F-8148 (0% moisture)",4.3,26.4,1.06
0.0,0.0,0.0,0,0.0,22,2,1,1796.25,308.73,123.492,82.328,2469.84,335974,"Beans, Dry, Great Northern, 594 (0% moisture)",4.3,28.1,1.22
0.0,0.0,0.0,0,0.0,50,3,0,1350.25,202.538,81.015,54.01,1620.302,335490,"Beans, Dry, Pinto, 11F-8166 (0% moisture)",4.5,22.9,1.33
0.0,0.0,0.0,0,0.0,47,3,0,1265.25,189.788,75.915,50.61,1518.302,332657,"Olives, green, stuffed with pimentos - NFY1213OJ",3.6,0.0,0.0
0.0,0.0,0.0,0,0.0,23,3,0,1411.25,211.688,84.675,56.45,1693.502,335369,"Beans, Dry, Navy, 234 (0% moisture)",4.2,22.4,1.64
0.0,0.0,0.0,0,0.0,25,3,1,1751.25,300.996,120.398,80.266,2407.97,2684721,"salmon, Atlantic, farm raised, raw, skin removed",0.0,0.0,13.97
0.0,0.0,0.0,0,0.0,32,2,1,1089.0,187.172,74.869,49.912,1497.372,335970,"Beans, Dry, Great Northern, 726 (0% moisture)",4.6,28.7,1.24
0.0,0.0,0.0,0,0.0,22,3,0,1567.75,235.162,94.065,62.71,1881.298,335432,"Beans, Dry, Carioca, 622 (0% moisture)",4.4,24.8,1.43
0.0,0.0,0.0,0,0.0,24,2,1,1848.75,317.754,127.102,84.734,2542.03,331310,"Fat, Chicken, dark meat, lean only, thigh, roasted, non-enhanced (CO1,CT1) - 14B-08-03-TotalFat",0.0,0.0,7.81
0.0,0.0,0.0,0,0.0,43,2,1,999.0,171.703,68.681,45.787,1373.619,1756913,"TOMATOES, ROMA",0.0,0.0,0.59
0.0,0.0,0.0,0,0.0,39,2,0,1444.0,216.6,86.64,57.76,1732.8,323261,"Almonds, dry roasted, salted - NFY1213LG",11.3,0.0,0.0
0.0,0.0,0.0,0,0.0,23,3,3,1883.75,406.184,162.473,108.316,3249.472,324164,"Proximates, Onion rings, frozen, ALEXIA (CA2,NC) - NFY120675",0.0,0.0,15.0
0.0,0.0,0.0,0,0.0,20,3,0,1455.0,218.25,87.3,58.2,1746.0,330211,"Proximates, Yogurt, Greek, strawberry, non-fat, DANNON OIKOS (CA2,NC) - NFY120ONI",0.0,7.88,0.3
0.0,0.0,0.0,0,0.0,26,3,0,1875.0,281.25,112.5,75.0,2250.0,335890,"Beans, Dry, Black, 227 (0% moisture)",4.1,22.0,1.6
0.0,0.0,0.0,0,0.0,30,2,0,1673.75,251.062,100.425,66.95,2008.498,334950,"Proximates, Beef, Top Round roast/steak, lean only, raw, animal 23, select",0.0,23.2,4.23
0.0,0.0,0.0,0,0.0,21,2,1,1405.25,241.527,96.611,64.407,1932.215,2263889,"Blueberries, raw",0.0,0.703125,0.3063
0.0,0.0,0.0,0,0.0,27,4,0,1962.5,294.375,117.75,78.5,2355.0,2758976,"Cranberries, dried, sweetened",4.36,0.0,0.0
0.0,0.0,0.0,0,0.0,22,3,0,1199.0,179.85,71.94,47.96,1438.8,2687088,"tomatoes, whole, canned, solids and liquids, with salt added",0.74,0.0,0.0
0.0,0.0,0.0,0,0.0,30,3,0,1897.5,284.625,113.85,75.9,2277.0,335982,"Beans, Dry, Great Northern, 688 (0% moisture)",4.4,25.0,1.33
0.0,0.0,0.0,0,0.0,28,3,1,1775.0,305.078,122.031,81.354,2440.622,335436,"Beans, Dry, Tan, 11F-8042 (0% moisture)",4.3,25.4,0.98
0.0,0.0,0.0,0,0.0,26,3,0,1575.0,236.25,94.5,63.0,1890.0,330425,"Proximates, Oil, coconut, LOU ANA (IN,AL) - NFY120PDT",0.0,0.0,99.2
0.0,0.0,0.0,0,0.0,23,4,2,1571.25,304.43,121.772,81.181,2435.437,336007,"Beans, Dry, Great Northern, 402 (0% moisture)",4.2,24.6,1.28
0.0,0.0,0.0,0,0.0,24,3,0,1337.75,200.662,80.265,53.51,1605.298,334878,"Proximates, Beef, Tenderloin Roast, lean only, cooked, animal 22, select",0.0,27.8,5.64
0.0,0.0,0.0,0,0.0,32,3,0,1506.5,225.975,90.39,60.26,1807.8,329822,"Proximates, Cheese, dry white, Queso seco, mixed composite (NY, TX-TR) - NFY09008M",0.0,0.0,26.3
0.0,0.0,0.0,0,0.0,25,2,0,1502.75,225.412,90.165,60.11,1803.298,2512374,"Flour, buckwheat",10.35,8.88492,2.484
0.0,0.0,0.0,0,0.0,29,3,0,1800.0,270.0,108.0,72.0,2160.0,334536,"Restaurant, Chinese, fried rice, without meat",0.0,3.84,3.19
0.0,0.0,0.0,0,0.0,21,2,0,1351.5,202.725,81.09,54.06,1621.8,2512376,"Flour, barley",12.79,8.72168,2.45
0.0,0.0,0.0,0,0.0,23,2,0,1590.0,238.5,95.4,63.6,1908.0,335365,"Beans, Dry, Navy, 236 (0% moisture)",4.2,22.6,1.77
0.0,0.0,0.0,0,0.0,25,3,1,1842.5,316.68,126.672,84.448,2533.44,328600,"Proximates, Cheese, cheddar, sharp, block/chunk, store brand, ESSENTIAL EVERYDAY (NC,PA) - NFY120X2Q",0.0,0.0,34.2
0.0,0.0,0.0,0,0.0,25,3,0,1550.25,232.538,93.015,62.01,1860.302,790650,"BANANAS, OVERRIPE",0.0,0.0,0.3
0.0,0.0,0.0,0,0.0,27,3,0,1432.75,214.912,85.965,57.31,1719.298,332266,"Proximates, Sauce, pasta, HUNTS original, canned spaghetti sauce (OK1) - NFY09050F",0.0,0.0,0.8
0.0,0.0,0.0,0,0.0,24,3,0,2076.25,311.438,124.575,83.05,2491.502,2346389,"Lettuce, romaine, green, raw",0.0,0.976875,0.07125
0.0,0.0,0.0,0,0.0,22,4,1,1958.75,336.66,134.664,89.776,2693.28,748980,Bacon,0.0,0.0,41.9
0.0,0.0,0.0,0,0.0,25,3,2,1474.0,285.588,114.235,76.157,2284.705,324795,"TDF, Peanut butter, creamy, JIF (MI,OK) - NFY120CAR",4.7,0.0,0.0
0.0,0.0,0.0,0,0.0,35,3,0,1392.5,208.875,83.55,55.7,1671.0,335787,"Beans, Dry, Black, 11F-8177 (0% moisture)",4.1,26.2,0.92
0.0,0.0,0.0,0,0.0,19,2,2,1415.25,274.205,109.682,73.121,2193.637,2747668,"Sea bass, Chilean, frozen, wild caught",0.0,14.925,16.57
0.0,0.0,0.0,0,0.0,21,4,0,1702.5,255.375,102.15,68.1,2043.0,335319,"Beans, Dry, Navy, 11F-8004 (0% moisture)",4.3,25.8,1.35
0.0,0.0,0.0,0,0.0,28,3,0,1535.25,230.288,92.115,61.41,1842.302,335589,"Beans, Dry, Pinto, 480 (0% moisture)",4.1,25.4,1.18
0.0,0.0,0.0,0,0.0,43,2,1,1292.75,222.191,88.877,59.251,1777.531,335764,"Beans, Dry, Small Red, 493 (0% moisture)",3.9,20.7,1.29
0.0,0.0,0.0,0,0.0,18,3,1,1237.75,212.738,85.095,56.73,1701.902,335810,"Beans, Dry, Black, 11F-8002 (0% moisture)",4.6,25.2,1.35
0.0,0.0,0.0,0,0.0,26,3,0,1447.5,217.125,86.85,57.9,1737.0,335430,"Beans, Dry, Carioca, 11F-8104 (0% moisture)",4.4,24.7,1.33
0.0,0.0,0.0,0,0.0,32,4,1,1630.25,280.199,112.08,74.72,2241.596,1750346,"Mushrooms, shiitake",0.0,2.414375,0.195
0.0,0.0,0.0,0,0.0,21,3,4,1713.75,407.016,162.806,108.538,3256.13,328189,"Proximates, Cheddar cheese, sliced, store brand, PUBLIX & SHOPRITE (CT,FL) - NFY120DF9",0.0,0.0,32.9
0.0,0.0,0.0,0,0.0,24,3,0,1975.0,296.25,118.5,79.0,2370.0,335371,"Beans, Dry, Navy, 228 (0% moisture)",4.4,24.3,1.76
0.0,0.0,0.0,0,0.0,25,3,2,1572.75,304.72,121.888,81.259,2437.763,333380,"Proximates, Pollock, raw (CT) - NFY060DMV",0.0,0.0,0.51
0.0,0.0,0.0,0,0.0,22,4,0,1359.0,203.85,81.54,54.36,1630.8,327417,"Oranges, Navel, Raw, Region 1, n/a, Yes, Fiber - NFY0103ZW",1.9,0.0,0.0
0.0,0.0,0.0,0,0.0,22,2,1,1110.25,190.824,76.33,50.886,1526.59,2514448,"sorghum, flour",0.0,0.0,4.37
0.0,0.0,0.0,0,0.0,25,3,0,1881.25,282.188,112.875,75.25,2257.502,335198,"TDF, Whole wheat bread, NATURES OWN (AL,OK) - NFY1204OP",5.7,0.0,0.0
0.0,0.0,0.0,0,0.0,21,3,0,1868.75,280.312,112.125,74.75,2242.498,333890,"Proximates, Tuna, canned, in water, drained solids,  STARKIST, CHUNK LIGHT, IN WATER  (AL,CA1) - NFY090S48",0.0,0.0,0.99
0.0,0.0,0.0,0,0.0,22,3,2,1575.0,305.156,122.062,81.375,2441.247,2685582,"Tomato, puree, canned",1.971,1.578125,0.265
0.0,0.0,0.0,0,0.0,32,3,0,1107.75,166.162,66.465,44.31,1329.298,335394,"Beans, Dry, Navy, 543 (0% moisture)",4.2,23.4,1.54
0.0,0.0,0.0,0,0.0,20,4,0,1257.75,188.662,75.465,50.31,1509.298,2644282,"Chickpeas, (garbanzo beans, bengal gram), dry",0.0,21.275,6.274
0.0,0.0,0.0,0,0.0,24,2,0,1737.5,260.625,104.25,69.5,2085.0,335976,"Beans, Dry, Great Northern, 651 (0% moisture)",4.2,22.3,1.1
0.0,0.0,0.0,0,0.0,46,3,4,1230.25,292.184,116.874,77.916,2337.476,328749,"Proximates, Cottage cheese, 2% milkfat, DAISY (MO,CT) - NFY120BPL",0.0,0.0,2.07
0.0,0.0,0.0,0,0.0,28,3,0,1575.25,236.288,94.515,63.01,1890.302,335776,"Beans, Dry, Medium Red, 756 (0% moisture)",4.3,24.9,1.07
0.0,0.0,0.0,0,0.0,22,4,1,1127.75,193.832,77.533,51.689,1550.661,335984,"Beans, Dry, Great Northern, 644 (0% moisture)",4.2,21.8,1.27
0.0,0.0,0.0,0,0.0,25,3,0,1888.75,283.312,113.325,75.55,2266.498,335256,"Beans, Dry, Pink, 11F-8059 (0% moisture)",4.1,23.2,1.09
0.0,0.0,0.0,0,0.0,33,3,0,1678.75,251.812,100.725,67.15,2014.498,336051,"Beans, Dry, Great Northern, 449 (0% moisture)",4.2,21.5,1.27
0.0,0.0,0.0,0,0.0,37,3,0,1941.25,291.188,116.475,77.65,2329.502,332236,"Proximates, Sauce, pasta, HUNTS original, canned spaghetti sauce (CA1) - NFY0904Z3",0.0,0.0,0.67
0.0,0.0,0.0,0,0.0,23,3,2,1783.75,345.602,138.241,92.16,2764.812,2646172,"Beef, ribeye, steak, boneless, choice, raw",0.0,18.74375,20.04
0.0,0.0,0.0,0,0.0,30,3,0,1693.75,254.062,101.625,67.75,2032.498,336019,"Beans, Dry, Great Northern, 327 (0% moisture)",4.3,23.4,1.38
0.0,0.0,0.0,0,0.0,43,3,0,1564.0,234.6,93.84,62.56,1876.8,2645897,"beans, cannellini, canned, sodium added",0.0,0.0,1.31
0.0,0.0,0.0,0,0.0,22,3,0,1556.25,233.438,93.375,62.25,1867.502,2003594,"Cranberry juice, not fortified, from concentrate, shelf stable",0.0,0.0,0.3375
0.0,0.0,0.0,0,0.0,23,3,3,1681.25,362.52,145.008,96.672,2900.16,2257045,"Almond milk, unsweetened, plain, refrigerated",0.0,0.65625,1.558
0.0,0.0,0.0,0,0.0,22,2,0,1435.0,215.25,86.1,57.4,1722.0,2710835,"Corn flour, masa harina, white or yellow, dry, raw",7.038,7.5625,4.34
0.0,0.0,0.0,0,0.0,24,3,0,1746.25,261.938,104.775,69.85,2095.502,324146,"BEEF BREAKFAST SAUSAGE, BANQUET BROWN N SERVE SAUSAGE LINKS, MAPLE FLAVOR",0.0,0.0,32.5
0.0,0.0,0.0,0,0.0,27,4,0,1982.5,297.375,118.95,79.3,2379.0,323505,"Kale, raw",4.1,2.92,1.49
0.0,0.0,0.0,0,0.0,46,3,0,1823.75,273.562,109.425,72.95,2188.498,746995,"Cheese, American",0.0,0.0,32.0
0.0,0.0,0.0,0,0.0,22,4,0,1846.25,276.938,110.775,73.85,2215.502,332112,"Proximates, Sauce, pasta, PREGO 100% Natural Italian, Traditional, bottled spaghetti sauce (AL1) - NFY0904VF",0.0,0.0,1.38
0.0,0.0,0.0,0,0.0,30,3,0,1405.0,210.75,84.3,56.2,1686.0,335953,"Beans, Dry, Great Northern, 11F-8085 (0% moisture)",4.2,24.4,1.09
0.0,0.0,0.0,0,0.0,21,3,0,1370.0,205.5,82.2,54.8,1644.0,2259794,"Yogurt, Greek, plain, whole milk",0.0,8.77888,4.394
0.0,0.0,0.0,0,0.0,23,2,2,1610.0,311.938,124.775,83.183,2495.499,335801,"Beans, Dry, Black, 11F-8150 (0% moisture)",4.4,24.4,1.12
0.0,0.0,0.0,0,0.0,23,3,0,2068.75,310.312,124.125,82.75,2482.498,320389,"Proximates, Beef, Eye of Round roast/steak, lean only, raw, animal 11, select",0.0,23.5,2.81
0.0,0.0,0.0,0,0.0,23,2,0,1205.25,180.788,72.315,48.21,1446.302,335984,"Beans, Dry, Great Northern, 644 (0% moisture)",4.2,21.8,1.27
0.0,0.0,0.0,0,0.0,29,3,0,1930.0,289.5,115.8,77.2,2316.0,330929,"Fat, Chicken, skin, roasted, from drumsticks and thighs, non-enhanced (National) - 14B-02-01-TotalFat",0.0,0.0,45.6
0.0,0.0,0.0,0,0.0,35,3,0,1014.0,152.1,60.84,40.56,1216.8,2003602,"Mushroom, maitake",3.071,2.203125,0.265
0.0,0.0,0.0,0,0.0,42,2,0,1493.75,224.062,89.625,59.75,1792.498,332236,"Proximates, Sauce, pasta, HUNTS original, canned spaghetti sauce (CA1) - NFY0904Z3",0.0,0.0,0.67
0.0,0.0,0.0,0,0.0,26,3,1,1320.25,226.918,90.767,60.511,1815.339,326440,"Carrots, whole, unprepared - Proximates - NF99140C",0.0,0.0,1.51
0.0,0.0,0.0,0,0.0,26,3,0,1975.0,296.25,118.5,79.0,2370.0,2687120,"tomato, puree, canned, no salt added",1.65,0.0,0.0
0.0,0.0,0.0,0,0.0,36,3,0,1119.0,167.85,67.14,44.76,1342.8,326569,"TDF, Mustard, yellow, store brand, SAFEWAY & SAFEWAY (CA1,CO1) - NFY120I1O",5.2,0.0,0.0
0.0,0.0,0.0,0,0.0,29,3,0,1480.25,222.038,88.815,59.21,1776.302,2747673,"Tuna, ahi or yellowfin, frozen, wild caught",0.0,24.7,0.3875
0.0,0.0,0.0,0,0.0,31,2,0,1382.75,207.412,82.965,55.31,1659.298,2645945,"beans, kidney, dark red, canned, sodium added, sugar added",0.0,0.0,1.14
0.0,0.0,0.0,0,0.0,21,2,0,1272.5,190.875,76.35,50.9,1527.0,2512372,"Flour, quinoa",6.295,11.92235,6.601
0.0,0.0,0.0,0,0.0,21,3,0,1320.0,198.0,79.2,52.8,1584.0,334494,"Proximates, Chinese Restaurant, Fried Rice (No Meat) (CA1) - NFY1209Q0",0.0,0.0,6.44
0.0,0.0,0.0,0,0.0,31,3,0,1410.0,211.5,84.6,56.4,1692.0,335757,"Beans, Dry, Small Red, 786 (0% moisture)",4.2,22.3,1.2
0.0,0.0,0.0,0,0.0,22,3,0,2045.0,306.75,122.7,81.8,2454.0,332313,"Lunchmeat, ham - NFY1210OP",0.0,0.0,3.62
0.0,0.0,0.0,0,0.0,21,3,0,1731.25,259.688,103.875,69.25,2077.502,326507,"TDF, Mustard, yellow, FRENCHS CLASSIC (CO,CT) - NFY120HZI",4.5,0.0,0.0
0.0,0.0,0.0,0,0.0,33,2,0,1348.75,202.312,80.925,53.95,1618.498,335465,"Beans, Dry, Pinto, 11F-8069 (0% moisture)",4.3,24.3,1.25
0.0,0.0,0.0,0,0.0,23,3,2,1671.25,323.805,129.522,86.348,2590.44,335982,"Beans, Dry, Great Northern, 688 (0% moisture)",4.4,25.0,1.33
0.0,0.0,0.0,0,0.0,22,3,0,1995.0,299.25,119.7,79.8,2394.0,324038,"Sauce, salsa, ready-to-serve",1.8,1.44,0.19
0.0,0.0,0.0,0,0.0,24,4,1,1579.0,271.391,108.556,72.371,2171.127,330253,"TDF, Yogurt, Greek, strawberry, non-fat, DANNON OIKOS (IN,NY) - NFY120OMW",0.4,0.0,0.0
0.0,0.0,0.0,0,0.0,23,3,0,1348.75,202.312,80.925,53.95,1618.498,336047,"Beans, Dry, Great Northern, 341 (0% moisture)",4.4,23.1,1.39
0.0,0.0,0.0,0,0.0,22,3,0,2046.25,306.938,122.775,81.85,2455.502,334676,"Proximates, Pupusas, Bean, flat stuffed corn biscuit (TX-TR) - NFY0901VT",0.0,0.0,5.08
0.0,0.0,0.0,0,0.0,22,2,0,1583.75,237.562,95.025,63.35,1900.498,321775,"Broccoli, Region 2, n/a, Yes, Proximates - NFY01048K",0.0,0.0,0.34
0.0,0.0,0.0,0,0.0,24,2,0,1369.0,205.35,82.14,54.76,1642.8,335548,"Beans, Dry, Pinto, 765 (0% moisture)",4.3,25.4,1.32
0.0,0.0,0.0,0,0.0,20,3,0,2126.25,318.938,127.575,85.05,2551.502,335910,"Beans, Dry, Black, 291 (0% moisture)",4.1,25.1,1.78
0.0,0.0,0.0,0,0.0,38,3,0,1249.0,187.35,74.94,49.96,1498.8,335754,"Beans, Dry, Small Red, 374 (0% moisture)",3.8,22.0,1.18
0.0,0.0,0.0,0,0.0,25,3,0,1311.25,196.688,78.675,52.45,1573.502,335763,"Beans, Dry, Small Red, 635 (0% moisture)",4.0,21.0,1.02
0.0,0.0,0.0,0,0.0,22,2,1,1625.0,279.297,111.719,74.479,2234.375,335322,"Beans, Dry, Navy, 613 (0% moisture)",4.7,25.5,1.47
0.0,0.0,0.0,0,0.0,15,2,2,2023.75,392.102,156.841,104.56,3136.812,335973,"Beans, Dry, Great Northern, 306 (0% moisture)",4.3,26.1,1.43
0.0,0.0,0.0,0,0.0,23,3,2,1862.5,360.859,144.344,96.229,2886.873,329596,"Egg, yolk, raw, frozen, pasteurized",0.0,15.6,25.1
0.0,0.0,0.0,0,0.0,22,3,0,1487.5,223.125,89.25,59.5,1785.0,2727586,"Shallots, bulb, peeled, root removed, raw",2.2,1.3775,0.0
0.0,0.0,0.0,0,0.0,32,3,0,1077.75,161.662,64.665,43.11,1293.298,333580,"Proximates, Tuna, canned, in water, drained solids,  BUMBLEBEE CHUNK LIGHT, IN WATER  (AL,CA1) - NFY090S0S",0.0,0.0,1.26
0.0,0.0,0.0,0,0.0,26,3,0,1887.5,283.125,113.25,75.5,2265.0,336053,"Beans, Dry, Great Northern, 407 (0% moisture)",4.1,23.5,1.5
0.0,0.0,0.0,0,0.0,23,4,0,1346.5,201.975,80.79,53.86,1615.8,335450,"Beans, Dry, Pinto, 11F-8191 (0% moisture)",4.3,24.5,1.13
0.0,0.0,0.0,0,0.0,22,3,0,1623.75,243.562,97.425,64.95,1948.498,324833,"Proximates, Peanut butter, creamy, store brand/other brand, KROGER (IN,MI) - NFY120CCA",0.0,0.0,51.2
0.0,0.0,0.0,0,0.0,24,3,0,2103.75,315.562,126.225,84.15,2524.498,2710824,"Avocado, Hass, peeled, raw",0.0,1.8125,20.31
0.0,0.0,0.0,0,0.0,23,4,4,1651.25,392.172,156.869,104.579,3137.375,323979,"Proximates, Salsa, PACE CHUNKY, MEDIUM (IN,NY) - NFY090KWU",0.0,0.0,0.2
0.0,0.0,0.0,0,0.0,28,2,0,1435.0,215.25,86.1,57.4,1722.0,333601,"Proximates, Tuna, canned, in water, drained solids,  BUMBLEBEE CHUNK LIGHT, IN WATER  (MI,OK) - NFY090S1T",0.0,0.0,1.06
0.0,0.0,0.0,0,0.0,22,2,0,1417.75,212.662,85.065,56.71,1701.298,329822,"Proximates, Cheese, dry white, Queso seco, mixed composite (NY, TX-TR) - NFY09008M",0.0,0.0,26.3
0.0,0.0,0.0,0,0.0,21,2,0,1175.25,176.288,70.515,47.01,1410.302,2647441,"Cheese, oaxaca, solid",0.0,22.14498,22.1
0.0,0.0,0.0,0,0.0,31,4,0,1688.75,253.312,101.325,67.55,2026.498,329035,"Proximates, Mozzarella cheese, low-moisture, part-skim, store brand, HYVEE & PUBLIX (FL,MO) - NFY120DM8",0.0,0.0,19.1
0.0,0.0,0.0,0,0.0,22,2,0,1280.25,192.038,76.815,51.21,1536.302,335743,"Beans, Dry, Small Red, 797 (0% moisture)",3.9,20.8,1.62
0.0,0.0,0.0,0,0.0,40,3,0,1070.25,160.538,64.215,42.81,1284.302,2261420,"Flour, almond",9.266,26.24375,50.23
0.0,0.0,0.0,0,0.0,27,4,1,2076.25,356.855,142.742,95.161,2854.837,326924,"Kiwi, Region 4, n/a, Yes, Fiber  - NFY0100U9",3.8,0.0,0.0
0.0,0.0,0.0,0,0.0,22,3,3,1577.5,340.148,136.059,90.706,2721.182,328129,"Proximates, Cheddar cheese, sliced, store brand, HYVEE CRACKER CUTS & PUBLIX (FL,MO) - NFY120DFJ",0.0,0.0,32.9
0.0,0.0,0.0,0,0.0,23,3,0,1741.25,261.188,104.475,69.65,2089.502,327403,"Oranges, Navel, Pass 2, Region 3, n/a, Yes - Proximates, NFY01075M",0.0,0.0,0.05
0.0,0.0,0.0,0,0.0,23,2,4,1184.0,281.2,112.48,74.987,2249.603,2713960,"Mango, Ataulfo, peeled, pit removed, raw",1.39,0.0,0.0
0.0,0.0,0.0,0,0.0,23,4,4,1755.0,416.812,166.725,111.15,3334.498,333639,"Proximates, Tuna, canned, in water, drained solids,  CHICKEN OF THE SEA CHUNK LIGHT, IN WATER  (VA,NC) - NFY090S2T",0.0,0.0,0.82
0.0,0.0,0.0,0,0.0,23,3,0,1115.25,167.288,66.915,44.61,1338.302,333961,Tuna; chunk light; canned in water; drained solids,0.0,0.0,0.9
0.0,0.0,0.0,0,0.0,21,3,0,1234.0,185.1,74.04,49.36,1480.8,332695,"Olives, Green Manzanilla, Lindsay - KY, NE",0.0,0.0,12.6
0.0,0.0,0.0,0,0.0,23,3,1,1551.25,266.621,106.648,71.099,2132.967,331897,"Chicken, broilers or fryers, drumstick, meat only, cooked, braised",0.0,23.9,5.95
0.0,0.0,0.0,0,0.0,22,4,3,1738.75,374.918,149.967,99.978,2999.342,335319,"Beans, Dry, Navy, 11F-8004 (0% moisture)",4.3,25.8,1.35
0.0,0.0,0.0,0,0.0,26,4,1,2340.0,402.188,160.875,107.25,3217.502,335322,"Beans, Dry, Navy, 613 (0% moisture)",4.7,25.5,1.47
0.0,0.0,0.0,0,0.0,23,3,1,1741.25,299.277,119.711,79.807,2394.215,330701,"Total Fat, Ground turkey, 93% lean, 7% fat, patties, broiled (AL1,CA1,MI1)",0.0,0.0,11.5
0.0,0.0,0.0,0,0.0,24,3,0,1366.25,204.938,81.975,54.65,1639.502,321511,"Beans, snap, canned, drained - NFY1211Z9",0.0,0.0,0.43
0.0,0.0,0.0,0,0.0,39,4,0,1660.0,249.0,99.6,66.4,1992.0,790217,"FLOUR, CORN, YELLOW (FINE MEAL) (ENRICHED)",0.0,0.0,1.6
0.0,0.0,0.0,0,0.0,29,3,0,1713.75,257.062,102.825,68.55,2056.498,335320,"Beans, Dry, Navy, 11F-8183 (0% moisture)",3.9,25.0,1.15
0.0,0.0,0.0,0,0.0,56,4,0,1216.5,182.475,72.99,48.66,1459.8,330906,"Fat, Chicken, skin, raw, from drumsticks and thighs, non-enhanced (National) - 14B-01-01-TotalFat",0.0,0.0,44.2
0.0,0.0,0.0,0,0.0,23,2,0,1851.25,277.688,111.075,74.05,2221.502,335998,"Beans, Dry, Great Northern, 788 (0% moisture)",4.0,22.6,1.26
0.0,0.0,0.0,0,0.0,26,3,0,1867.5,280.125,112.05,74.7,2241.0,335301,"Beans, Dry, Pink, 725 (0% moisture)",3.9,21.8,1.54
0.0,0.0,0.0,0,0.0,28,2,1,1287.75,221.332,88.533,59.022,1770.658,2515375,"Nuts, hazelnuts or filberts, raw",8.41,13.4938,53.49
0.0,0.0,0.0,0,0.0,20,2,1,1673.75,287.676,115.07,76.714,2301.41,325804,"TDF, White bread, PEPPERIDGE FARMS (FL1,MO1) - NFY0907NN",2.3,0.0,0.0
0.0,0.0,0.0,0,0.0,54,3,0,1269.0,190.35,76.14,50.76,1522.8,321903,"MILK, 1%",0.0,0.0,1.07
0.0,0.0,0.0,0,0.0,18,4,0,1226.5,183.975,73.59,49.06,1471.8,334600,"Proximates, Tamale, Pork (CA-LA,CA-SD) - NFY0902AU",0.0,0.0,10.2
0.0,0.0,0.0,0,0.0,23,3,0,2365.0,354.75,141.9,94.6,2838.0,330693,"Total Fat, Ground turkey, 93% lean, 7% fat, pan-broiled crumbles (NY1)",0.0,0.0,12.2
0.0,0.0,0.0,0,0.0,25,3,0,1314.0,197.1,78.84,52.56,1576.8,2514424,"white rice, long grain, unenriched",0.0,0.0,0.975
0.0,0.0,0.0,0,0.0,26,2,1,1775.0,305.078,122.031,81.354,2440.622,335610,"Beans, Dry, Pinto, 820 (0% moisture)",4.1,24.7,0.9
0.0,0.0,0.0,0,0.0,26,3,0,1486.25,222.938,89.175,59.45,1783.502,334247,"Sugars, granulated",0.0,0.0,0.32
0.0,0.0,0.0,0,0.0,22,4,0,1219.0,182.85,73.14,48.76,1462.8,332478,"Pears, Green Anjou, Region 1, n/a, Yes, Fiber - NFY0000H8",3.0,0.0,0.0
0.0,0.0,0.0,0,0.0,23,4,0,1785.25,267.787,107.115,71.41,2142.298,335108,"Proximates, Beef, Porterhouse Steak, lean only, raw, animal 36, select",0.0,21.0,7.02
0.0,0.0,0.0,0,0.0,24,3,0,1907.5,286.125,114.45,76.3,2289.0,330801,"Protein, ash,& moisture, Ground turkey, 93% lean, 7% fat, pan-broiled crumbles (IN1)",0.0,27.4,0.0
0.0,0.0,0.0,0,0.0,22,3,2,1516.25,293.773,117.509,78.34,2350.188,324311,"Proximates, Onion rings, frozen, ALEXIA (AL,OK) - NFY12066P",0.0,0.0,15.4
0.0,0.0,0.0,0,0.0,22,2,0,1457.75,218.662,87.465,58.31,1749.298,326377,"Carrots, sliced or crinkle cut, frozen, unprepared - Proximates - NF9913QP",0.0,0.0,0.46
0.0,0.0,0.0,0,0.0,28,3,0,1536.25,230.438,92.175,61.45,1843.502,335044,"Proximates, Beef, T-Bone Steak, lean only, cooked, animal 4, lowerchoice",0.0,25.8,15.5
0.0,0.0,0.0,0,0.0,20,3,4,1655.0,393.062,157.225,104.817,3144.501,335842,"Beans, Dry, Black, 232 (0% moisture)",3.8,23.7,1.4
0.0,0.0,0.0,0,0.0,24,3,1,1476.25,253.73,101.492,67.661,2029.837,335501,"Beans, Dry, Pinto, 11F-8065 (0% moisture)",4.5,22.3,0.97
0.0,0.0,0.0,0,0.0,25,2,0,1411.25,211.688,84.675,56.45,1693.502,326183,Kale - NFY1214RD,0.0,0.0,1.19
0.0,0.0,0.0,0,0.0,22,3,0,1455.0,218.25,87.3,58.2,1746.0,335910,"Beans, Dry, Black, 291 (0% moisture)",4.1,25.1,1.78
0.0,0.0,0.0,0,0.0,25,3,4,1010.25,239.934,95.974,63.982,1919.47,335877,"Beans, Dry, Black, 552 (0% moisture)",4.4,25.5,1.68
0.0,0.0,0.0,0,0.0,22,2,0,1473.75,221.062,88.425,58.95,1768.498,334526,"Proximates, Chinese Restaurant, Fried Rice (No Meat) (CT) - NFY1209QS",0.0,0.0,1.97
0.0,0.0,0.0,0,0.0,28,4,0,1923.75,288.562,115.425,76.95,2308.498,2645873,"beans, navy, canned, sodium added",0.0,0.0,1.28
0.0,0.0,0.0,0,0.0,24,3,0,1455.0,218.25,87.3,58.2,1746.0,333910,"Proximates, Tuna, canned, in water, drained solids, store brand,  GREAT VALUE &  MIDWEST COUNTRY FARE (FL,MO) - NFY090S6Q",0.0,0.0,0.9
0.0,0.0,0.0,0,0.0,22,3,4,1745.0,414.438,165.775,110.517,3315.505,331242,"Fat, Chicken, dark meat, lean only, thigh, raw, non-enhanced (CO1,CT1) - 14B-07-03-TotalFat",0.0,0.0,4.34
0.0,0.0,0.0,0,0.0,16,3,0,1837.5,275.625,110.25,73.5,2205.0,2004788,"GRAPE JUICE, PURPLE, FROM CONCENTRATE WITH ADDED VITAMIN C, SHELF STABLE",0.0,0.0,0.23
0.0,0.0,0.0,0,0.0,22,3,0,2076.25,311.438,124.575,83.05,2491.502,2685578,"Tomatoes, whole, canned, solids and liquids, with salt added",0.8725,0.8675,0.2063
0.0,0.0,0.0,0,0.0,22,2,1,1389.0,238.734,95.494,63.662,1909.87,327473,"Oranges, Navel, Raw, Region 3, n/a, Yes, Fiber - NFY01041V",2.0,0.0,0.0
0.0,0.0,0.0,0,0.0,22,3,0,1140.25,171.038,68.415,45.61,1368.302,335618,"Beans, Dry, Pinto, 809 (0% moisture)",4.0,25.3,0.98
0.0,0.0,0.0,0,0.0,21,4,2,1315.25,254.83,101.932,67.955,2038.643,325809,"Proximates, White bread, PEPPERIDGE FARMS (FL1,MO1) - NFY0907NU",0.0,0.0,5.2
0.0,0.0,0.0,0,0.0,36,3,0,1599.0,239.85,95.94,63.96,1918.8,2003597,"Orange juice, no pulp, not fortified, not from concentrate, refrigerated",0.0,0.8125,0.3563
0.0,0.0,0.0,0,0.0,57,2,0,1114.0,167.1,66.84,44.56,1336.8,331955,"Proximates, Chicken breasts, boneless, skinless, non-enhanced, braised (AL,CA1) - 17A-02-02-Prox",0.0,0.0,2.88
0.0,0.0,0.0,0,0.0,28,3,0,1219.0,182.85,73.14,48.76,1462.8,335512,"Beans, Dry, Pinto, 696 (0% moisture)",3.9,21.6,1.3
0.0,0.0,0.0,0,0.0,21,2,0,1593.75,239.062,95.625,63.75,1912.498,324765,"Proximates, Peanut butter, creamy, store brand/other brand, MY ESSENTIALS & SUNNY SELECT (CA2,NC) - NFY120CBW",0.0,0.0,50.0
0.0,0.0,0.0,0,0.0,40,3,0,1520.25,228.038,91.215,60.81,1824.302,334516,"Proximates, Chinese Restaurant, Fried Rice (No Meat) (MO) - NFY1209R6",0.0,0.0,2.85
0.0,0.0,0.0,0,0.0,21,3,2,1492.5,289.172,115.669,77.112,2313.372,335250,"Beans, Dry, Pink, 11F-8197 (0% moisture)",4.3,24.4,1.15
0.0,0.0,0.0,0,0.0,23,2,0,1460.0,219.0,87.6,58.4,1752.0,2346399,"Cherries, sweet, dark red, raw",0.0,1.039375,0.1925
0.0,0.0,0.0,0,0.0,25,3,1,1672.5,287.461,114.984,76.656,2299.684,335819,"Beans, Dry, Black, 533 (0% moisture)",4.2,23.4,1.45
0.0,0.0,0.0,0,0.0,28,2,0,1895.0,284.25,113.7,75.8,2274.0,333804,"Proximates, Tuna, canned, in water, drained solids,  STARKIST, CHUNK LIGHT, IN WATER  (CO,CT) - NFY090S4S",0.0,0.0,0.86
0.0,0.0,0.0,0,0.0,24,3,0,2025.0,303.75,121.5,81.0,2430.0,332347,"Lunchmeat, ham - NFY1210PP",0.0,0.0,3.07
0.0,0.0,0.0,0,0.0,22,3,1,1860.0,319.688,127.875,85.25,2557.502,336039,"Beans, Dry, Great Northern, 335 (0% moisture)",4.3,23.2,1.38
0.0,0.0,0.0,0,0.0,21,4,1,1490.0,256.094,102.438,68.292,2048.756,321796,"Broccoli, Cooked, Region 2, n/a, Yes, Fiber - NFY01049U",2.2,0.0,0.0
0.0,0.0,0.0,0,0.0,59,2,0,1215.25,182.288,72.915,48.61,1458.302,332140,"Proximates, Sauce, pasta, PREGO 100% Natural Italian, Traditional, bottled spaghetti sauce (FL1) - NFY0904WF",0.0,0.0,1.67
0.0,0.0,0.0,0,0.0,24,3,2,1536.25,297.648,119.059,79.373,2381.185,332012,"Proximates, Sauce, pasta, RAGU Old World, bottled spaghetti sauce (AL1) - NFY0904RX",0.0,0.0,1.98
0.0,0.0,0.0,0,0.0,19,3,4,1792.5,425.719,170.288,113.525,3405.753,335599,"Beans, Dry, Pinto, 421 (0% moisture)",4.0,23.2,1.16
0.0,0.0,0.0,0,0.0,29,2,0,1931.25,289.688,115.875,77.25,2317.502,336020,"Beans, Dry, Great Northern, 675 (0% moisture)",4.4,24.7,1.42
0.0,0.0,0.0,0,0.0,21,2,1,1482.5,254.805,101.922,67.948,2038.44,2514743,"Beef, ground, 90% lean meat / 10% fat, raw",0.0,18.15625,12.85
0.0,0.0,0.0,0,0.0,36,3,0,1356.5,203.475,81.39,54.26,1627.8,2263400,ground flaxseed meal,0.0,0.0,41.48
0.0,0.0,0.0,0,0.0,22,3,1,1810.0,311.094,124.438,82.958,2488.75,321796,"Broccoli, Cooked, Region 2, n/a, Yes, Fiber - NFY01049U",2.2,0.0,0.0
0.0,0.0,0.0,0,0.0,21,2,1,1622.5,278.867,111.547,74.365,2230.941,335942,"Beans, Dry, Great Northern, 11F-8155 (0% moisture)",4.1,24.5,1.41
0.0,0.0,0.0,0,0.0,20,3,0,1207.75,181.162,72.465,48.31,1449.298,335318,"Beans, Dry, Navy, 11F-8143 (0% moisture)",4.5,26.3,1.22
0.0,0.0,0.0,0,0.0,21,3,0,1430.0,214.5,85.8,57.2,1716.0,332364,"Lunchmeat, ham - NFY1210Q3",0.0,0.0,3.02
0.0,0.0,0.0,0,0.0,27,3,0,1675.25,251.288,100.515,67.01,2010.302,326068,"Proximates, Cheese, swiss, slices (IN, NY) - 18c-16-01-Prox",0.0,0.0,30.5
0.0,0.0,0.0,0,0.0,36,3,0,1087.75,163.162,65.265,43.51,1305.298,335977,"Beans, Dry, Great Northern, 315 (0% moisture)",4.4,28.3,1.36
0.0,0.0,0.0,0,0.0,24,2,0,1650.0,247.5,99.0,66.0,1980.0,1104654,"FLOUR, SOY (DEFATTED)",0.0,0.0,3.44
0.0,0.0,0.0,0,0.0,20,3,0,1605.0,240.75,96.3,64.2,1926.0,1104647,"Garlic, raw",2.7,6.62,0.38
0.0,0.0,0.0,0,0.0,27,4,0,1770.0,265.5,106.2,70.8,2124.0,335908,"Beans, Dry, Black, 317 (0% moisture)",3.9,21.7,0.98
0.0,0.0,0.0,0,0.0,23,4,0,1374.0,206.1,82.44,54.96,1648.8,326196,"Kale, frozen, cooked, boiled, drained, without salt",0.0,2.94,1.21
0.0,0.0,0.0,0,0.0,67,3,0,1481.25,222.188,88.875,59.25,1777.502,335404,"Beans, Dry, Navy, 539 (0% moisture)",4.6,24.4,1.49
0.0,0.0,0.0,0,0.0,26,2,0,1337.75,200.662,80.265,53.51,1605.298,2264553,"grapes, green, seedless, fresh, raw",0.0,0.0,0.16
0.0,0.0,0.0,0,0.0,16,3,4,1757.5,417.406,166.962,111.308,3339.244,335130,"Proximates, Whole wheat bread, NATURES OWN (FL,NC) - NFY1204Q6",0.0,0.0,3.52
0.0,0.0,0.0,0,0.0,22,3,0,1250.25,187.538,75.015,50.01,1500.302,335429,"Beans, Dry, Carioca, 11F-8001 (0% moisture)",4.7,25.2,1.52
0.0,0.0,0.0,0,0.0,21,3,0,1661.25,249.188,99.675,66.45,1993.502,327824,"Romaine Lettuce, Pass 2, Region 2 - Fiber - NFY0105GN",1.7,0.0,0.0
0.0,0.0,0.0,0,0.0,34,3,0,1896.25,284.438,113.775,75.85,2275.502,335641,"Beans, Dry, Pinto, 420 (0% moisture)",4.0,23.1,1.15
0.0,0.0,0.0,0,0.0,22,3,0,1343.75,201.562,80.625,53.75,1612.498,324431,"Proximates, Pickles, kosher dill, spears, CLAUSEN (AL,CA1) - NFY120HNX",0.0,0.0,0.35
0.0,0.0,0.0,0,0.0,27,3,0,1681.25,252.188,100.875,67.25,2017.502,324679,"Proximates, Peanut butter, creamy, SKIPPY (CO,CT) - NFY120C7L",0.0,0.0,50.3
0.0,0.0,0.0,0,0.0,29,2,1,1822.5,313.242,125.297,83.531,2505.935,333132,"Proximates, Tomatoes, diced, canned, STORE BRAND, HYTOP PREMIUM QUALITY & AMERICAS CHOICE (CA1, NY) - NFY120AOK",0.0,0.0,0.12
0.0,0.0,0.0,0,0.0,19,3,0,1265.25,189.788,75.915,50.61,1518.302,332276,"Proximates, Sauce, pasta, HUNTS original, canned spaghetti sauce (FL1) - NFY0904ZX",0.0,0.0,1.02
0.0,0.0,0.0,0,0.0,22,2,1,1319.0,226.703,90.681,60.454,1813.622,333745,"Proximates, Tuna, canned, in water, drained solids,  CHICKEN OF THE SEA CHUNK LIGHT, IN WATER  (VA,CA1) - NFY090S2I",0.0,0.0,0.97
0.0,0.0,0.0,0,0.0,21,2,0,1320.25,198.038,79.215,52.81,1584.302,790774,"Bananas, overripe, raw",1.7,0.73,0.22
0.0,0.0,0.0,0,0.0,17,3,1,1465.25,251.84,100.736,67.157,2014.717,2003586,"Flour, 00",2.656,11.4,1.52
0.0,0.0,0.0,0,0.0,23,3,0,1703.75,255.562,102.225,68.15,2044.498,326230,"Carrots, sliced or crinkle cut, frozen, unprepared - Proximates - NF9913VW",0.0,0.0,0.26
0.0,0.0,0.0,0,0.0,25,3,0,2011.25,301.688,120.675,80.45,2413.502,331997,"Proximates, Sauce, pasta, RAGU Old World, bottled spaghetti sauce (NY1) - NFY0904RR",0.0,0.0,2.24
0.0,0.0,0.0,0,0.0,22,4,1,1301.5,223.695,89.478,59.652,1789.56,2514304,"amaranth, flour",0.0,0.0,3.17
0.0,0.0,0.0,0,0.0,22,3,0,1996.25,299.438,119.775,79.85,2395.502,324294,"TDF, Onion rings, frozen, ORE-IDA (FL,MO) - NFY1207BC",1.8,0.0,0.0
0.0,0.0,0.0,0,0.0,26,3,0,1505.25,225.788,90.315,60.21,1806.302,333294,"Proximates, Haddock, raw (CO) - NFY060CM8",0.0,0.0,0.44
0.0,0.0,0.0,0,0.0,49,3,0,1675.25,251.288,100.515,67.01,2010.302,335689,"Beans, Dry, Pinto, 329 (0% moisture)",3.8,22.1,1.55
0.0,0.0,0.0,0,0.0,27,2,1,1530.0,262.969,105.188,70.125,2103.753,335426,"Beans, Dry, Flor de Mayo, 443 (0% moisture)",3.9,23.4,0.87
0.0,0.0,0.0,0,0.0,30,3,0,1049.0,157.35,62.94,41.96,1258.8,323300,"CHEESE, RICOTTA, WHOLE MILK, GALBANI",0.0,0.0,11.2
0.0,0.0,0.0,0,0.0,25,2,1,1611.25,276.934,110.773,73.849,2215.469,328728,"Proximates, Cottage cheese, 2% milkfat, store brand/other brand, FRIENDSHIP & HORIZON ORGANIC (FL,IN) - NFY120BPV",0.0,0.0,2.11
0.0,0.0,0.0,0,0.0,24,3,0,1157.75,173.662,69.465,46.31,1389.298,336039,"Beans, Dry, Great Northern, 335 (0% moisture)",4.3,23.2,1.38
0.0,0.0,0.0,0,0.0,25,3,0,1878.75,281.812,112.725,75.15,2254.498,336058,"Beans, Dry, Great Northern, 693 (0% moisture)",4.4,24.8,1.19
0.0,0.0,0.0,0,0.0,33,4,0,1311.5,196.725,78.69,52.46,1573.8,331633,"Fat, Chicken, dark meat, lean only, thigh, raw, non-enhanced (CA2,NC1) - 14B-07-02-TotalFat",0.0,0.0,4.41
0.0,0.0,0.0,0,0.0,37,4,0,1718.75,257.812,103.125,68.75,2062.498,335527,"Beans, Dry, Pinto, 503 (0% moisture)",3.7,23.8,1.18
0.0,0.0,0.0,0,0.0,54,3,2,1415.0,274.156,109.663,73.108,2193.248,330868,"Protein, ash,& moisture, Ground turkey, 93% lean, 7% fat, patties, broiled (AL1) ",0.0,28.0,0.0
0.0,0.0,0.0,0,0.0,21,3,0,1252.75,187.912,75.165,50.11,1503.298,328068,"Proximates, Cheddar cheese, sliced, store brand, CRYSTAL FARMS & SHULLSBURG WISCONSIN (MO,NY) - NFY120DE3",0.0,0.0,33.4
0.0,0.0,0.0,0,0.0,22,4,0,1657.5,248.625,99.45,66.3,1989.0,327033,"Kiwi, Pass 2, Region 4, n/a, Yes, Proximates - NFY010BZU",0.0,0.0,0.25
0.0,0.0,0.0,0,0.0,20,3,0,1873.75,281.062,112.425,74.95,2248.498,335673,"Beans, Dry, Pinto, 390 (0% moisture)",3.9,22.3,1.17
0.0,0.0,0.0,0,0.0,24,3,0,1416.25,212.438,84.975,56.65,1699.502,2684443,"Crustaceans, shrimp, farm raised, raw",0.0,15.56875,0.8013
0.0,0.0,0.0,0,0.0,25,3,0,1471.25,220.688,88.275,58.85,1765.502,332168,"Proximates, Sauce, pasta, PREGO 100% Natural Italian, Traditional, bottled spaghetti sauce (MO1) - NFY0904WL",0.0,0.0,1.52
0.0,0.0,0.0,0,0.0,58,3,0,1280.25,192.038,76.815,51.21,1536.302,333532,"Proximates, Tuna, canned, in water, drained solids,  BUMBLEBEE CHUNK LIGHT, IN WATER  (IN,NY) - NFY090S0B",0.0,0.0,1.14
0.0,0.0,0.0,0,0.0,20,2,0,1906.25,285.938,114.375,76.25,2287.502,335396,"Beans, Dry, Navy, 521 (0% moisture)",4.4,26.7,1.57
0.0,0.0,0.0,0,0.0,40,3,0,1069.0,160.35,64.14,42.76,1282.8,335875,"Beans, Dry, Black, 545 (0% moisture)",3.8,24.4,1.38
0.0,0.0,0.0,0,0.0,29,2,1,1180.25,202.855,81.142,54.095,1622.843,333096,"Proximates, Tomatoes, diced, canned, DEL MONTE (MI, OK) - NFY120ANH",0.0,0.0,0.15
0.0,0.0,0.0,0,0.0,21,3,0,1781.25,267.188,106.875,71.25,2137.502,335000,"Proximates, Beef, T-Bone Steak, lean only, cooked, animal 30, upperchoice",0.0,27.0,15.0
0.0,0.0,0.0,0,0.0,22,3,0,1386.25,207.938,83.175,55.45,1663.502,336009,"Beans, Dry, Great Northern, 350 (0% moisture)",4.6,26.8,1.44
0.0,0.0,0.0,0,0.0,23,3,4,1551.25,368.422,147.369,98.246,2947.378,335641,"Beans, Dry, Pinto, 420 (0% moisture)",4.0,23.1,1.15
0.0,0.0,0.0,0,0.0,32,3,0,1395.0,209.25,83.7,55.8,1674.0,335505,"Beans, Dry, Pinto, 465 (0% moisture)",4.5,29.4,1.27
0.0,0.0,0.0,0,0.0,24,2,1,1297.75,223.051,89.22,59.48,1784.404,335420,"Beans, Dry, Light Red Kidney, 11F-8186 (0% moisture)",4.5,25.0,1.03
0.0,0.0,0.0,0,0.0,16,3,1,1672.25,287.418,114.967,76.645,2299.345,330106,"Proximates, Greek yogurt, DANNON OIKOS PLAIN NON-FAT (FL1,MO1) - NFY09116J",0.0,0.0,0.31
0.0,0.0,0.0,0,0.0,21,2,0,1551.25,232.688,93.075,62.05,1861.502,2258875,"peppers, bell, red, raw",0.0,0.0,0.0
0.0,0.0,0.0,0,0.0,26,4,0,1537.75,230.662,92.265,61.51,1845.298,324051,"BEEF BREAKFAST SAUSAGE, BANQUET BROWN N SERVE SAUSAGE LINKS",0.0,0.0,29.7
0.0,0.0,0.0,0,0.0,27,4,0,1741.25,261.188,104.475,69.65,2089.502,331501,"Fat, Chicken, dark meat, lean only, drumstick, braised, non-enhanced (FL1,MO1,NY1) - 14B-06-04-TotalFat",0.0,0.0,6.29
0.0,0.0,0.0,0,0.0,23,4,0,2012.5,301.875,120.75,80.5,2415.0,328807,"Proximates, Cottage cheese, 2% milkfat, store brand/other brand, KROGER & SAFEWAY (CA1,MI) - NFY120BQX",0.0,0.0,2.72
0.0,0.0,0.0,0,0.0,41,2,1,987.75,169.77,67.908,45.272,1358.16,325211,"Grapefruit juice, white, shelf stable - NFY1213US",0.0,0.0,0.5
0.0,0.0,0.0,0,0.0,58,3,4,1397.5,331.906,132.763,88.508,2655.248,335422,"Beans, Dry, Light Red Kidney (0% moisture)",4.5,25.0,1.03
0.0,0.0,0.0,0,0.0,22,2,0,1813.75,272.062,108.825,72.55,2176.498,335899,"Beans, Dry, Black, 528 (0% moisture)",4.0,25.9,1.42
0.0,0.0,0.0,0,0.0,36,3,0,1526.5,228.975,91.59,61.06,1831.8,335418,"Beans, Dry, Navy, 612 (0% moisture)",4.0,22.3,1.44
0.0,0.0,0.0,0,0.0,22,3,0,1596.25,239.438,95.775,63.85,1915.502,1756664,"SPINACH, BABY",0.0,0.0,0.73
0.0,0.0,0.0,0,0.0,42,3,0,1127.75,169.162,67.665,45.11,1353.298,327663,"Strawberries, Fresh, Pass 2, Region 4, n/a, Yes - Fiber, NFY010924",1.8,0.0,0.0
0.0,0.0,0.0,0,0.0,26,3,0,1496.25,224.438,89.775,59.85,1795.502,2004400,"Flour, Semolina, Coarse",4.04,0.0,0.0
0.0,0.0,0.0,0,0.0,21,2,0,1850.0,277.5,111.0,74.0,2220.0,332168,"Proximates, Sauce, pasta, PREGO 100% Natural Italian, Traditional, bottled spaghetti sauce (MO1) - NFY0904WL",0.0,0.0,1.52
0.0,0.0,0.0,0,0.0,21,2,0,1484.0,222.6,89.04,59.36,1780.8,323200,"Almonds, dry roasted, salted - NFY1213J8",10.7,0.0,0.0
0.0,0.0,0.0,0,0.0,21,2,0,1491.5,223.725,89.49,59.66,1789.8,2347131,"cream cheese, block, full fat",0.0,0.0,32.14
0.0,0.0,0.0,0,0.0,22,3,0,1210.25,181.538,72.615,48.41,1452.302,2006717,"mushrooms, crimini",0.0,0.0,0.29
0.0,0.0,0.0,0,0.0,23,3,2,1578.75,305.883,122.353,81.569,2447.065,335497,"Beans, Dry, Pinto, 11F-8083 (0% moisture)",4.2,23.7,1.32
0.0,0.0,0.0,0,0.0,22,3,0,1666.25,249.938,99.975,66.65,1999.502,321682,"Broccoli, Pass 2, Region 1, n/a, Yes, Proximates - NFY010CUE",0.0,0.0,0.37
0.0,0.0,0.0,0,0.0,23,3,1,1232.75,211.879,84.752,56.501,1695.033,2004804,"ORANGE JUICE, REFRIGERATED, NO PULP, NOT FORTIFIED",0.0,0.0,0.33
0.0,0.0,0.0,0,0.0,20,3,2,1219.0,236.181,94.473,62.982,1889.454,335818,"Beans, Dry, Black, 298 (0% moisture)",4.2,24.5,1.45
0.0,0.0,0.0,0,0.0,24,4,0,1515.0,227.25,90.9,60.6,1818.0,335519,"Beans, Dry, Pinto, 377 (0% moisture)",3.8,22.0,1.31
0.0,0.0,0.0,0,0.0,21,4,0,1362.75,204.412,81.765,54.51,1635.298,330007,"Proximates, Greek yogurt, DANNON OIKOS PLAIN NON-FAT (IN1,NY1) - NFY09114L",0.0,0.0,0.55
0.0,0.0,0.0,0,0.0,34,3,0,1456.25,218.438,87.375,58.25,1747.502,335740,"Beans, Dry, Small Red, 240 (0% moisture)",3.9,20.2,1.6
0.0,0.0,0.0,0,0.0,56,3,0,1329.0,199.35,79.74,53.16,1594.8,326377,"Carrots, sliced or crinkle cut, frozen, unprepared - Proximates - NF9913QP",0.0,0.0,0.46
0.0,0.0,0.0,0,0.0,28,4,1,1871.25,321.621,128.648,85.766,2572.97,2004065,"flour, spelt, whole grain",10.48,0.0,0.0
0.0,0.0,0.0,0,0.0,20,4,2,1500.25,290.673,116.269,77.513,2325.385,330608,"Total Fat, Ground turkey, 93% lean, 7% fat, patties, broiled (NC1)",0.0,0.0,13.0
0.0,0.0,0.0,0,0.0,40,3,0,1727.75,259.162,103.665,69.11,2073.298,331430,"Fat, Chicken, dark meat, lean only, thigh, raw, non-enhanced (FL1,MO1,NY1) - 14B-07-04-TotalFat",0.0,0.0,3.97
0.0,0.0,0.0,0,0.0,45,3,0,1638.75,245.812,98.325,65.55,1966.498,324451,"Proximates, Pickles, kosher dill, spears, store brand, HY VEE & PUBLIX (MO1,FL) - NFY120HQO",0.0,0.0,0.3
0.0,0.0,0.0,0,0.0,37,3,0,1981.25,297.188,118.875,79.25,2377.502,330365,"Proximates, Yogurt, Greek, strawberry, non-fat, CHOBANI (FL,MO) - NFY120OQ2",0.0,8.24,0.07
0.0,0.0,0.0,0,0.0,30,4,1,1439.0,247.328,98.931,65.954,1978.622,2684682,"shrimp, farm raised, raw, tail off, head off, shell removed, not deveined, 26/30 count",0.0,0.0,0.76
0.0,0.0,0.0,0,0.0,25,4,0,1586.25,237.938,95.175,63.45,1903.502,335890,"Beans, Dry, Black, 227 (0% moisture)",4.1,22.0,1.6
0.0,0.0,0.0,0,0.0,22,3,1,1160.25,199.418,79.767,53.178,1595.342,1750680,"SOY MILK, UNSWEETENED, PLAIN, SHELF STABLE",0.0,0.0,2.695
0.0,0.0,0.0,0,0.0,25,2,0,1350.0,202.5,81.0,54.0,1620.0,327860,"Romaine Lettuce, Region 2, n/a, Yes - Proximates - NFY0101R5",0.0,0.0,0.31
0.0,0.0,0.0,0,0.0,32,3,0,1306.5,195.975,78.39,52.26,1567.8,335826,"Beans, Dry, Black, 269 (0% moisture)",4.2,23.7,1.53
0.0,0.0,0.0,0,0.0,22,3,0,2013.75,302.062,120.825,80.55,2416.498,330854,"Total Fat, Ground turkey, 93% lean, 7% fat, patties, broiled (CT1)",0.0,0.0,12.2
0.0,0.0,0.0,0,0.0,22,2,0,1525.0,228.75,91.5,61.0,1830.0,335717,"Beans, Dry, Small Red, 798 (0% moisture)",4.2,25.4,1.37
0.0,0.0,0.0,0,0.0,20,3,1,1536.25,264.043,105.617,70.411,2112.339,324146,"BEEF BREAKFAST SAUSAGE, BANQUET BROWN N SERVE SAUSAGE LINKS, MAPLE FLAVOR",0.0,0.0,32.5
0.0,0.0,0.0,0,0.0,24,2,1,1479.0,254.203,101.681,67.788,2033.628,335964,"Beans, Dry, Great Northern, 11F-8138 (0% moisture)",4.2,24.4,1.1
0.0,0.0,0.0,0,0.0,28,3,0,1609.0,241.35,96.54,64.36,1930.8,335504,"Beans, Dry, Pinto, 11F-8189 (0% moisture)",4.2,21.8,0.94
0.0,0.0,0.0,0,0.0,22,2,0,1259.0,188.85,75.54,50.36,1510.8,330816,"Protein, ash,& moisture, Ground turkey, 93% lean, 7% fat, raw (CA2) ",0.0,19.7,0.0
0.0,0.0,0.0,0,0.0,21,2,0,1360.0,204.0,81.6,54.4,1632.0,335512,"Beans, Dry, Pinto, 696 (0% moisture)",3.9,21.6,1.3
0.0,0.0,0.0,0,0.0,22,3,1,1736.25,298.418,119.367,79.578,2387.342,332112,"Proximates, Sauce, pasta, PREGO 100% Natural Italian, Traditional, bottled spaghetti sauce (AL1) - NFY0904VF",0.0,0.0,1.38
0.0,0.0,0.0,0,0.0,22,4,2,1329.0,257.494,102.998,68.665,2059.953,321546,"Beans, snap, canned, drained - NFY1211YW",0.0,0.0,0.43
0.0,0.0,0.0,0,0.0,22,3,0,2095.0,314.25,125.7,83.8,2514.0,324313,"TDF, Onion rings, frozen, ALEXIA (AL,OK) - NFY12066R",2.5,0.0,0.0
0.0,0.0,0.0,0,0.0,19,3,4,1643.75,390.391,156.156,104.104,3123.124,335437,"Beans, Dry, Tan, 11F-8148 (0% moisture)",4.3,26.4,1.06
0.0,0.0,0.0,0,0.0,35,3,0,1372.75,205.912,82.365,54.91,1647.298,2003590,"Apple juice, with added vitamin C, from concentrate, shelf stable",0.0,0.0859375,0.2863
0.0,0.0,0.0,0,0.0,29,4,0,1512.75,226.912,90.765,60.51,1815.298,335250,"Beans, Dry, Pink, 11F-8197 (0% moisture)",4.3,24.4,1.15
0.0,0.0,0.0,0,0.0,21,2,0,1437.75,215.662,86.265,57.51,1725.298,324714,"Proximates, Peanut butter, creamy, SKIPPY (AL,CA1) - NFY120C6T",0.0,0.0,50.8
0.0,0.0,0.0,0,0.0,22,3,0,1326.5,198.975,79.59,53.06,1591.8,335367,"Beans, Dry, Navy, 241 (0% moisture)",4.4,26.6,1.33
0.0,0.0,0.0,0,0.0,22,3,0,1429.0,214.35,85.74,57.16,1714.8,335451,"Beans, Dry, Pinto, 11F-8012 (0% moisture)",4.3,27.1,1.18
0.0,0.0,0.0,0,0.0,23,3,0,1450.0,217.5,87.0,58.0,1740.0,323608,Egg whites,0.0,0.0,0.1
0.0,0.0,0.0,0,0.0,20,2,0,1719.0,257.85,103.14,68.76,2062.8,321796,"Broccoli, Cooked, Region 2, n/a, Yes, Fiber - NFY01049U",2.2,0.0,0.0
0.0,0.0,0.0,0,0.0,21,3,1,1372.75,235.941,94.377,62.918,1887.534,331807,"Fat, Chicken, dark meat, lean only, thigh, raw, enhanced (OK1,MI1) - 14B-07-06-TotalFat",0.0,0.0,3.8
0.0,0.0,0.0,0,0.0,31,3,0,1496.5,224.475,89.79,59.86,1795.8,327198,"Melons, cantaloupe, raw",0.8,0.82,0.18
0.0,0.0,0.0,0,0.0,23,2,0,1392.75,208.912,83.565,55.71,1671.298,2259794,"Yogurt, Greek, plain, whole milk",0.0,8.77888,4.394
0.0,0.0,0.0,0,0.0,22,3,1,1489.0,255.922,102.369,68.246,2047.378,335430,"Beans, Dry, Carioca, 11F-8104 (0% moisture)",4.4,24.7,1.33
0.0,0.0,0.0,0,0.0,25,3,0,1857.75,278.662,111.465,74.31,2229.298,335903,"Beans, Dry, Black, 753 (0% moisture)",4.4,25.8,1.31
0.0,0.0,0.0,0,0.0,33,2,0,1354.0,203.1,81.24,54.16,1624.8,331696,"Fat, Chicken, dark meat, lean only, drumstick, braised, non-enhanced (CA2,NC1) - 14B-06-02-TotalFat",0.0,0.0,6.19
0.0,0.0,0.0,0,0.0,35,3,0,1942.5,291.375,116.55,77.7,2331.0,335880,"Beans, Dry, Black, 288 (0% moisture)",4.2,24.4,1.44
0.0,0.0,0.0,0,0.0,18,2,1,1666.25,286.387,114.555,76.37,2291.098,326586,"TDF, Mustard, yellow, store brand, GREAT VALUE & GREAT VALUE (AL1,OK1) - NFY120I10",3.3,0.0,0.0
0.0,0.0,0.0,0,0.0,23,3,0,1462.75,219.412,87.765,58.51,1755.298,1105664,"Apples, granny smith, with skin, raw",2.5,0.27,0.14
0.0,0.0,0.0,0,0.0,20,2,0,1353.75,203.062,81.225,54.15,1624.498,328257,"Proximates, Cheese, cheddar, natural shredded sharp, KRAFT (AZ,IN,GA) - NFY120WTS",0.0,0.0,34.1
0.0,0.0,0.0,0,0.0,20,3,0,1117.75,167.662,67.065,44.71,1341.298,2644287,"Beans, cannellini, canned, sodium added, drained and rinsed",0.0,7.4125,1.169
0.0,0.0,0.0,0,0.0,29,3,2,2123.75,411.477,164.591,109.727,3291.815,324347,"Proximates, Pickles, kosher dill, spears, VLASIC (CO,CT) - NFY120HMM",0.0,0.0,0.4
0.0,0.0,0.0,0,0.0,23,3,0,1870.0,280.5,112.2,74.8,2244.0,335642,"Beans, Dry, Pinto, 795 (0% moisture)",4.1,23.3,1.21
0.0,0.0,0.0,0,0.0,22,3,0,1190.25,178.538,71.415,47.61,1428.302,2260177,"Yogurt, Greek, whole milk, plain",0.0,0.0,5.05
0.0,0.0,0.0,0,0.0,26,3,0,1967.5,295.125,118.05,78.7,2361.0,2687088,"tomatoes, whole, canned, solids and liquids, with salt added",0.74,0.0,0.0
0.0,0.0,0.0,0,0.0,21,2,2,1592.5,308.547,123.419,82.279,2468.375,334844,"Proximates, Beef, Boneless Top Loin steak, lean only, raw, animal 4, lowerchoice",0.0,22.4,7.41
0.0,0.0,0.0,0,0.0,44,4,0,1276.5,191.475,76.59,51.06,1531.8,335782,"Beans, Dry, Cranberry (0% moisture)",4.3,24.4,1.23
0.0,0.0,0.0,0,0.0,21,2,0,1993.75,299.062,119.625,79.75,2392.498,335357,"Beans, Dry, Navy, 771 (0% moisture)",4.3,24.2,1.51
0.0,0.0,0.0,0,0.0,24,4,0,1600.25,240.038,96.015,64.01,1920.302,321889,"Broccoli, Pass 2, Region 3, n/a, Yes, Proximates - NFY010D84",0.0,0.0,0.41
0.0,0.0,0.0,0,0.0,47,3,0,1604.0,240.6,96.24,64.16,1924.8,333639,"Proximates, Tuna, canned, in water, drained solids,  CHICKEN OF THE SEA CHUNK LIGHT, IN WATER  (VA,NC) - NFY090S2T",0.0,0.0,0.82
0.0,0.0,0.0,0,0.0,22,3,1,1607.5,276.289,110.516,73.677,2210.313,335757,"Beans, Dry, Small Red, 786 (0% moisture)",4.2,22.3,1.2
0.0,0.0,0.0,0,0.0,27,3,1,1785.0,306.797,122.719,81.812,2454.372,2006717,"mushrooms, crimini",0.0,0.0,0.29
0.0,0.0,0.0,0,0.0,57,3,0,1290.0,193.5,77.4,51.6,1548.0,321511,"Beans, snap, canned, drained - NFY1211Z9",0.0,0.0,0.43
0.0,0.0,0.0,0,0.0,22,3,0,1596.5,239.475,95.79,63.86,1915.8,334936,"Proximates, Beef, Top Round roast/steak, lean only, raw, animal 17, select",0.0,23.8,3.5
0.0,0.0,0.0,0,0.0,25,3,1,1788.75,307.441,122.977,81.984,2459.528,324157,"Sausage, breakfast sausage, beef, pre-cooked, unprepared",0.0,13.3,28.7
0.0,0.0,0.0,0,0.0,20,3,2,1530.25,296.486,118.594,79.063,2371.887,335369,"Beans, Dry, Navy, 234 (0% moisture)",4.2,22.4,1.64
0.0,0.0,0.0,0,0.0,35,3,0,1635.25,245.288,98.115,65.41,1962.302,323913,"TDF, Salsa, TOSTITOS CHUNKY, MEDIUM (AL,CA1) - NFY090KUO",2.0,0.0,0.0
0.0,0.0,0.0,0,0.0,25,3,0,1918.75,287.812,115.125,76.75,2302.498,324480,"Proximates, Pickles, kosher dill, spears, store brand, GREAT VALUE & GREAT VALUE (AL1,OK1) - NFY120HQD",0.0,0.0,0.36
0.0,0.0,0.0,0,0.0,23,2,0,1080.25,162.038,64.815,43.21,1296.302,335576,"Beans, Dry, Pinto, 639 (0% moisture)",3.9,21.5,1.31
0.0,0.0,0.0,0,0.0,30,3,0,1417.5,212.625,85.05,56.7,1701.0,323800,Salsa,0.0,0.0,0.3
0.0,0.0,0.0,0,0.0,39,3,0,1625.25,243.788,97.515,65.01,1950.302,2685568,"Squash, summer, green, zucchini, includes skin, raw",0.7525,0.984375,0.205
0.0,0.0,0.0,0,0.0,32,3,0,2015.0,302.25,120.9,80.6,2418.0,335754,"Beans, Dry, Small Red, 374 (0% moisture)",3.8,22.0,1.18
0.0,0.0,0.0,0,0.0,24,3,0,1122.75,168.412,67.365,44.91,1347.298,334844,"Proximates, Beef, Boneless Top Loin steak, lean only, raw, animal 4, lowerchoice",0.0,22.4,7.41
0.0,0.0,0.0,0,0.0,32,3,0,1343.75,201.562,80.625,53.75,1612.498,326230,"Carrots, sliced or crinkle cut, frozen, unprepared - Proximates - NF9913VW",0.0,0.0,0.26
0.0,0.0,0.0,0,0.0,50,3,0,1425.25,213.788,85.515,57.01,1710.302,335638,"Beans, Dry, Pinto, 692 (0% moisture)",3.9,20.7,1.55
0.0,0.0,0.0,0,0.0,22,4,0,1645.0,246.75,98.7,65.8,1974.0,320391,"Proximates, Beef, Eye of Round roast/steak, lean only, raw, animal 16, select",0.0,23.8,2.07
0.0,0.0,0.0,0,0.0,23,2,1,1558.75,267.91,107.164,71.443,2143.283,335459,"Beans, Dry, Pinto, 11F-8035 (0% moisture)",4.3,22.3,1.07
0.0,0.0,0.0,0,0.0,53,2,0,960.25,144.038,57.615,38.41,1152.302,324987,"Proximates, Parmesan cheese, grated, store brand/other brand, GREAT VALUE (AL,OK) - NFY120DTF",0.0,0.0,26.0
0.0,0.0,0.0,0,0.0,22,2,1,1455.0,250.078,100.031,66.688,2000.628,326348,"Carrots, whole, unprepared - Proximates - NF99146P",0.0,0.0,0.3
0.0,0.0,0.0,0,0.0,22,2,0,1536.25,230.438,92.175,61.45,1843.502,335917,"Beans, Dry, Small White, 272 (0% moisture)",4.4,26.3,1.48
0.0,0.0,0.0,0,0.0,35,2,0,1412.75,211.912,84.765,56.51,1695.298,335868,"Beans, Dry, Black, 215 (0% moisture)",4.0,23.7,2.0
0.0,0.0,0.0,0,0.0,20,4,0,1806.25,270.938,108.375,72.25,2167.502,335626,"Beans, Dry, Pinto, 738 (0% moisture)",3.8,21.6,1.29
0.0,0.0,0.0,0,0.0,23,3,0,1402.75,210.412,84.165,56.11,1683.298,2727589,"Juice, tart cherry, from concentrate, shelf-stable",0.0,0.1465625,0.0
0.0,0.0,0.0,0,0.0,30,3,0,1573.75,236.062,94.425,62.95,1888.498,330906,"Fat, Chicken, skin, raw, from drumsticks and thighs, non-enhanced (National) - 14B-01-01-TotalFat",0.0,0.0,44.2
0.0,0.0,0.0,0,0.0,21,2,1,1565.25,269.027,107.611,71.741,2152.221,335340,"Beans, Dry, Navy, 556 (0% moisture)",4.4,23.6,1.45
0.0,0.0,0.0,0,0.0,21,3,0,1820.0,273.0,109.2,72.8,2184.0,335134,"TDF, Whole wheat bread, NATURES OWN (FL,NC) - NFY1204QA",5.9,0.0,0.0
0.0,0.0,0.0,0,0.0,22,3,0,1239.0,185.85,74.34,49.56,1486.8,335408,"Beans, Dry, Navy, 565 (0% moisture)",4.4,23.9,1.52
0.0,0.0,0.0,0,0.0,22,3,2,1349.0,261.369,104.548,69.698,2090.95,328356,"Proximates, Cheese, cheddar, natural shredded sharp, store brand, SHOP RITE (IA,IN,NJ) - NFY120WUA",0.0,0.0,33.9
0.0,0.0,0.0,0,0.0,23,3,1,1890.0,324.844,129.938,86.625,2598.753,335679,"Beans, Dry, Pinto, 515 (0% moisture)",4.3,26.1,1.03
0.0,0.0,0.0,0,0.0,23,2,0,1314.0,197.1,78.84,52.56,1576.8,321745,"Broccoli, Region 4, n/a, Yes, Proximates - NFY0104CS",0.0,0.0,0.42
0.0,0.0,0.0,0,0.0,20,3,0,1227.75,184.162,73.665,49.11,1473.298,332012,"Proximates, Sauce, pasta, RAGU Old World, bottled spaghetti sauce (AL1) - NFY0904RX",0.0,0.0,1.98
0.0,0.0,0.0,0,0.0,24,3,0,2046.25,306.938,122.775,81.85,2455.502,334842,"Proximates, Beef, Boneless Top Loin steak, lean only, raw, animal 34, lowerchoice",0.0,22.6,4.63
0.0,0.0,0.0,0,0.0,24,4,0,1647.5,247.125,98.85,65.9,1977.0,330922,"Fat, Chicken, skin, raw, from drumsticks and thighs, non-enhanced (CO1,CT1,IN1) - 14B-01-03-TotalFat",0.0,0.0,43.3
0.0,0.0,0.0,0,0.0,22,3,0,1707.5,256.125,102.45,68.3,2049.0,327109,"Cantaloupe, raw, Region 4, n/a, Yes - Proximates,  NF0009I5, NF0009IS",0.0,0.0,0.23
0.0,0.0,0.0,0,0.0,18,2,0,1356.25,203.438,81.375,54.25,1627.502,335936,"Beans, Dry, Great Northern, 11F-8145 (0% moisture)",4.3,26.6,1.09
0.0,0.0,0.0,0,0.0,20,4,3,1688.75,364.137,145.655,97.103,2913.095,325329,"Peaches, raw, Region 1, n/a, Yes - Proximates,  NF00094C; NF000956",0.0,0.0,0.22
0.0,0.0,0.0,0,0.0,22,3,0,1396.25,209.438,83.775,55.85,1675.502,326982,"Kiwi, Region 3, n/a, Yes, Proximates  - NFY0100T4",0.0,0.0,0.11
0.0,0.0,0.0,0,0.0,24,2,0,1343.75,201.562,80.625,53.75,1612.498,326298,"Carrots, sliced or crinkle cut, frozen, unprepared - Proximates - NF9913T8",0.0,0.0,1.08
0.0,0.0,0.0,0,0.0,23,3,1,1571.25,270.059,108.023,72.016,2160.472,330499,"Protein, ash,& moisture, Ground turkey, 93% lean, 7% fat, raw (MI1) ",0.0,18.5,0.0
0.0,0.0,0.0,0,0.0,23,3,0,1783.75,267.562,107.025,71.35,2140.498,324209,"Proximates, Onion rings, frozen, ORE-IDA (CA1,CT) - NFY120696",0.0,0.0,12.6
0.0,0.0,0.0,0,0.0,23,2,0,1940.0,291.0,116.4,77.6,2328.0,335639,"Beans, Dry, Pinto, 506 (0% moisture)",4.2,27.8,1.33
0.0,0.0,0.0,0,0.0,20,4,0,1470.25,220.538,88.215,58.81,1764.302,332301,"Lunchmeat, ham - NFY1210NW",0.0,0.0,3.24
0.0,0.0,0.0,0,0.0,42,3,0,1224.0,183.6,73.44,48.96,1468.8,331375,"Fat, Chicken, dark meat, lean only, thigh, braised, non-enhanced (CO1,CT1) - 14B-09-03-TotalFat",0.0,0.0,8.76
0.0,0.0,0.0,0,0.0,21,2,0,1464.0,219.6,87.84,58.56,1756.8,335618,"Beans, Dry, Pinto, 809 (0% moisture)",4.0,25.3,0.98
0.0,0.0,0.0,0,0.0,56,3,0,1243.75,186.562,74.625,49.75,1492.498,334526,"Proximates, Chinese Restaurant, Fried Rice (No Meat) (CT) - NFY1209QS",0.0,0.0,1.97
0.0,0.0,0.0,0,0.0,35,4,0,2013.75,302.062,120.825,80.55,2416.498,2727587,"Juice, prune, shelf-stable",0.0,0.422625,0.0
0.0,0.0,0.0,0,0.0,23,4,0,1671.25,250.688,100.275,66.85,2005.502,333552,"Proximates, Tuna, canned, in water, drained solids,  BUMBLEBEE CHUNK LIGHT, IN WATER  (CO,CT) - NFY090S1C",0.0,0.0,1.27
0.0,0.0,0.0,0,0.0,24,2,0,1746.25,261.938,104.775,69.85,2095.502,327130,"Cantaloupe, Raw, Pass 2, Region 4, n/a, Yes, Proximates - NFY010CYB",0.0,0.0,0.32
0.0,0.0,0.0,0,0.0,22,3,0,1745.0,261.75,104.7,69.8,2094.0,335584,"Beans, Dry, Pinto, 751 (0% moisture)",3.9,23.3,1.1
0.0,0.0,0.0,0,0.0,58,3,0,1185.25,177.788,71.115,47.41,1422.302,330420,"Proximates, Oil, coconut, LOU ANA (NC) - NFY120PDN",0.0,0.0,99.2
0.0,0.0,0.0,0,0.0,24,3,1,1947.5,334.727,133.891,89.26,2677.812,335413,"Beans, Dry, Navy, 312 (0% moisture)",4.2,21.9,1.49
0.0,0.0,0.0,0,0.0,26,3,0,2058.75,308.812,123.525,82.35,2470.498,335299,"Beans, Dry, Pink, 701 (0% moisture)",4.0,23.4,1.17
0.0,0.0,0.0,0,0.0,22,3,0,1510.25,226.538,90.615,60.41,1812.302,2515568,"hazelnuts, raw",8.57,0.0,0.0
0.0,0.0,0.0,0,0.0,30,3,0,1916.25,287.438,114.975,76.65,2299.502,335207,"Proximates, Whole wheat bread, Store brand/other (FL,MO) - NFY1204S6",0.0,0.0,3.89
0.0,0.0,0.0,0,0.0,35,3,0,1681.25,252.188,100.875,67.25,2017.502,324157,"Sausage, breakfast sausage, beef, pre-cooked, unprepared",0.0,13.3,28.7
0.0,0.0,0.0,0,0.0,24,3,0,2006.25,300.938,120.375,80.25,2407.502,335311,"Beans, Dry, Navy, 11F-8027 (0% moisture)",4.4,25.6,1.4
0.0,0.0,0.0,0,0.0,22,3,0,2103.75,315.562,126.225,84.15,2524.498,324680,"TDF, Peanut butter, creamy, SKIPPY (CO,CT) - NFY120C7M",5.2,0.0,0.0
0.0,0.0,0.0,0,0.0,22,2,0,1085.25,162.788,65.115,43.41,1302.302,326582,"Proximates, Mustard, yellow, store brand, GREAT VALUE & GREAT VALUE (AL1,OK1) - NFY120I0W",0.0,0.0,2.8
0.0,0.0,0.0,0,0.0,25,2,0,1192.75,178.912,71.565,47.71,1431.298,321663,"Broccoli, Region 1, n/a, Yes, Fiber - NFY01047T",2.0,0.0,0.0
0.0,0.0,0.0,0,0.0,26,2,0,1217.75,182.662,73.065,48.71,1461.298,335490,"Beans, Dry, Pinto, 11F-8166 (0% moisture)",4.5,22.9,1.33
0.0,0.0,0.0,0,0.0,40,3,0,1750.0,262.5,105.0,70.0,2100.0,333335,"Proximates, Haddock, raw (AL) - NFY060COQ",0.0,0.0,0.46
0.0,0.0,0.0,0,0.0,33,3,0,1444.0,216.6,86.64,57.76,1732.8,320403,"Proximates, Beef, Eye of Round roast/steak, lean only, raw, animal 23, select",0.0,23.3,3.45
0.0,0.0,0.0,0,0.0,20,3,0,1170.25,175.538,70.215,46.81,1404.302,328441,"Proximates, Cheese, cheddar, mild, block/chunk KRAFT (PA,CA1,VA) - NFY120WW9",0.0,0.0,33.1
0.0,0.0,0.0,0,0.0,23,2,1,1900.0,326.562,130.625,87.083,2612.495,335567,"Beans, Dry, Pinto, 498 (0% moisture)",4.1,24.5,1.2
0.0,0.0,0.0,0,0.0,27,3,0,1612.75,241.912,96.765,64.51,1935.298,335245,"Beans, Dry, Dark Red Kidney (0% moisture)",4.3,25.9,1.31
0.0,0.0,0.0,0,0.0,21,2,0,1582.75,237.412,94.965,63.31,1899.298,326056,"Proximates, Cheese, swiss, slices (AL, CA1) - 18c-17-02-Prox",0.0,0.0,30.3
0.0,0.0,0.0,0,0.0,31,4,0,1494.0,224.1,89.64,59.76,1792.8,331538,"Fat, Chicken, skin, braised, from drumsticks and thighs, non-enhanced (AL1,CA1) - 14B-03-05-TotalFat",0.0,0.0,44.0
0.0,0.0,0.0,0,0.0,26,3,4,1565.0,371.688,148.675,99.117,2973.505,329163,"Proximates, Cheese, string (low-moisture, part-skim mozzarella), KRAFT (NE) - NFY120X42",0.0,0.0,20.5
0.0,0.0,0.0,0,0.0,25,3,0,1174.0,176.1,70.44,46.96,1408.8,325345,"Peaches, raw, Region 3, n/a, Yes - Proximates,",0.0,0.0,0.18
0.0,0.0,0.0,0,0.0,25,3,0,1424.0,213.6,85.44,56.96,1708.8,331829,"Fat, Chicken, dark meat, lean only, thigh, roasted, enhanced (OK1,MI1) - 14B-08-06-TotalFat",0.0,0.0,7.2
0.0,0.0,0.0,0,0.0,25,2,0,1871.25,280.688,112.275,74.85,2245.502,335922,"Beans, Dry, Small White, 549 (0% moisture)",4.3,24.8,1.24
0.0,0.0,0.0,0,0.0,58,2,1,1026.5,176.43,70.572,47.048,1411.44,335414,"Beans, Dry, Navy, 551 (0% moisture)",4.3,22.7,1.53
0.0,0.0,0.0,0,0.0,49,2,0,1039.0,155.85,62.34,41.56,1246.8,335749,"Beans, Dry, Small Red, 755 (0% moisture)",4.0,22.0,1.18
0.0,0.0,0.0,0,0.0,21,2,1,1384.0,237.875,95.15,63.433,1902.997,336033,"Beans, Dry, Great Northern, 519 (0% moisture)",4.4,25.2,1.29
0.0,0.0,0.0,0,0.0,46,3,2,1737.5,336.641,134.656,89.771,2693.127,332231,"Proximates, Sauce, pasta, HUNTS original, canned spaghetti sauce (AL1) - NFY0904YX",0.0,0.0,0.82
0.0,0.0,0.0,0,0.0,22,3,3,1567.5,337.992,135.197,90.131,2703.935,321546,"Beans, snap, canned, drained - NFY1211YW",0.0,0.0,0.43
0.0,0.0,0.0,0,0.0,29,2,0,1741.25,261.188,104.475,69.65,2089.502,334198,"Proximates, Sugar, Granulated, White, store brand (CA2, NC1, OK1) - NFY040XER",0.0,0.0,0.33
0.0,0.0,0.0,0,0.0,41,2,1,1214.0,208.656,83.462,55.642,1669.25,1750338,"Almond milk, unsweetened, plain, shelf stable",0.0,0.5546875,1.221
0.0,0.0,0.0,0,0.0,22,2,4,1717.5,407.906,163.163,108.775,3263.251,328172,"Proximates, Cheddar cheese, sliced, store brand, GREAT VALUE DELI STYLE SLICED SHARP  (AL,OK) - NFY120DEK",0.0,0.0,33.5
0.0,0.0,0.0,0,0.0,22,3,0,1825.0,273.75,109.5,73.0,2190.0,326107,"Proximates, Cheese, swiss, slices (FL, MO) - 18c-17-05-Prox",0.0,0.0,32.0
0.0,0.0,0.0,0,0.0,55,2,0,1181.25,177.188,70.875,47.25,1417.502,325279,"Grapefruit juice, white, shelf stable - NFY1213TQ",0.0,0.0,0.72
0.0,0.0,0.0,0,0.0,23,2,0,1571.25,235.688,94.275,62.85,1885.502,331658,"Fat, Chicken, dark meat, lean only, thigh, braised, non-enhanced (CA2,NC1) - 14B-09-02-TotalFat",0.0,0.0,8.15
0.0,0.0,0.0,0,0.0,22,4,0,1199.0,179.85,71.94,47.96,1438.8,330833,"Protein, ash,& moisture, Ground turkey, 93% lean, 7% fat, patties, broiled (CA2) ",0.0,27.5,0.0
0.0,0.0,0.0,0,0.0,24,3,4,1249.0,296.638,118.655,79.103,2373.099,325705,"TDF, White bread, store brand, mixed composite (AL1,CA1) - NFY0907GL",1.8,0.0,0.0
0.0,0.0,0.0,0,0.0,22,4,0,1891.25,283.688,113.475,75.65,2269.502,335889,"Beans, Dry, Black, 562 (0% moisture)",4.2,22.3,1.63
0.0,0.0,0.0,0,0.0,23,3,0,1494.0,224.1,89.64,59.76,1792.8,335379,"Beans, Dry, Navy, 319 (0% moisture)",4.4,22.4,1.65
0.0,0.0,0.0,0,0.0,29,3,1,1731.25,297.559,119.023,79.349,2380.469,2747654,"Cod, Pacific or Alaskan, frozen, wild caught",0.0,14.2,0.216
0.0,0.0,0.0,0,0.0,22,2,2,1493.75,289.414,115.766,77.177,2315.313,325604,"ITALIAN PORK SAUSAGE, JOHNSONVILLE MILD, COOKED",0.0,0.0,25.8
0.0,0.0,0.0,0,0.0,28,3,0,1199.0,179.85,71.94,47.96,1438.8,333335,"Proximates, Haddock, raw (AL) - NFY060COQ",0.0,0.0,0.46
0.0,0.0,0.0,0,0.0,23,3,0,1832.5,274.875,109.95,73.3,2199.0,326372,"Carrots, sliced or crinkle cut, frozen, unprepared - Proximates - NF9913QG",0.0,0.0,0.92
0.0,0.0,0.0,0,0.0,21,2,2,1232.75,238.845,95.538,63.692,1910.76,326957,"Kiwi, Region 2, n/a, Yes, Proximates  - NFY0100S6",0.0,0.0,0.34
0.0,0.0,0.0,0,0.0,24,3,0,1467.75,220.162,88.065,58.71,1761.298,1756428,"SPINACH, REGULAR (MATURE)",1.49,0.0,0.0
0.0,0.0,0.0,0,0.0,21,3,0,1740.0,261.0,104.4,69.6,2088.0,335281,"Beans, Dry, Pink, 629 (0% moisture)",3.8,23.2,1.06
0.0,0.0,0.0,0,0.0,24,3,0,1775.0,266.25,106.5,71.0,2130.0,326789,"Figs, Dried, Pass 2, Region 2, n/a, Yes, Proximates - NFY010CEH",0.0,0.0,1.1
0.0,0.0,0.0,0,0.0,23,3,0,2010.0,301.5,120.6,80.4,2412.0,1750344,"Mushroom, lion's mane",0.0,2.5,0.2563
0.0,0.0,0.0,0,0.0,22,2,0,1845.0,276.75,110.7,73.8,2214.0,2710835,"Corn flour, masa harina, white or yellow, dry, raw",7.038,7.5625,4.34
0.0,0.0,0.0,0,0.0,28,3,0,1330.25,199.538,79.815,53.21,1596.302,324285,"Proximates, Onion rings, frozen, ORE-IDA (FL,MO) - NFY1206AE",0.0,0.0,12.6
0.0,0.0,0.0,0,0.0,17,2,3,1813.75,391.09,156.436,104.291,3128.723,790021,"FLOUR, WHOLE WHEAT (UNENRICHED) (ORGANIC)",0.0,0.0,2.5
0.0,0.0,0.0,0,0.0,24,2,4,1768.75,420.078,168.031,112.021,3360.625,325865,"TDF, White bread, SARA LEE SOFT AND SMOOTH CLASSIC WHOLE (AL1,CA1) - NFY0907PV",4.0,0.0,0.0
0.0,0.0,0.0,0,0.0,29,2,1,1850.0,317.969,127.188,84.792,2543.756,327501,"Oranges, raw, navels (Includes foods for USDA's Food Distribution Program)",2.0,0.91,0.15
0.0,0.0,0.0,0,0.0,22,3,0,1279.0,191.85,76.74,51.16,1534.8,330859,"Protein, ash,& moisture, Ground turkey, 93% lean, 7% fat, raw (AL1) ",0.0,17.8,0.0
0.0,0.0,0.0,0,0.0,43,3,0,1705.25,255.788,102.315,68.21,2046.302,790747,"BANANAS, OVERRIPE, MEDIUM SIZE",1.1,0.0,0.0
0.0,0.0,0.0,0,0.0,50,3,0,1720.25,258.037,103.215,68.81,2064.298,327089,"Cantaloupe, raw, Region 1, n/a, Yes - Proximates,  NF000980, NF00098U",0.0,0.0,0.18
0.0,0.0,0.0,0,0.0,28,3,4,1169.0,277.638,111.055,74.037,2221.105,334233,"Proximates, Sugar, Granulated, White, Name brand (AL1, CA1, MI1) - NFY040XEH",0.0,0.0,0.64
0.0,0.0,0.0,0,0.0,21,2,0,1165.25,174.788,69.915,46.61,1398.302,2515560,"pumpkin seeds (pepitas), raw",4.99,0.0,0.0
0.0,0.0,0.0,0,0.0,23,3,0,1205.25,180.788,72.315,48.21,1446.302,1750684,"ALMOND MILK, UNSWEETENED, PLAIN, SHELF STABLE",0.0,0.0,1.43
0.0,0.0,0.0,0,0.0,28,3,0,1625.0,243.75,97.5,65.0,1950.0,335947,"Beans, Dry, Great Northern, 11F-8093 (0% moisture)",4.4,24.4,1.2
0.0,0.0,0.0,0,0.0,48,3,0,1286.5,192.975,77.19,51.46,1543.8,2259219,"carrots, mature, raw",0.0,0.0,0.0
0.0,0.0,0.0,0,0.0,23,3,0,1928.75,289.312,115.725,77.15,2314.498,333639,"Proximates, Tuna, canned, in water, drained solids,  CHICKEN OF THE SEA CHUNK LIGHT, IN WATER  (VA,NC) - NFY090S2T",0.0,0.0,0.82
0.0,0.0,0.0,0,0.0,25,3,0,1988.75,298.312,119.325,79.55,2386.498,330906,"Fat, Chicken, skin, raw, from drumsticks and thighs, non-enhanced (National) - 14B-01-01-TotalFat",0.0,0.0,44.2
0.0,0.0,0.0,0,0.0,56,2,0,1229.0,184.35,73.74,49.16,1474.8,332179,"TDF, Sauce, pasta, PREGO 100% Natural Italian, Traditional, bottled spaghetti sauce (CO2,CT1) - NFY0904XU",2.0,0.0,0.0
0.0,0.0,0.0,0,0.0,22,3,0,1309.0,196.35,78.54,52.36,1570.8,335581,"Beans, Dry, Pinto, 511 (0% moisture)",4.0,25.1,1.02
0.0,0.0,0.0,0,0.0,48,3,0,1665.0,249.75,99.9,66.6,1998.0,335443,"Beans, Dry, Pinto, 11F-8006 (0% moisture)",4.6,23.8,1.23
0.0,0.0,0.0,0,0.0,21,3,0,1800.0,270.0,108.0,72.0,2160.0,320389,"Proximates, Beef, Eye of Round roast/steak, lean only, raw, animal 11, select",0.0,23.5,2.81
0.0,0.0,0.0,0,0.0,29,3,0,1550.25,232.538,93.015,62.01,1860.302,335037,"Proximates, Beef, T-Bone Steak, lean only, cooked, animal 3, lowerchoice",0.0,26.4,12.8
0.0,0.0,0.0,0,0.0,23,3,0,1611.25,241.688,96.675,64.45,1933.502,335987,"Beans, Dry, Great Northern, 392 (0% moisture)",4.3,23.9,1.12
0.0,0.0,0.0,0,0.0,23,3,1,1731.25,297.559,119.023,79.349,2380.469,2646170,"Chicken, breast, boneless, skinless, raw",0.0,22.525,1.934
0.0,0.0,0.0,0,0.0,48,3,0,1666.25,249.938,99.975,66.65,1999.502,331974,"TDF, Sauce, pasta, HUNTS original, canned spaghetti sauce (CO2,CT1) - NFY0904QU",1.9,0.0,0.0
0.0,0.0,0.0,0,0.0,28,4,0,1683.75,252.562,101.025,67.35,2020.498,335712,"Beans, Dry, Small Red, 11F-8056 (0% moisture)",4.0,23.6,1.34
0.0,0.0,0.0,0,0.0,25,4,0,1741.25,261.188,104.475,69.65,2089.502,335725,"Beans, Dry, Small Red, 769 (0% moisture)",4.2,24.8,1.22
0.0,0.0,0.0,0,0.0,22,3,0,2400.0,360.0,144.0,96.0,2880.0,335451,"Beans, Dry, Pinto, 11F-8012 (0% moisture)",4.3,27.1,1.18
0.0,0.0,0.0,0,0.0,62,3,0,1686.25,252.938,101.175,67.45,2023.502,332784,"Olives, Green Manzanilla - PA, NJ",0.0,0.0,12.6
0.0,0.0,0.0,0,0.0,20,2,0,1102.75,165.412,66.165,44.11,1323.298,335507,"Beans, Dry, Pinto, 435 (0% moisture)",3.9,23.2,1.04
0.0,0.0,0.0,0,0.0,39,4,0,1851.25,277.688,111.075,74.05,2221.502,325105,"Proximates, American cheese, pasteurized process, KRAFT DELI DELUXE - NFY090HKO",0.0,0.0,30.8
0.0,0.0,0.0,0,0.0,30,3,4,1756.25,417.109,166.844,111.229,3336.873,332282,"Sauce, pasta, spaghetti/marinara, ready-to-serve",1.8,1.41,1.48
0.0,0.0,0.0,0,0.0,28,3,0,1713.75,257.062,102.825,68.55,2056.498,2645945,"beans, kidney, dark red, canned, sodium added, sugar added",0.0,0.0,1.14
0.0,0.0,0.0,0,0.0,22,3,0,1566.5,234.975,93.99,62.66,1879.8,333601,"Proximates, Tuna, canned, in water, drained solids,  BUMBLEBEE CHUNK LIGHT, IN WATER  (MI,OK) - NFY090S1T",0.0,0.0,1.06
0.0,0.0,0.0,0,0.0,23,2,2,1932.5,374.422,149.769,99.846,2995.378,2684441,"Fish, salmon, Atlantic, farm raised, raw",0.0,20.31875,13.11
0.0,0.0,0.0,0,0.0,21,4,4,1192.75,283.278,113.311,75.541,2266.225,336030,"Beans, Dry, Great Northern, 689 (0% moisture)",4.4,23.2,1.33
0.0,0.0,0.0,0,0.0,28,2,4,1678.75,398.703,159.481,106.321,3189.625,335914,"Beans, Dry, Small White, 11F-8160 (0% moisture)",4.1,26.2,1.06
0.0,0.0,0.0,0,0.0,22,3,0,1537.5,230.625,92.25,61.5,1845.0,321793,"Broccoli, Cooked, Region 2, n/a, Yes, Proximates - NFY01049N",0.0,0.0,0.29
0.0,0.0,0.0,0,0.0,21,3,0,1365.25,204.788,81.915,54.61,1638.302,331375,"Fat, Chicken, dark meat, lean only, thigh, braised, non-enhanced (CO1,CT1) - 14B-09-03-TotalFat",0.0,0.0,8.76
0.0,0.0,0.0,0,0.0,21,3,0,1550.0,232.5,93.0,62.0,1860.0,335662,"Beans, Dry, Pinto, 807 (0% moisture)",4.3,25.1,1.15
0.0,0.0,0.0,0,0.0,23,3,0,1880.0,282.0,112.8,75.2,2256.0,334849,"Beef, loin, top loin steak, boneless, lip-on, separable lean only, trimmed to 1/8"" fat, choice, raw",0.0,22.8,6.39
0.0,0.0,0.0,0,0.0,24,2,1,1847.5,317.539,127.016,84.677,2540.313,336032,"Beans, Dry, Great Northern, 766 (0% moisture)",4.2,24.3,1.24
0.0,0.0,0.0,0,0.0,28,3,2,1676.25,324.773,129.909,86.606,2598.182,335894,"Beans, Dry, Black, 263 (0% moisture)",4.4,25.0,1.45
0.0,0.0,0.0,0,0.0,23,3,2,1374.0,266.213,106.485,70.99,2129.702,335714,"Beans, Dry, Small Red, 400 (0% moisture)",3.9,22.2,1.16
0.0,0.0,0.0,0,0.0,22,4,0,2360.0,354.0,141.6,94.4,2832.0,336033,"Beans, Dry, Great Northern, 519 (0% moisture)",4.4,25.2,1.29
0.0,0.0,0.0,0,0.0,22,3,0,1219.0,182.85,73.14,48.76,1462.8,332484,"Pears, Bartlett, Region 3, n/a, Yes, Fiber - NFY00009T",3.5,0.0,0.0
0.0,0.0,0.0,0,0.0,19,3,0,1254.0,188.1,75.24,50.16,1504.8,2259387,"peppers, bell, yellow, raw",0.0,0.0,0.14
0.0,0.0,0.0,0,0.0,29,3,1,1139.0,195.766,78.306,52.204,1566.124,2645897,"beans, cannellini, canned, sodium added",0.0,0.0,1.31
0.0,0.0,0.0,0,0.0,25,3,0,1650.0,247.5,99.0,66.0,1980.0,319934,Hummus - NFY12141F,5.4,0.0,0.0
0.0,0.0,0.0,0,0.0,22,2,0,1663.75,249.562,99.825,66.55,1996.498,324394,"Proximates, Pickles, kosher dill, spears, VLASIC (AL,CA1) - NFY120HLX",0.0,0.0,0.32
0.0,0.0,0.0,0,0.0,24,3,2,1615.0,312.906,125.163,83.442,2503.254,332026,"Proximates, Sauce, pasta, RAGU Old World, bottled spaghetti sauce (CO2) - NFY0904SL",0.0,0.0,2.02
0.0,0.0,0.0,0,0.0,23,2,1,1622.5,278.867,111.547,74.365,2230.941,333008,"Cookies, oatmeal, soft, with raisins",3.3,5.79,14.3
0.0,0.0,0.0,0,0.0,39,4,0,1671.25,250.688,100.275,66.85,2005.502,1105897,"Apples, fuji, with skin, raw",2.1,0.15,0.16
0.0,0.0,0.0,0,0.0,25,3,0,1234.0,185.1,74.04,49.36,1480.8,2710840,"Sorghum flour, white, pearled, unenriched, dry, raw",3.299,10.2125,3.238
0.0,0.0,0.0,0,0.0,43,4,0,1301.5,195.225,78.09,52.06,1561.8,329869,"Proximates, Greek yogurt, CHOBANI PLAIN NON-FAT (CA2,NC1) - NFY09110R",0.0,0.0,0.45
0.0,0.0,0.0,0,0.0,23,3,0,1436.5,215.475,86.19,57.46,1723.8,336052,"Beans, Dry, Great Northern, 741 (0% moisture)",4.3,23.5,1.12
0.0,0.0,0.0,0,0.0,20,4,0,1155.25,173.288,69.315,46.21,1386.302,335498,"Beans, Dry, Pinto, 11F-8126 (0% moisture)",4.6,24.2,1.05
0.0,0.0,0.0,0,0.0,29,3,0,1435.25,215.288,86.115,57.41,1722.302,335407,"Beans, Dry, Navy, 252 (0% moisture)",4.2,22.6,1.48
0.0,0.0,0.0,0,0.0,20,3,0,1373.75,206.062,82.425,54.95,1648.498,335758,"Beans, Dry, Small Red, 347 (0% moisture)",3.9,21.5,1.21
0.0,0.0,0.0,0,0.0,23,3,2,1526.5,295.759,118.304,78.869,2366.073,333910,"Proximates, Tuna, canned, in water, drained solids, store brand,  GREAT VALUE &  MIDWEST COUNTRY FARE (FL,MO) - NFY090S6Q",0.0,0.0,0.9
0.0,0.0,0.0,0,0.0,23,4,0,1790.0,268.5,107.4,71.6,2148.0,334516,"Proximates, Chinese Restaurant, Fried Rice (No Meat) (MO) - NFY1209R6",0.0,0.0,2.85
0.0,0.0,0.0,0,0.0,23,3,0,1624.0,243.6,97.44,64.96,1948.8,335335,"Beans, Dry, Navy, 261 (0% moisture)",4.3,22.8,1.59
0.0,0.0,0.0,0,0.0,23,3,0,1752.5,262.875,105.15,70.1,2103.0,333335,"Proximates, Haddock, raw (AL) - NFY060COQ",0.0,0.0,0.46
0.0,0.0,0.0,0,0.0,16,3,0,1277.75,191.662,76.665,51.11,1533.298,335473,"Beans, Dry, Pinto, 11F-8095 (0% moisture)",4.3,24.3,1.09
0.0,0.0,0.0,0,0.0,23,3,1,1690.0,290.469,116.188,77.458,2323.75,324465,"Proximates, Pickles, kosher dill, spears, store brand, SAFEWAY (CA1,CO1) - NFY120HPR",0.0,0.0,0.25
0.0,0.0,0.0,0,0.0,23,2,0,1511.25,226.688,90.675,60.45,1813.502,328807,"Proximates, Cottage cheese, 2% milkfat, store brand/other brand, KROGER & SAFEWAY (CA1,MI) - NFY120BQX",0.0,0.0,2.72
0.0,0.0,0.0,0,0.0,23,3,0,1354.0,203.1,81.24,54.16,1624.8,335604,"Beans, Dry, Pinto, 665 (0% moisture)",3.9,21.6,1.18
0.0,0.0,0.0,0,0.0,30,4,1,1306.5,224.555,89.822,59.881,1796.437,321673,"Broccoli, Region 1, n/a, Yes, Proximates - NFY01048F",0.0,0.0,0.41
0.0,0.0,0.0,0,0.0,22,3,0,1216.5,182.475,72.99,48.66,1459.8,335678,"Beans, Dry, Pinto, 781 (0% moisture)",4.0,23.4,1.2
0.0,0.0,0.0,0,0.0,37,4,1,1162.75,199.848,79.939,53.293,1598.785,335536,"Beans, Dry, Pinto, 657 (0% moisture)",4.0,24.7,1.33
0.0,0.0,0.0,0,0.0,24,3,1,1986.25,341.387,136.555,91.036,2731.092,333961,Tuna; chunk light; canned in water; drained solids,0.0,0.0,0.9
0.0,0.0,0.0,0,0.0,28,4,0,2178.75,326.812,130.725,87.15,2614.498,334489,"Proximates, Chinese Restaurant, Fried Rice (No Meat) (NC) - NFY1209QE",0.0,0.0,1.34
0.0,0.0,0.0,0,0.0,22,3,0,1956.25,293.438,117.375,78.25,2347.502,334318,"Proximates, Sweet And Sour Pork, Chinese restaurant (MI1,VA3) - NFY0903LR",0.0,0.0,16.0
0.0,0.0,0.0,0,0.0,25,2,1,1332.75,229.066,91.627,61.084,1832.528,321660,"Broccoli, Region 1, n/a, Yes, Proximates - NFY01047M",0.0,0.0,0.38
0.0,0.0,0.0,0,0.0,31,3,0,1400.0,210.0,84.0,56.0,1680.0,2710839,"Sorghum bran, white, unenriched, dry, raw",34.95,11.16875,9.259
0.0,0.0,0.0,0,0.0,22,2,1,1976.25,339.668,135.867,90.578,2717.342,335391,"Beans, Dry, Navy, 281 (0% moisture)",4.7,24.9,1.73
0.0,0.0,0.0,0,0.0,22,3,1,1737.5,298.633,119.453,79.635,2389.059,335316,"Beans, Dry, Navy, 11F-8179 (0% moisture)",4.5,23.2,1.2
0.0,0.0,0.0,0,0.0,39,4,0,1901.25,285.188,114.075,76.05,2281.502,335743,"Beans, Dry, Small Red, 797 (0% moisture)",3.9,20.8,1.62
0.0,0.0,0.0,0,0.0,20,2,0,1646.25,246.938,98.775,65.85,1975.502,333287,"Proximates, Haddock, raw (CT) - NFY060CMN",0.0,0.0,0.46
0.0,0.0,0.0,0,0.0,39,3,0,1648.75,247.312,98.925,65.95,1978.498,327839,"Romaine Lettuce, Region 1, n/a, Yes - Fiber - NFY0101QF",2.0,0.0,0.0
0.0,0.0,0.0,0,0.0,39,3,0,1850.0,277.5,111.0,74.0,2220.0,321611,"Beans, snap, green, canned, regular pack, drained solids",0.0,1.04,0.39
0.0,0.0,0.0,0,0.0,19,3,3,1615.0,348.234,139.294,92.862,2785.87,335829,"Beans, Dry, Black, 611 (0% moisture)",4.3,25.8,1.18
0.0,0.0,0.0,0,0.0,28,3,1,1777.5,305.508,122.203,81.469,2444.065,332122,"Proximates, Sauce, pasta, PREGO 100% Natural Italian, Traditional, bottled spaghetti sauce (NY1) - NFY0904V9",0.0,0.0,1.9
0.0,0.0,0.0,0,0.0,25,3,0,1630.0,244.5,97.8,65.2,1956.0,334298,"Proximates, Sweet And Sour Pork, Chinese restaurant (CA1,VA) - NFY0903J7",0.0,0.0,17.0
0.0,0.0,0.0,0,0.0,28,2,1,1887.5,324.414,129.766,86.51,2595.31,330106,"Proximates, Greek yogurt, DANNON OIKOS PLAIN NON-FAT (FL1,MO1) - NFY09116J",0.0,0.0,0.31
0.0,0.0,0.0,0,0.0,56,2,0,1219.0,182.85,73.14,48.76,1462.8,335252,"Beans, Dry, Pink, 11F-8084 (0% moisture)",4.4,25.3,1.35
0.0,0.0,0.0,0,0.0,21,2,0,1182.75,177.412,70.965,47.31,1419.298,335442,"Beans, Dry, Tan (0% moisture)",4.4,26.8,1.14
0.0,0.0,0.0,0,0.0,22,3,0,1828.75,274.312,109.725,73.15,2194.498,2646168,"Pork, loin, boneless, raw",0.0,21.11875,9.469
0.0,0.0,0.0,0,0.0,23,4,1,1588.75,273.066,109.227,72.818,2184.534,326107,"Proximates, Cheese, swiss, slices (FL, MO) - 18c-17-05-Prox",0.0,0.0,32.0
0.0,0.0,0.0,0,0.0,25,2,1,1578.75,271.348,108.539,72.359,2170.779,2714288,"Corn, sweet, yellow and white kernels, husked, kernels cut off, raw",3.8,0.0,0.0
0.0,0.0,0.0,0,0.0,24,2,0,1396.25,209.438,83.775,55.85,1675.502,2346400,"Beans, snap, green, raw",3.011,1.96875,0.275
0.0,0.0,0.0,0,0.0,22,2,0,1703.75,255.562,102.225,68.15,2044.498,335464,"Beans, Dry, Pinto, 11F-8159 (0% moisture)",4.4,23.9,1.36
0.0,0.0,0.0,0,0.0,33,4,0,1922.5,288.375,115.35,76.9,2307.0,335709,"Beans, Dry, Small Red, 11F-8161 (0% moisture)",4.5,25.7,1.28
0.0,0.0,0.0,0,0.0,22,4,0,1789.0,268.35,107.34,71.56,2146.8,336008,"Beans, Dry, Great Northern, 822 (0% moisture)",4.3,26.8,1.24
0.0,0.0,0.0,0,0.0,50,4,0,1194.0,179.1,71.64,47.76,1432.8,2006429,"mushrooms, king oyster",0.0,0.0,0.22
0.0,0.0,0.0,0,0.0,20,3,0,1269.0,190.35,76.14,50.76,1522.8,790646,"Onions, yellow, raw",1.9,0.83,0.05
0.0,0.0,0.0,0,0.0,49,3,0,1621.25,243.188,97.275,64.85,1945.502,335890,"Beans, Dry, Black, 227 (0% moisture)",4.1,22.0,1.6
0.0,0.0,0.0,0,0.0,60,2,0,1297.75,194.662,77.865,51.91,1557.298,335430,"Beans, Dry, Carioca, 11F-8104 (0% moisture)",4.4,24.7,1.33
0.0,0.0,0.0,0,0.0,52,3,0,1777.5,266.625,106.65,71.1,2133.0,335402,"Beans, Dry, Navy, 535 (0% moisture)",4.5,24.0,1.49
0.0,0.0,0.0,0,0.0,21,2,2,1455.25,281.955,112.782,75.188,2255.64,324987,"Proximates, Parmesan cheese, grated, store brand/other brand, GREAT VALUE (AL,OK) - NFY120DTF",0.0,0.0,26.0
0.0,0.0,0.0,0,0.0,24,3,0,1406.25,210.938,84.375,56.25,1687.502,2711711,"Plantains, black, overripe, peeled, raw",1.52,0.0,0.0
0.0,0.0,0.0,0,0.0,32,3,0,1354.0,203.1,81.24,54.16,1624.8,2263892,"Applesauce, unsweetened, with added vitamin C",0.0,0.2734375,0.1625
0.0,0.0,0.0,0,0.0,23,3,0,1803.75,270.562,108.225,72.15,2164.498,2727568,"Chicken, wing, meat and skin, raw",0.0,18.40625,10.64
0.0,0.0,0.0,0,0.0,32,3,0,1420.25,213.038,85.215,56.81,1704.302,335822,"Beans, Dry, Black, 244 (0% moisture)",4.2,24.9,1.6
0.0,0.0,0.0,0,0.0,23,4,0,1275.25,191.288,76.515,51.01,1530.302,326569,"TDF, Mustard, yellow, store brand, SAFEWAY & SAFEWAY (CA1,CO1) - NFY120I1O",5.2,0.0,0.0
0.0,0.0,0.0,0,0.0,37,3,0,1114.0,167.1,66.84,44.56,1336.8,335834,"Beans, Dry, Black, 221 (0% moisture)",4.1,25.3,1.68
0.0,0.0,0.0,0,0.0,29,2,1,1820.0,312.812,125.125,83.417,2502.501,335310,"Beans, Dry, Navy, 11F-8195 (0% moisture)",4.4,24.5,1.24
0.0,0.0,0.0,0,0.0,28,3,0,2196.25,329.438,131.775,87.85,2635.502,326507,"TDF, Mustard, yellow, FRENCHS CLASSIC (CO,CT) - NFY120HZI",4.5,0.0,0.0
0.0,0.0,0.0,0,0.0,52,3,0,1295.0,194.25,77.7,51.8,1554.0,324744,"TDF, Peanut butter, creamy, JIF (AL,CA1) - NFY120C97",6.1,0.0,0.0
0.0,0.0,0.0,0,0.0,29,3,0,1644.0,246.6,98.64,65.76,1972.8,330843,"Total Fat, Ground turkey, 93% lean, 7% fat, pan-broiled crumbles (CT1)",0.0,0.0,11.9
0.0,0.0,0.0,0,0.0,23,3,0,1222.75,183.412,73.365,48.91,1467.298,2003586,"Flour, 00",2.656,11.4,1.52
0.0,0.0,0.0,0,0.0,26,3,0,1567.75,235.162,94.065,62.71,1881.298,2349756,"Cherries, dark red, sweet, raw",0.0,0.0,0.0
0.0,0.0,0.0,0,0.0,22,2,0,1271.5,190.725,76.29,50.86,1525.8,329301,"Proximates, Cheese, string (low-moisture, part-skim mozzarella), FRIGO (AZ,VA) - NFY120X8K",0.0,0.0,20.3
0.0,0.0,0.0,0,0.0,37,3,0,1622.75,243.412,97.365,64.91,1947.298,332289,"Lunchmeat, ham - NFY1210OA",0.0,0.0,4.66
0.0,0.0,0.0,0,0.0,21,2,1,1722.5,296.055,118.422,78.948,2368.44,334894,"Proximates, Beef, Tenderloin Roast, lean only, cooked, animal 17, select",0.0,26.5,10.7
0.0,0.0,0.0,0,0.0,22,3,4,1395.0,331.312,132.525,88.35,2650.498,327457,"Oranges, Navel, Raw, Region 4, n/a, Yes, Proximates - NFY01042O",0.0,0.0,0.07
0.0,0.0,0.0,0,0.0,25,3,0,1730.0,259.5,103.8,69.2,2076.0,2727578,"Squash, pie pumpkin, peeled, seeded, raw",2.3,0.854375,0.0
0.0,0.0,0.0,0,0.0,27,3,0,1594.0,239.1,95.64,63.76,1912.8,335692,"Beans, Dry, Pinto, 705 (0% moisture)",3.8,23.8,1.14
0.0,0.0,0.0,0,0.0,48,3,0,1495.25,224.288,89.715,59.81,1794.302,2262074,"Almond butter, creamy",9.718,20.78734,53.04
0.0,0.0,0.0,0,0.0,24,3,2,1660.0,321.625,128.65,85.767,2573.003,2727571,"Bison, ground, raw",0.0,19.88125,8.88
0.0,0.0,0.0,0,0.0,23,3,0,1651.25,247.688,99.075,66.05,1981.502,330017,"Proximates, Greek yogurt, DANNON OIKOS PLAIN NON-FAT (MI1) - NFY091161",0.0,0.0,0.36
0.0,0.0,0.0,0,0.0,23,3,0,1978.75,296.812,118.725,79.15,2374.498,1104770,"FLOUR, RICE, BROWN (ORGANIC)",0.0,0.0,3.37
0.0,0.0,0.0,0,0.0,31,3,0,1381.5,207.225,82.89,55.26,1657.8,335665,"Beans, Dry, Pinto, 397 (0% moisture)",3.9,23.8,1.29
0.0,0.0,0.0,0,0.0,26,2,0,2275.0,341.25,136.5,91.0,2730.0,325871,"Bread, white, commercially prepared",2.3,9.43,3.59
0.0,0.0,0.0,0,0.0,23,3,0,1531.25,229.688,91.875,61.25,1837.502,790108,"FLOUR, BREAD, WHITE (ENRICHED) (UNBLEACHED) (ORGANIC)",0.0,0.0,1.6
0.0,0.0,0.0,0,0.0,21,3,1,1602.5,275.43,110.172,73.448,2203.44,335364,"Beans, Dry, Navy, 587 (0% moisture)",4.3,23.1,1.76
0.0,0.0,0.0,0,0.0,22,3,0,1257.75,188.662,75.465,50.31,1509.298,335666,"Beans, Dry, Pinto, 733 (0% moisture)",3.5,19.8,1.23
0.0,0.0,0.0,0,0.0,24,2,0,1125.25,168.788,67.515,45.01,1350.302,335808,"Beans, Dry, Black, 11F-8029 (0% moisture)",4.6,24.8,1.75
0.0,0.0,0.0,0,0.0,24,4,0,1860.0,279.0,111.6,74.4,2232.0,335250,"Beans, Dry, Pink, 11F-8197 (0% moisture)",4.3,24.4,1.15
0.0,0.0,0.0,0,0.0,23,3,0,1185.25,177.788,71.115,47.41,1422.302,335373,"Beans, Dry, Navy, 268 (0% moisture)",4.4,23.5,1.45
0.0,0.0,0.0,0,0.0,21,2,0,1352.75,202.912,81.165,54.11,1623.298,2003596,"Tomato juice, with added ingredients, from concentrate, shelf stable",0.0,0.859375,0.2875
0.0,0.0,0.0,0,0.0,23,2,0,1602.5,240.375,96.15,64.1,1923.0,326549,"Proximates, Mustard, yellow, FRENCHS CLASSIC (AL,CA1) - NFY120HYM",0.0,0.0,3.38
0.0,0.0,0.0,0,0.0,20,3,1,1267.75,217.895,87.158,58.105,1743.157,330843,"Total Fat, Ground turkey, 93% lean, 7% fat, pan-broiled crumbles (CT1)",0.0,0.0,11.9
0.0,0.0,0.0,0,0.0,22,4,0,1329.0,199.35,79.74,53.16,1594.8,327771,"Romaine Lettuce, Pass 2, Region 3 - Fiber - NFY0105HE",1.6,0.0,0.0
0.0,0.0,0.0,0,0.0,30,3,0,1401.5,210.225,84.09,56.06,1681.8,2727580,"Rutabaga, peeled, raw",2.9,0.8875,0.0
0.0,0.0,0.0,0,0.0,22,3,0,1726.25,258.938,103.575,69.05,2071.502,330744,"Protein, ash,& moisture, Ground turkey, 93% lean, 7% fat, raw (MO1) ",0.0,17.8,0.0
0.0,0.0,0.0,0,0.0,25,2,0,1684.0,252.6,101.04,67.36,2020.8,334640,"Proximates, Pupusas, Bean, flat stuffed corn biscuit (CA-AL,IL) - NFY0901VC",0.0,0.0,9.3
0.0,0.0,0.0,0,0.0,22,3,4,1187.75,282.091,112.836,75.224,2256.724,335467,"Beans, Dry, Pinto, 11F-8089 (0% moisture)",4.2,25.2,1.2
0.0,0.0,0.0,0,0.0,23,4,0,1362.75,204.412,81.765,54.51,1635.298,329970,"Proximates, Greek yogurt, CHOBANI PLAIN NON-FAT (MI1,OK1) - NFY09111Y",0.0,0.0,0.43
0.0,0.0,0.0,0,0.0,36,3,0,1394.0,209.1,83.64,55.76,1672.8,335373,"Beans, Dry, Navy, 268 (0% moisture)",4.4,23.5,1.45
0.0,0.0,0.0,0,0.0,30,3,0,1589.0,238.35,95.34,63.56,1906.8,335364,"Beans, Dry, Navy, 587 (0% moisture)",4.3,23.1,1.76
0.0,0.0,0.0,0,0.0,22,3,0,1906.25,285.938,114.375,76.25,2287.502,334542,"TDF, Tamale, Pork (NM) - NFY09029L",2.4,0.0,0.0
0.0,0.0,0.0,0,0.0,23,3,0,1112.75,166.912,66.765,44.51,1335.298,335553,"Beans, Dry, Pinto, 452 (0% moisture)",3.7,23.0,0.99
0.0,0.0,0.0,0,0.0,24,3,0,2095.0,314.25,125.7,83.8,2514.0,329763,"Proximates, Cheese, dry white, Queso seco, mixed composite (TX-HA, NV) - NFY0900AJ",0.0,0.0,24.8
0.0,0.0,0.0,0,0.0,24,3,0,2003.75,300.562,120.225,80.15,2404.498,2711585,"Plantains, yellow, ripe, peeled, raw",1.98,0.0,0.0
0.0,0.0,0.0,0,0.0,22,2,0,1463.75,219.562,87.825,58.55,1756.498,335362,"Beans, Dry, Navy, 589 (0% moisture)",4.3,22.8,1.65
0.0,0.0,0.0,0,0.0,22,2,1,1638.75,281.66,112.664,75.109,2253.277,2004828,"CRANBERRY JUICE, SHELF STABLE, FROM CONCENTRATE, NOT FORTIFIED",0.0,0.0,0.25
0.0,0.0,0.0,0,0.0,25,3,0,1501.25,225.188,90.075,60.05,1801.502,334521,"Proximates, Chinese Restaurant, Fried Rice (No Meat) (MI) - NFY1209RD",0.0,0.0,4.27
0.0,0.0,0.0,0,0.0,39,3,0,1300.25,195.038,78.015,52.01,1560.302,325750,"Proximates, White bread, store brand, KROGER BREAD (IN1) - NFY0907I7",0.0,0.0,2.3
0.0,0.0,0.0,0,0.0,25,3,0,1430.0,214.5,85.8,57.2,1716.0,335336,"Beans, Dry, Navy, 582 (0% moisture)",4.2,24.5,1.43
0.0,0.0,0.0,0,0.0,21,3,0,1710.0,256.5,102.6,68.4,2052.0,336006,"Beans, Dry, Great Northern, 790 (0% moisture)",4.2,26.8,1.16
0.0,0.0,0.0,0,0.0,22,3,1,1247.75,214.457,85.783,57.189,1715.661,328295,"Proximates, Cheese, cheddar, natural shredded sharp, store brand, sKROGER (CA2,KY,TX) - NFY120WUL",0.0,0.0,32.9
0.0,0.0,0.0,0,0.0,21,3,3,1793.75,386.777,154.711,103.141,3094.221,335382,"Beans, Dry, Navy, 313 (0% moisture)",4.4,25.7,1.68
0.0,0.0,0.0,0,0.0,21,3,0,1732.5,259.875,103.95,69.3,2079.0,331430,"Fat, Chicken, dark meat, lean only, thigh, raw, non-enhanced (FL1,MO1,NY1) - 14B-07-04-TotalFat",0.0,0.0,3.97
0.0,0.0,0.0,0,0.0,24,2,0,1319.0,197.85,79.14,52.76,1582.8,2515600,coconut flour,32.3,0.0,0.0
0.0,0.0,0.0,0,0.0,22,3,2,1605.0,310.969,124.388,82.925,2487.753,334844,"Proximates, Beef, Boneless Top Loin steak, lean only, raw, animal 4, lowerchoice",0.0,22.4,7.41
0.0,0.0,0.0,0,0.0,24,4,4,1616.25,383.859,153.544,102.362,3070.87,333315,"Proximates, Haddock, raw (FL) - NFY060CNH",0.0,0.0,0.47
0.0,0.0,0.0,0,0.0,22,3,2,1491.5,288.978,115.591,77.061,2311.825,2758975,"Rhubarb, stalk, raw",1.428,0.0,0.0
0.0,0.0,0.0,0,0.0,27,3,0,2123.75,318.562,127.425,84.95,2548.498,332786,"Olives, green, stuffed with pimentos - NFY1213QE",2.9,0.0,0.0
0.0,0.0,0.0,0,0.0,23,3,0,1104.0,165.6,66.24,44.16,1324.8,321358,"Hummus, commercial",5.4,7.35,17.1
0.0,0.0,0.0,0,0.0,22,2,2,1588.75,307.82,123.128,82.085,2462.557,328121,"Proximates, Cheddar cheese, sliced, store brand, SUNNYSIDE FARMS DELI STYLE SLICED MEDIUM (CA2) - NFY120DEV",0.0,0.0,34.9
0.0,0.0,0.0,0,0.0,21,2,1,1171.5,201.352,80.541,53.694,1610.818,2645777,"beans, chickpeas/garbanzos, dry",0.0,0.0,5.94
0.0,0.0,0.0,0,0.0,22,4,0,1179.0,176.85,70.74,47.16,1414.8,2710817,"Plantains, ripe, raw",2.125,1.15625,0.8933
0.0,0.0,0.0,0,0.0,20,2,0,1655.0,248.25,99.3,66.2,1986.0,330858,"Total Fat, Ground turkey, 93% lean, 7% fat, raw (AL1)",0.0,0.0,9.29
0.0,0.0,0.0,0,0.0,23,3,0,1512.5,226.875,90.75,60.5,1815.0,330794,"Protein, ash,& moisture, Ground turkey, 93% lean, 7% fat, raw (IN1) ",0.0,18.4,0.0
0.0,0.0,0.0,0,0.0,28,4,0,1630.25,244.538,97.815,65.21,1956.302,325804,"TDF, White bread, PEPPERIDGE FARMS (FL1,MO1) - NFY0907NN",2.3,0.0,0.0
0.0,0.0,0.0,0,0.0,29,3,0,1824.0,273.6,109.44,72.96,2188.8,331020,"Fat, Chicken, dark meat, lean only, drumstick, raw, non-enhanced (National) - 14B-04-01-TotalFat",0.0,0.0,3.81
0.0,0.0,0.0,0,0.0,28,3,0,1440.25,216.038,86.415,57.61,1728.302,331897,"Chicken, broilers or fryers, drumstick, meat only, cooked, braised",0.0,23.9,5.95
0.0,0.0,0.0,0,0.0,28,2,1,1778.75,305.723,122.289,81.526,2445.782,335367,"Beans, Dry, Navy, 241 (0% moisture)",4.4,26.6,1.33
0.0,0.0,0.0,0,0.0,25,2,0,1880.0,282.0,112.8,75.2,2256.0,333823,"Proximates, Tuna, canned, in water, drained solids, store brand,  AMERICAS CHOICE &  KROGER (IN,NY) - NFY090S5H",0.0,0.0,0.84
0.0,0.0,0.0,0,0.0,30,3,1,2018.75,346.973,138.789,92.526,2775.782,2747658,"Mahi mahi, frozen, wild caught",0.0,19.79375,0.3767
0.0,0.0,0.0,0,0.0,22,3,1,1897.5,326.133,130.453,86.969,2609.065,334813,"Proximates, Beef, Boneless Top Loin steak, lean only, raw, animal 32, upperchoice",0.0,22.3,2.33
0.0,0.0,0.0,0,0.0,21,3,0,1491.25,223.688,89.475,59.65,1789.502,321546,"Beans, snap, canned, drained - NFY1211YW",0.0,0.0,0.43
0.0,0.0,0.0,0,0.0,29,3,0,1908.75,286.312,114.525,76.35,2290.498,333110,"Proximates, Tomatoes, diced, canned, STORE BRAND, GREAT VALUE (AL, OK) - NFY120ANU",0.0,0.0,0.43
0.0,0.0,0.0,0,0.0,40,3,0,1686.25,252.938,101.175,67.45,2023.502,2261692,"Flour, almond, blanched",0.0,0.0,53.43
0.0,0.0,0.0,0,0.0,21,3,0,2081.25,312.188,124.875,83.25,2497.502,329730,"Proximates, Cheese, dry white, Queso seco, mixed composite (CA-LA, CA-SD) - NFY0900B6",0.0,0.0,23.8
0.0,0.0,0.0,0,0.0,24,4,2,1209.0,234.244,93.698,62.465,1873.953,1104647,"Garlic, raw",2.7,6.62,0.38
0.0,0.0,0.0,0,0.0,24,3,4,1757.5,417.406,166.962,111.308,3339.244,335571,"Beans, Dry, Pinto, 382 (0% moisture)",3.8,22.0,1.11
0.0,0.0,0.0,0,0.0,35,3,0,1958.75,293.812,117.525,78.35,2350.498,331518,"Fat, Chicken, skin, roasted, from drumsticks and thighs, non-enhanced (AL1,CA1) - 14B-02-05-TotalFat",0.0,0.0,44.5
0.0,0.0,0.0,0,0.0,22,2,1,1647.75,283.207,113.283,75.522,2265.658,328741,"Cholesterol & moisture, Cottage cheese, 2% milkfat, DAISY (MO,CT) - NFY120BPD",0.0,0.0,2.35
0.0,0.0,0.0,0,0.0,23,3,0,2011.25,301.688,120.675,80.45,2413.502,790761,"BANANAS, RIPE, MEDIUM SIZE",1.1,0.0,0.0
0.0,0.0,0.0,0,0.0,30,3,0,1866.25,279.938,111.975,74.65,2239.502,2747674,"Turnips, raw",1.915,0.953125,0.1188
0.0,0.0,0.0,0,0.0,46,4,0,1247.75,187.162,74.865,49.91,1497.298,321663,"Broccoli, Region 1, n/a, Yes, Fiber - NFY01047T",2.0,0.0,0.0
0.0,0.0,0.0,0,0.0,26,3,2,1886.25,365.461,146.184,97.456,2923.684,332791,"Olives, green, Manzanilla, stuffed with pimiento",4.0,1.15,12.9
0.0,0.0,0.0,0,0.0,49,2,0,1255.25,188.288,75.315,50.21,1506.302,2514448,"sorghum, flour",0.0,0.0,4.37
0.0,0.0,0.0,0,0.0,21,3,4,1743.75,414.141,165.656,110.438,3313.13,335086,"Proximates, Beef, Porterhouse Steak, lean only, raw, animal 11, select",0.0,22.9,5.43
0.0,0.0,0.0,0,0.0,20,4,0,1247.75,187.162,74.865,49.91,1497.298,335942,"Beans, Dry, Great Northern, 11F-8155 (0% moisture)",4.1,24.5,1.41
0.0,0.0,0.0,0,0.0,18,4,0,2066.25,309.938,123.975,82.65,2479.502,335828,"Beans, Dry, Black, 296 (0% moisture)",3.9,24.9,1.34
0.0,0.0,0.0,0,0.0,34,3,0,1366.25,204.938,81.975,54.65,1639.502,334316,"TDF, Sweet And Sour Pork, Chinese restaurant (MI1,VA3) - NFY0903LP",0.9,0.0,0.0
0.0,0.0,0.0,0,0.0,25,3,0,1703.75,255.562,102.225,68.15,2044.498,335680,"Beans, Dry, Pinto, 740 (0% moisture)",4.1,24.5,1.11
0.0,0.0,0.0,0,0.0,24,4,0,1420.25,213.038,85.215,56.81,1704.302,334521,"Proximates, Chinese Restaurant, Fried Rice (No Meat) (MI) - NFY1209RD",0.0,0.0,4.27
0.0,0.0,0.0,0,0.0,21,2,4,1295.25,307.622,123.049,82.032,2460.972,320448,"TOMATOES, GRAPE",0.0,0.0,0.7
0.0,0.0,0.0,0,0.0,28,3,1,1846.25,317.324,126.93,84.62,2538.596,2687126,"tomato, puree, canned, salt added",2.86,0.0,0.0
0.0,0.0,0.0,0,0.0,26,3,0,2048.75,307.312,122.925,81.95,2458.498,332622,"Olives, Green Manzanilla, Lindsay - IN, NC",0.0,0.0,12.5
0.0,0.0,0.0,0,0.0,23,3,1,1860.0,319.688,127.875,85.25,2557.502,323347,"CHEESE, RICOTTA, WHOLE MILK, POLLY-O",0.0,0.0,11.5
0.0,0.0,0.0,0,0.0,20,2,1,1603.75,275.645,110.258,73.505,2205.157,335800,"Beans, Dry, Black, 11F-8062 (0% moisture)",4.7,24.3,1.29
0.0,0.0,0.0,0,0.0,27,3,0,1621.25,243.188,97.275,64.85,1945.502,789893,"FLOUR, ALL PURPOSE (ENRICHED) (UNBLEACHED)",0.0,0.0,1.5
0.0,0.0,0.0,0,0.0,21,3,1,1812.5,311.523,124.609,83.073,2492.185,335528,"Beans, Dry, Pinto, 676 (0% moisture)",3.9,22.2,1.08
0.0,0.0,0.0,0,0.0,16,3,0,1189.0,178.35,71.34,47.56,1426.8,335648,"Beans, Dry, Pinto, 691 (0% moisture)",4.1,23.7,1.31
0.0,0.0,0.0,0,0.0,22,3,0,1371.5,205.725,82.29,54.86,1645.8,329730,"Proximates, Cheese, dry white, Queso seco, mixed composite (CA-LA, CA-SD) - NFY0900B6",0.0,0.0,23.8
0.0,0.0,0.0,0,0.0,27,4,1,2085.0,358.359,143.344,95.562,2866.87,333532,"Proximates, Tuna, canned, in water, drained solids,  BUMBLEBEE CHUNK LIGHT, IN WATER  (IN,NY) - NFY090S0B",0.0,0.0,1.14
0.0,0.0,0.0,0,0.0,45,2,1,1071.5,184.164,73.666,49.11,1473.31,790018,"Flour, wheat, all-purpose, unenriched, unbleached",3.0,12.0,1.7
0.0,0.0,0.0,0,0.0,23,4,3,2102.5,453.352,181.341,120.894,3626.818,335974,"Beans, Dry, Great Northern, 594 (0% moisture)",4.3,28.1,1.22
0.0,0.0,0.0,0,0.0,24,4,0,2257.5,338.625,135.45,90.3,2709.0,332105,"TDF, Sauce, pasta, PREGO 100% Natural Italian, Traditional, bottled spaghetti sauce (MI1,OK1) - NFY0904UU",1.8,0.0,0.0
0.0,0.0,0.0,0,0.0,20,3,0,1247.75,187.162,74.865,49.91,1497.298,332097,"TDF, Sauce, pasta, PREGO 100% Natural Italian, Traditional, bottled spaghetti sauce (FL1,MO1) - NFY0904UL",1.9,0.0,0.0
0.0,0.0,0.0,0,0.0,29,2,0,1404.0,210.6,84.24,56.16,1684.8,335927,"Beans, Dry, Small White (0% moisture)",4.3,24.5,1.32
0.0,0.0,0.0,0,0.0,46,3,0,1345.0,201.75,80.7,53.8,1614.0,335411,"Beans, Dry, Navy, 216 (0% moisture)",4.2,20.2,1.7
0.0,0.0,0.0,0,0.0,35,2,0,1402.75,210.412,84.165,56.11,1683.298,2644294,"Beans, great northern, canned, sodium added, drained and rinsed",0.0,7.03125,1.266
0.0,0.0,0.0,0,0.0,20,2,1,1387.75,238.52,95.408,63.605,1908.157,335725,"Beans, Dry, Small Red, 769 (0% moisture)",4.2,24.8,1.22
0.0,0.0,0.0,0,0.0,27,3,0,1394.0,209.1,83.64,55.76,1672.8,335015,"Proximates, Beef, T-Bone Steak, lean only, cooked, animal 20, lowerchoice",0.0,26.7,10.8
0.0,0.0,0.0,0,0.0,22,3,0,1975.0,296.25,118.5,79.0,2370.0,334494,"Proximates, Chinese Restaurant, Fried Rice (No Meat) (CA1) - NFY1209Q0",0.0,0.0,6.44
0.0,0.0,0.0,0,0.0,34,4,0,1795.0,269.25,107.7,71.8,2154.0,335798,"Beans, Dry, Black, 11F-8023 (0% moisture)",4.3,23.1,1.32
0.0,0.0,0.0,0,0.0,23,3,0,1319.0,197.85,79.14,52.76,1582.8,328792,"Proximates, Cottage cheese, 2% milkfat, store brand/other brand, KING SOOPERS & KRAFT (CO,CT) - NFY120BR7",0.0,0.0,2.19
0.0,0.0,0.0,0,0.0,27,3,0,1442.5,216.375,86.55,57.7,1731.0,330053,"Proximates, Greek yogurt, DANNON OIKOS PLAIN NON-FAT (AL1,CA1) - NFY091150",0.0,0.0,0.23
0.0,0.0,0.0,0,0.0,23,3,2,1680.0,325.5,130.2,86.8,2604.0,334886,"Proximates, Beef, Tenderloin Roast, lean only, cooked, animal 35, select",0.0,26.5,6.29
0.0,0.0,0.0,0,0.0,22,2,0,1359.0,203.85,81.54,54.36,1630.8,335827,"Beans, Dry, Black, 566 (0% moisture)",4.2,24.3,1.45
0.0,0.0,0.0,0,0.0,25,2,0,1691.25,253.688,101.475,67.65,2029.502,1750346,"Mushrooms, shiitake",0.0,2.414375,0.195
0.0,0.0,0.0,0,0.0,25,3,0,1751.25,262.688,105.075,70.05,2101.502,2644285,"Beans, black, canned, sodium added, drained and rinsed",0.0,6.9125,1.273
0.0,0.0,0.0,0,0.0,21,2,1,1052.75,180.941,72.377,48.251,1447.531,2747664,"Radicchio, raw",2.114,1.30875,0.1431
0.0,0.0,0.0,0,0.0,23,4,1,1643.75,282.52,113.008,75.339,2260.163,326458,"Carrots, frozen, unprepared (Includes foods for USDA's Food Distribution Program)",3.2,0.81,0.47
0.0,0.0,0.0,0,0.0,21,3,0,1262.75,189.412,75.765,50.51,1515.298,334212,"Proximates, Sugar, Granulated, White, Name brand (CO2, CT1, IN1) - NFY040XDX",0.0,0.0,0.19
0.0,0.0,0.0,0,0.0,22,2,0,1505.0,225.75,90.3,60.2,1806.0,747725,"Eggs, whole",0.0,0.0,9.82
0.0,0.0,0.0,0,0.0,43,4,1,1802.5,309.805,123.922,82.615,2478.443,330816,"Protein, ash,& moisture, Ground turkey, 93% lean, 7% fat, raw (CA2) ",0.0,19.7,0.0
0.0,0.0,0.0,0,0.0,23,3,1,1702.5,292.617,117.047,78.031,2340.935,335677,"Beans, Dry, Pinto, 381 (0% moisture)",4.1,21.9,1.24
0.0,0.0,0.0,0,0.0,21,2,0,1027.75,154.162,61.665,41.11,1233.298,326826,"Mission Figs, Dried, Region 4, n/a, No, Proximates  - NFY",0.0,0.0,0.69
0.0,0.0,0.0,0,0.0,23,3,1,1610.0,276.719,110.688,73.792,2213.756,328868,"Proximates, Mozzarella cheese, low-moisture, part-skim, SARGENTO (CA2,NC) - NFY120DGV",0.0,0.0,20.3
0.0,0.0,0.0,0,0.0,20,3,0,1140.25,171.038,68.415,45.61,1368.302,2644292,"Beans, pinto, canned, sodium added, drained and rinsed",0.0,6.69375,1.266
0.0,0.0,0.0,0,0.0,18,3,2,1416.25,274.398,109.759,73.173,2195.185,335376,"Beans, Dry, Navy, 719 (0% moisture)",4.0,21.3,1.33
0.0,0.0,0.0,0,0.0,28,3,0,1457.5,218.625,87.45,58.3,1749.0,335994,"Beans, Dry, Great Northern, 780 (0% moisture)",4.5,26.6,1.33
0.0,0.0,0.0,0,0.0,27,3,0,1338.75,200.812,80.325,53.55,1606.498,335881,"Beans, Dry, Black, 572 (0% moisture)",4.2,25.8,1.33
0.0,0.0,0.0,0,0.0,58,2,0,1329.0,199.35,79.74,53.16,1594.8,328807,"Proximates, Cottage cheese, 2% milkfat, store brand/other brand, KROGER & SAFEWAY (CA1,MI) - NFY120BQX",0.0,0.0,2.72
0.0,0.0,0.0,0,0.0,24,3,0,2106.25,315.938,126.375,84.25,2527.502,335819,"Beans, Dry, Black, 533 (0% moisture)",4.2,23.4,1.45
0.0,0.0,0.0,0,0.0,23,3,0,1732.5,259.875,103.95,69.3,2079.0,334712,"TDF, Pupusas, Bean, flat stuffed corn biscuit (MD,NM) - NFY0901WQ",5.4,0.0,0.0
0.0,0.0,0.0,0,0.0,29,3,0,1451.25,217.688,87.075,58.05,1741.502,334676,"Proximates, Pupusas, Bean, flat stuffed corn biscuit (TX-TR) - NFY0901VT",0.0,0.0,5.08
0.0,0.0,0.0,0,0.0,23,3,0,1242.75,186.412,74.565,49.71,1491.298,323979,"Proximates, Salsa, PACE CHUNKY, MEDIUM (IN,NY) - NFY090KWU",0.0,0.0,0.2
0.0,0.0,0.0,0,0.0,27,4,0,1735.25,260.287,104.115,69.41,2082.298,2747663,"Peppers, serrano, seeded, raw",2.521,0.855625,0.1406
0.0,0.0,0.0,0,0.0,23,4,0,1652.75,247.912,99.165,66.11,1983.298,335485,"Beans, Dry, Pinto, 11F-8037 (0% moisture)",4.3,20.6,1.49
0.0,0.0,0.0,0,0.0,18,3,0,1375.25,206.288,82.515,55.01,1650.302,329931,"Proximates, Greek yogurt, CHOBANI PLAIN NON-FAT (CO1,CT1) - NFY091116",0.0,0.0,0.26
0.0,0.0,0.0,0,0.0,23,3,0,1398.75,209.812,83.925,55.95,1678.498,327023,"Kiwi, Pass 2, Region 3, n/a, Yes, Proximates - NFY010BZD",0.0,0.0,0.19
0.0,0.0,0.0,0,0.0,18,3,0,1217.75,182.662,73.065,48.71,1461.298,335046,"Proximates, Beef, T-Bone Steak, lean only, cooked, animal 8, lowerchoice",0.0,28.5,7.44
0.0,0.0,0.0,0,0.0,41,3,0,1550.25,232.538,93.015,62.01,1860.302,323127,Almonds dry roasted salted,0.0,0.0,59.6
0.0,0.0,0.0,0,0.0,24,3,1,1527.5,262.539,105.016,70.01,2100.31,325722,"Proximates, White bread, store brand, FOOD WORLD SANDWICH BREAD (AL1) - NFY0907IT",0.0,0.0,2.9
0.0,0.0,0.0,0,0.0,22,3,1,1610.25,276.762,110.705,73.803,2214.095,1104779,"FLOUR, RICE, BROWN",0.0,0.0,4.68
0.0,0.0,0.0,0,0.0,21,3,1,1971.25,338.809,135.523,90.349,2710.469,335461,"Beans, Dry, Pinto, 11F-8048 (0% moisture)",4.6,25.6,1.16
0.0,0.0,0.0,0,0.0,18,4,0,1547.75,232.162,92.865,61.91,1857.298,326327,"Carrots, whole, unprepared - Proximates - NF99143A",0.0,0.0,0.35
0.0,0.0,0.0,0,0.0,30,3,0,1139.0,170.85,68.34,45.56,1366.8,335507,"Beans, Dry, Pinto, 435 (0% moisture)",3.9,23.2,1.04
0.0,0.0,0.0,0,0.0,24,2,0,1317.75,197.662,79.065,52.71,1581.298,330304,"Proximates, Yogurt, Greek, strawberry, non-fat, CHOBANI (MI,OK) - NFY120OQI",0.0,8.36,0.07
0.0,0.0,0.0,0,0.0,26,2,0,1815.0,272.25,108.9,72.6,2178.0,324434,"TDF, Pickles, kosher dill, spears, CLAUSEN (AL,CA1) - NFY120HO0",1.1,0.0,0.0
0.0,0.0,0.0,0,0.0,17,3,4,1520.0,361.0,144.4,96.267,2888.003,335685,"Beans, Dry, Pinto, 372 (0% moisture)",3.8,22.0,1.46
0.0,0.0,0.0,0,0.0,25,3,0,2100.0,315.0,126.0,84.0,2520.0,2003590,"Apple juice, with added vitamin C, from concentrate, shelf stable",0.0,0.0859375,0.2863
0.0,0.0,0.0,0,0.0,29,3,0,1861.25,279.188,111.675,74.45,2233.502,335442,"Beans, Dry, Tan (0% moisture)",4.4,26.8,1.14
0.0,0.0,0.0,0,0.0,23,3,2,1571.25,304.43,121.772,81.181,2435.437,331404,"Fat, Chicken, skin, roasted, from drumsticks and thighs, non-enhanced (FL1,MO1,NY1) - 14B-02-04-TotalFat",0.0,0.0,47.6
0.0,0.0,0.0,0,0.0,23,3,0,1321.25,198.188,79.275,52.85,1585.502,1752851,"APPLES, FUJI, WITH SKIN, RAW",0.0,0.0,0.1
0.0,0.0,0.0,0,0.0,49,3,0,1025.25,153.788,61.515,41.01,1230.302,323800,Salsa,0.0,0.0,0.3
0.0,0.0,0.0,0,0.0,27,3,0,1204.0,180.6,72.24,48.16,1444.8,335533,"Beans, Dry, Pinto, 366 (0% moisture)",4.0,23.7,1.52
0.0,0.0,0.0,0,0.0,16,4,0,1359.0,203.85,81.54,54.36,1630.8,332016,"Proximates, Sauce, pasta, RAGU Old World, bottled spaghetti sauce (CA2) - NFY0904S9",0.0,0.0,2.14
0.0,0.0,0.0,0,0.0,22,2,0,1556.25,233.438,93.375,62.25,1867.502,324956,"Proximates, Parmesan cheese, grated, KRAFT 100% (MI,OK) - NFY120DSK",0.0,0.0,27.9
0.0,0.0,0.0,0,0.0,55,3,0,1551.5,232.725,93.09,62.06,1861.8,335130,"Proximates, Whole wheat bread, NATURES OWN (FL,NC) - NFY1204Q6",0.0,0.0,3.52
0.0,0.0,0.0,0,0.0,30,4,0,1956.25,293.438,117.375,78.25,2347.502,335694,"Beans, Dry, Pinto, 630 (0% moisture)",3.7,21.5,1.16
0.0,0.0,0.0,0,0.0,47,3,0,1654.0,248.1,99.24,66.16,1984.8,2758975,"Rhubarb, stalk, raw",1.428,0.0,0.0
0.0,0.0,0.0,0,0.0,17,3,1,1670.0,287.031,114.812,76.542,2296.25,335813,"Beans, Dry, Black, 11F-8140 (0% moisture)",4.8,26.3,1.14
0.0,0.0,0.0,0,0.0,29,3,0,1871.25,280.688,112.275,74.85,2245.502,330077,"Proximates, Greek yogurt, FAGE PLAIN NONFAT (CA2,NC1) - NFY091149",0.0,0.0,0.33
0.0,0.0,0.0,0,0.0,37,4,0,1871.25,280.688,112.275,74.85,2245.502,335451,"Beans, Dry, Pinto, 11F-8012 (0% moisture)",4.3,27.1,1.18
0.0,0.0,0.0,0,0.0,22,3,0,1282.75,192.412,76.965,51.31,1539.298,335115,"Proximates, Whole wheat bread, Store brand/other (IN,NY) - NFY1204QM",0.0,0.0,3.4
0.0,0.0,0.0,0,0.0,25,3,0,1552.75,232.912,93.165,62.11,1863.298,2263892,"Applesauce, unsweetened, with added vitamin C",0.0,0.2734375,0.1625
0.0,0.0,0.0,0,0.0,22,3,2,1111.5,215.353,86.141,57.427,1722.819,330949,"Fat, Chicken, skin, braised, from drumsticks and thighs, non-enhanced (National) - 14B-03-01-TotalFat",0.0,0.0,45.2
0.0,0.0,0.0,0,0.0,39,2,1,1224.0,210.375,84.15,56.1,1683.0,333580,"Proximates, Tuna, canned, in water, drained solids,  BUMBLEBEE CHUNK LIGHT, IN WATER  (AL,CA1) - NFY090S0S",0.0,0.0,1.26
0.0,0.0,0.0,0,0.0,25,3,2,1655.0,320.656,128.263,85.508,2565.248,746773,"Pears, raw, bartlett",3.1,0.38,0.16
0.0,0.0,0.0,0,0.0,35,3,0,1461.25,219.188,87.675,58.45,1753.502,325255,"Grapefruit juice, white, shelf stable - NFY1213T5",0.0,0.0,0.43
0.0,0.0,0.0,0,0.0,22,2,4,1830.0,434.625,173.85,115.9,3477.0,1752851,"APPLES, FUJI, WITH SKIN, RAW",0.0,0.0,0.1
0.0,0.0,0.0,0,0.0,20,3,0,1666.25,249.938,99.975,66.65,1999.502,319915,Hummus - NFY12140Q,5.7,0.0,0.0
0.0,0.0,0.0,0,0.0,39,3,0,1680.0,252.0,100.8,67.2,2016.0,2646169,"Pork, loin, tenderloin, boneless, raw",0.0,21.58125,3.899
0.0,0.0,0.0,0,0.0,25,2,0,1580.0,237.0,94.8,63.2,1896.0,335886,"Beans, Dry, Black, 395 (0% moisture)",4.1,22.2,1.72
0.0,0.0,0.0,0,0.0,15,3,0,1741.25,261.188,104.475,69.65,2089.502,746764,"Carrots, frozen, unprepared",3.2,0.81,0.47
0.0,0.0,0.0,0,0.0,18,3,0,1363.75,204.562,81.825,54.55,1636.498,2346401,"Potatoes, russet, without skin, raw",0.0,2.27375,0.36
0.0,0.0,0.0,0,0.0,22,2,4,1429.0,339.388,135.755,90.503,2715.099,333315,"Proximates, Haddock, raw (FL) - NFY060CNH",0.0,0.0,0.47
0.0,0.0,0.0,0,0.0,34,4,0,1843.75,276.562,110.625,73.75,2212.498,2515616,chestnut flour,8.19,0.0,0.0
0.0,0.0,0.0,0,0.0,23,2,2,1645.0,318.719,127.488,84.992,2549.756,323461,Kale - NFY1212DW,0.0,0.0,1.45
0.0,0.0,0.0,0,0.0,23,3,1,1602.5,275.43,110.172,73.448,2203.44,335827,"Beans, Dry, Black, 566 (0% moisture)",4.2,24.3,1.45
0.0,0.0,0.0,0,0.0,23,2,0,1671.25,250.688,100.275,66.85,2005.502,2346407,"Cabbage, green, raw",0.0,0.96125,0.2275
0.0,0.0,0.0,0,0.0,50,3,0,1097.75,164.662,65.865,43.91,1317.298,324258,"Proximates, Onion rings, frozen, ALEXIA (IN,NY) - NFY12066A",0.0,0.0,15.8
0.0,0.0,0.0,0,0.0,22,3,2,1726.25,334.461,133.784,89.19,2675.69,323904,"TDF, Salsa, TOSTITOS CHUNKY, MEDIUM (CO,CT) - NFY090KVL",1.9,0.0,0.0
0.0,0.0,0.0,0,0.0,24,3,0,1796.25,269.438,107.775,71.85,2155.502,332791,"Olives, green, Manzanilla, stuffed with pimiento",4.0,1.15,12.9
0.0,0.0,0.0,0,0.0,22,3,1,2000.0,343.75,137.5,91.667,2750.003,327470,"Oranges, Navel, Raw, Region 3, n/a, Yes, Proximates - NFY01041O",0.0,0.0,0.17
0.0,0.0,0.0,0,0.0,22,2,0,2279.0,341.85,136.74,91.16,2734.8,335446,"Beans, Dry, Pinto, 11F-8147 (0% moisture)",4.5,26.6,1.18
0.0,0.0,0.0,0,0.0,23,2,0,1543.75,231.562,92.625,61.75,1852.498,336014,"Beans, Dry, Great Northern, 656 (0% moisture)",4.1,21.8,1.08
0.0,0.0,0.0,0,0.0,23,3,0,1155.25,173.288,69.315,46.21,1386.302,790577,"Onions, red, raw",2.2,0.94,0.1
0.0,0.0,0.0,0,0.0,25,3,0,2312.5,346.875,138.75,92.5,2775.0,326103,"Cholesterol, Cheese, swiss, slices (FL, MO) - 18c-17-05-Chol",0.0,0.0,31.1
0.0,0.0,0.0,0,0.0,48,3,0,1396.25,209.438,83.775,55.85,1675.502,790146,"Flour, bread, white, enriched, unbleached",0.0,14.3,1.65
0.0,0.0,0.0,0,0.0,43,3,0,1628.75,244.312,97.725,65.15,1954.498,330544,"Protein, ash,& moisture, Ground turkey, 93% lean, 7% fat, patties, broiled (FL1,MO1,NY1) ",0.0,27.0,0.0
0.0,0.0,0.0,0,0.0,22,2,0,1156.5,173.475,69.39,46.26,1387.8,336044,"Beans, Dry, Great Northern, 655 (0% moisture)",4.4,23.0,1.25
0.0,0.0,0.0,0,0.0,33,4,0,1971.25,295.688,118.275,78.85,2365.502,2003588,"Flour, semolina, coarse and semi-coarse",3.216,11.73125,1.597
0.0,0.0,0.0,0,0.0,36,3,0,1466.5,219.975,87.99,58.66,1759.8,2646065,"beans, great northern, canned, sodium added",0.0,0.0,1.27
0.0,0.0,0.0,0,0.0,23,3,0,1325.25,198.788,79.515,53.01,1590.302,335557,"Beans, Dry, Pinto, 373 (0% moisture)",4.3,25.9,1.43
0.0,0.0,0.0,0,0.0,29,3,0,1501.5,225.225,90.09,60.06,1801.8,329252,"Proximates, Cheese, string (low-moisture, part-skim mozzarella), SARGENTO (AZ,IN) - NFY120X6F",0.0,0.0,21.0
0.0,0.0,0.0,0,0.0,21,4,4,1640.0,389.5,155.8,103.867,3116.003,331020,"Fat, Chicken, dark meat, lean only, drumstick, raw, non-enhanced (National) - 14B-04-01-TotalFat",0.0,0.0,3.81
0.0,0.0,0.0,0,0.0,22,2,0,1456.25,218.438,87.375,58.25,1747.502,335404,"Beans, Dry, Navy, 539 (0% moisture)",4.6,24.4,1.49
0.0,0.0,0.0,0,0.0,47,2,0,1421.25,213.188,85.275,56.85,1705.502,335831,"Beans, Dry, Black, 624 (0% moisture)",4.3,24.8,1.4
0.0,0.0,0.0,0,0.0,22,3,0,1149.0,172.35,68.94,45.96,1378.8,336002,"Beans, Dry, Great Northern, 730 (0% moisture)",4.2,23.1,1.15
0.0,0.0,0.0,0,0.0,35,3,0,1281.5,192.225,76.89,51.26,1537.8,335108,"Proximates, Beef, Porterhouse Steak, lean only, raw, animal 36, select",0.0,21.0,7.02
0.0,0.0,0.0,0,0.0,40,3,0,1426.25,213.938,85.575,57.05,1711.502,335459,"Beans, Dry, Pinto, 11F-8035 (0% moisture)",4.3,22.3,1.07
0.0,0.0,0.0,0,0.0,22,3,1,1476.25,253.73,101.492,67.661,2029.837,323939,"Proximates, Salsa, TOSTITOS CHUNKY, MEDIUM (CA2,NC) - NFY090KUZ",0.0,0.0,0.2
0.0,0.0,0.0,0,0.0,39,3,0,1152.75,172.912,69.165,46.11,1383.298,325345,"Peaches, raw, Region 3, n/a, Yes - Proximates,",0.0,0.0,0.18
0.0,0.0,0.0,0,0.0,33,3,0,1848.75,277.312,110.925,73.95,2218.498,2747660,"Peppers, banana or Hungarian wax, seeded, raw",1.79,0.723125,0.1314
0.0,0.0,0.0,0,0.0,36,2,3,1725.0,371.953,148.781,99.188,2975.628,2003586,"Flour, 00",2.656,11.4,1.52
0.0,0.0,0.0,0,0.0,23,4,1,1963.75,337.52,135.008,90.005,2700.157,327908,"Romaine Lettuce, Region 4, n/a, Yes - Proximates - NFY0101T5",0.0,0.0,0.34
0.0,0.0,0.0,0,0.0,27,2,0,1420.0,213.0,85.2,56.8,1704.0,335108,"Proximates, Beef, Porterhouse Steak, lean only, raw, animal 36, select",0.0,21.0,7.02
0.0,0.0,0.0,0,0.0,21,2,0,1295.25,194.288,77.715,51.81,1554.302,324870,"Proximates, Parmesan cheese, grated, KRAFT 100% (FL,MO) - NFY120DS3",0.0,0.0,28.7
0.0,0.0,0.0,0,0.0,23,2,1,1771.25,304.434,121.773,81.182,2435.466,333059,"Proximates, Tomatoes, diced, canned, STORE BRAND, GREAT VALUE & S&W PREMIUM (AL, CA1) - NFY120AMR",0.0,0.0,0.16
0.0,0.0,0.0,0,0.0,21,3,0,1743.75,261.562,104.625,69.75,2092.498,321358,"Hummus, commercial",5.4,7.35,17.1
0.0,0.0,0.0,0,0.0,22,3,0,2050.0,307.5,123.0,82.0,2460.0,327268,"Nectarines, Raw, Pass 2, Region 1, n/a, Yes, Proximates - NFY010BU9",0.0,0.0,0.43
0.0,0.0,0.0,0,0.0,32,4,0,1853.75,278.062,111.225,74.15,2224.498,333022,"Proximates, Tomatoes, diced, canned, HUNTS (AL, CA1) - NFY120ALO",0.0,0.0,0.49
0.0,0.0,0.0,0,0.0,18,3,0,1267.75,190.162,76.065,50.71,1521.298,328735,"Proximates, Cottage cheese, 2% milkfat, store brand/other brand, FRIENDSHIP ALL NATURAL & HYVEE (MO,NY) - NFY120BQK",0.0,0.0,2.26
0.0,0.0,0.0,0,0.0,27,3,0,1280.25,192.038,76.815,51.21,1536.302,332195,"TDF, Sauce, pasta, HUNTS original, canned spaghetti sauce (FL1,MO1) - NFY0904Y3",1.8,0.0,0.0
0.0,0.0,0.0,0,0.0,23,3,4,1583.75,376.141,150.456,100.304,3009.124,332674,"Olives, Green Manzanilla, Mario - KY, TX",0.0,0.0,13.1
0.0,0.0,0.0,0,0.0,19,2,0,1895.0,284.25,113.7,75.8,2274.0,320395,"Proximates, Beef, Eye of Round roast/steak, lean only, raw, animal 18, select",0.0,24.0,2.24
0.0,0.0,0.0,0,0.0,50,4,0,1603.75,240.562,96.225,64.15,1924.498,334279,"Proximates, Sweet And Sour Pork, Chinese restaurant (CA2,NC1) - NFY0903JU",0.0,0.0,3.34
0.0,0.0,0.0,0,0.0,20,4,0,1324.0,198.6,79.44,52.96,1588.8,2263400,ground flaxseed meal,0.0,0.0,41.48
0.0,0.0,0.0,0,0.0,22,2,0,1990.0,298.5,119.4,79.6,2388.0,335678,"Beans, Dry, Pinto, 781 (0% moisture)",4.0,23.4,1.2
0.0,0.0,0.0,0,0.0,21,4,0,1304.0,195.6,78.24,52.16,1564.8,335442,"Beans, Dry, Tan (0% moisture)",4.4,26.8,1.14
0.0,0.0,0.0,0,0.0,23,3,0,1400.0,210.0,84.0,56.0,1680.0,335383,"Beans, Dry, Navy, 721 (0% moisture)",4.3,24.5,1.72
0.0,0.0,0.0,0,0.0,22,3,0,2056.25,308.438,123.375,82.25,2467.502,2346407,"Cabbage, green, raw",0.0,0.96125,0.2275
0.0,0.0,0.0,0,0.0,26,3,0,1465.25,219.788,87.915,58.61,1758.302,331683,"Fat, Chicken, dark meat, lean only, drumstick, roasted, non-enhanced (CA2,NC1) - 14B-05-02-TotalFat",0.0,0.0,5.18
0.0,0.0,0.0,0,0.0,25,3,0,1300.0,195.0,78.0,52.0,1560.0,330790,"Protein, ash,& moisture, Ground turkey, 93% lean, 7% fat, patties, broiled (CA1) ",0.0,24.9,0.0
0.0,0.0,0.0,0,0.0,24,2,1,1603.75,275.645,110.258,73.505,2205.157,336046,"Beans, Dry, Great Northern, 716 (0% moisture)",4.4,25.6,1.14
0.0,0.0,0.0,0,0.0,23,2,0,1865.25,279.787,111.915,74.61,2238.298,2710820,"Bulgur, dry, raw",11.72,11.75625,2.421
0.0,0.0,0.0,0,0.0,22,3,0,1109.0,166.35,66.54,44.36,1330.8,330823,"Protein, ash,& moisture, Ground turkey, 93% lean, 7% fat, pan-broiled crumbles (CA2)",0.0,27.8,0.0
0.0,0.0,0.0,0,0.0,21,4,1,1527.75,262.582,105.033,70.022,2100.658,2685581,"Tomatoes, crushed, canned",1.944,1.4375,0.3975
0.0,0.0,0.0,0,0.0,20,3,0,1516.25,227.438,90.975,60.65,1819.502,326019,"Proximates, Cheese, swiss, slices (CO, CT) - 18c-16-05-Prox",0.0,0.0,31.3
0.0,0.0,0.0,0,0.0,22,3,0,1678.75,251.812,100.725,67.15,2014.498,790214,"Flour, rice, white, unenriched",0.5,6.94,1.3
0.0,0.0,0.0,0,0.0,21,3,0,2212.5,331.875,132.75,88.5,2655.0,330693,"Total Fat, Ground turkey, 93% lean, 7% fat, pan-broiled crumbles (NY1)",0.0,0.0,12.2
0.0,0.0,0.0,0,0.0,23,2,1,1798.75,309.16,123.664,82.443,2473.283,329207,"Proximates, Cheese, string (low-moisture, part-skim mozzarella), KRAFT (IN,TX) - NFY120X4K",0.0,0.0,19.7
0.0,0.0,0.0,0,0.0,23,4,0,1491.25,223.688,89.475,59.65,1789.502,326063,"Cholesterol, Cheese, swiss, slices (IN, NY) - 18c-16-01-Chol",0.0,0.0,30.2
0.0,0.0,0.0,0,0.0,23,2,1,1354.0,232.719,93.088,62.058,1861.75,335012,"Proximates, Beef, T-Bone Steak, lean only, cooked, animal 13, upperchoice",0.0,28.2,11.0
0.0,0.0,0.0,0,0.0,19,3,0,1414.0,212.1,84.84,56.56,1696.8,335855,"Beans, Dry, Black, 597 (0% moisture)",4.1,25.4,1.28
0.0,0.0,0.0,0,0.0,22,2,2,1349.0,261.369,104.548,69.698,2090.95,331754,"Proximates, Chicken, skin, raw, from drumsticks and thighs, enhanced (OK1,MI1) - 14B-01-06-prox",0.0,0.0,42.7
0.0,0.0,0.0,0,0.0,22,3,0,1383.75,207.562,83.025,55.35,1660.498,321599,"Beans, snap, canned, drained - NFY121205",0.0,0.0,0.39
0.0,0.0,0.0,0,0.0,22,2,1,1773.75,304.863,121.945,81.297,2438.905,327699,"Strawberries, raw",1.8,0.64,0.22
0.0,0.0,0.0,0,0.0,29,4,0,1962.5,294.375,117.75,78.5,2355.0,2263994,"strawberries, fresh, raw",0.0,0.0,0.15
0.0,0.0,0.0,0,0.0,45,2,0,1475.25,221.288,88.515,59.01,1770.302,790032,"FLOUR, WHOLE WHEAT (UNENRICHED)",0.0,0.0,2.6
0.0,0.0,0.0,0,0.0,23,2,0,1641.25,246.188,98.475,65.65,1969.502,335347,"Beans, Dry, Navy, 245 (0% moisture)",4.1,22.9,1.39
0.0,0.0,0.0,0,0.0,28,3,0,1695.0,254.25,101.7,67.8,2034.0,326486,"Proximates, Mustard, yellow, store brand, AMERICAS CHOICE YELLOW MUSTARD & SHOP RITE YELLOW MUSTARD (NY,CT1) - NFY120I0M",0.0,0.0,3.22
0.0,0.0,0.0,0,0.0,21,2,0,1541.25,231.188,92.475,61.65,1849.502,333081,"Proximates, Tomatoes, diced, canned, DEL MONTE (CO, CT) - NFY120AN4",0.0,0.0,0.22
0.0,0.0,0.0,0,0.0,52,4,0,1219.0,182.85,73.14,48.76,1462.8,335473,"Beans, Dry, Pinto, 11F-8095 (0% moisture)",4.3,24.3,1.09
0.0,0.0,0.0,0,0.0,23,3,0,1485.25,222.788,89.115,59.41,1782.302,335866,"Beans, Dry, Black, 314 (0% moisture)",4.2,21.8,1.57
0.0,0.0,0.0,0,0.0,26,4,2,2018.75,391.133,156.453,104.302,3129.062,324380,"TDF, Pickles, kosher dill, spears, VLASIC (MI,OK) - NFY120HNC",1.0,0.0,0.0
0.0,0.0,0.0,0,0.0,31,3,0,2020.0,303.0,121.2,80.8,2424.0,789951,"Flour, wheat, all-purpose, enriched, unbleached",0.0,13.1,1.48
0.0,0.0,0.0,0,0.0,21,3,0,1212.75,181.912,72.765,48.51,1455.298,334194,"Fish, tuna, light, canned in water, drained solids",0.0,19.0,0.94
0.0,0.0,0.0,0,0.0,21,4,0,1570.0,235.5,94.2,62.8,1884.0,2003603,"Mushroom, beech",3.139,2.18,0.4494
0.0,0.0,0.0,0,0.0,23,2,1,1850.0,317.969,127.188,84.792,2543.756,327177,"Cantaloupe, Raw, Pass 2, Region 3, n/a, Yes, Proximates - NFY010DAX",0.0,0.0,0.01
0.0,0.0,0.0,0,0.0,20,3,0,1607.75,241.162,96.465,64.31,1929.298,328741,"Cholesterol & moisture, Cottage cheese, 2% milkfat, DAISY (MO,CT) - NFY120BPD",0.0,0.0,2.35
0.0,0.0,0.0,0,0.0,28,3,0,1417.75,212.662,85.065,56.71,1701.298,335505,"Beans, Dry, Pinto, 465 (0% moisture)",4.5,29.4,1.27
0.0,0.0,0.0,0,0.0,27,3,0,1604.0,240.6,96.24,64.16,1924.8,333990,"Proximates, Tuna, canned, in water, drained solids, store brand,  GREAT VALUE &  SAFEWAY (AL,CA1) - NFY090S5Y",0.0,0.0,0.87
0.0,0.0,0.0,0,0.0,18,2,0,1723.75,258.562,103.425,68.95,2068.498,2514328,"buckwheat, whole grain",0.0,0.0,3.21
0.0,0.0,0.0,0,0.0,22,2,0,1788.75,268.312,107.325,71.55,2146.498,335830,"Beans, Dry, Black, 276 (0% moisture)",4.1,24.4,1.54
0.0,0.0,0.0,0,0.0,23,2,4,1255.25,298.122,119.249,79.499,2384.975,330322,"Proximates, Yogurt, Greek, strawberry, non-fat, FAGE TOTAL (NY,NC) - NFY120ORF",0.0,8.06,0.1
0.0,0.0,0.0,0,0.0,28,3,0,1515.0,227.25,90.9,60.6,1818.0,335390,"Beans, Dry, Navy, 558 (0% moisture)",4.4,24.1,1.71
0.0,0.0,0.0,0,0.0,20,2,1,1706.25,293.262,117.305,78.203,2346.095,335653,"Beans, Dry, Pinto, 352 (0% moisture)",4.2,24.5,1.33
0.0,0.0,0.0,0,0.0,28,3,0,1427.5,214.125,85.65,57.1,1713.0,2711585,"Plantains, yellow, ripe, peeled, raw",1.98,0.0,0.0
0.0,0.0,0.0,0,0.0,21,3,2,1531.25,296.68,118.672,79.115,2373.443,335559,"Beans, Dry, Pinto, 479 (0% moisture)",3.8,23.3,1.36
0.0,0.0,0.0,0,0.0,28,3,0,1284.0,192.6,77.04,51.36,1540.8,335915,"Beans, Dry, Small White, 239 (0% moisture)",4.5,24.0,1.43
0.0,0.0,0.0,0,0.0,19,4,0,2010.0,301.5,120.6,80.4,2412.0,325871,"Bread, white, commercially prepared",2.3,9.43,3.59
0.0,0.0,0.0,0,0.0,23,4,1,1715.0,294.766,117.906,78.604,2358.124,331754,"Proximates, Chicken, skin, raw, from drumsticks and thighs, enhanced (OK1,MI1) - 14B-01-06-prox",0.0,0.0,42.7
0.0,0.0,0.0,0,0.0,31,3,3,1121.5,241.823,96.729,64.486,1934.582,335512,"Beans, Dry, Pinto, 696 (0% moisture)",3.9,21.6,1.3
0.0,0.0,0.0,0,0.0,48,3,0,1184.0,177.6,71.04,47.36,1420.8,324707,"TDF, Peanut butter, creamy, SKIPPY (FL,MO) - NFY120C8F",5.0,0.0,0.0
0.0,0.0,0.0,0,0.0,24,3,1,1319.0,226.703,90.681,60.454,1813.622,335386,"Beans, Dry, Navy, 525 (0% moisture)",4.2,24.3,1.36
0.0,0.0,0.0,0,0.0,21,4,0,1440.25,216.038,86.415,57.61,1728.302,330558,"Protein, ash,& moisture, Ground turkey, 93% lean, 7% fat, patties, broiled (MI1) ",0.0,28.5,0.0
0.0,0.0,0.0,0,0.0,33,3,0,1642.75,246.412,98.565,65.71,1971.298,335408,"Beans, Dry, Navy, 565 (0% moisture)",4.4,23.9,1.52
0.0,0.0,0.0,0,0.0,37,3,0,1602.75,240.412,96.165,64.11,1923.298,328922,"Proximates, Mozzarella cheese, low-moisture, part-skim, SARGENTO (FL,MO) - NFY120DI3",0.0,0.0,20.7
0.0,0.0,0.0,0,0.0,16,3,0,1559.0,233.85,93.54,62.36,1870.8,2003600,"Mushroom, enoki",2.945,2.416875,0.245
0.0,0.0,0.0,0,0.0,23,3,1,1952.5,335.586,134.234,89.49,2684.69,332112,"Proximates, Sauce, pasta, PREGO 100% Natural Italian, Traditional, bottled spaghetti sauce (AL1) - NFY0904VF",0.0,0.0,1.38
0.0,0.0,0.0,0,0.0,22,3,1,1670.0,287.031,114.812,76.542,2296.25,2346385,"Cream cheese, full fat, block",0.0,5.78985,33.49
0.0,0.0,0.0,0,0.0,30,3,0,1566.25,234.938,93.975,62.65,1879.502,328189,"Proximates, Cheddar cheese, sliced, store brand, PUBLIX & SHOPRITE (CT,FL) - NFY120DF9",0.0,0.0,32.9
0.0,0.0,0.0,0,0.0,49,4,0,1405.25,210.788,84.315,56.21,1686.302,335740,"Beans, Dry, Small Red, 240 (0% moisture)",3.9,20.2,1.6
0.0,0.0,0.0,0,0.0,56,2,0,1147.75,172.162,68.865,45.91,1377.298,333658,"Proximates, Tuna, canned, in water, drained solids,  CHICKEN OF THE SEA CHUNK LIGHT, IN WATER  (FL,MO) - NFY090S3A",0.0,0.0,1.03
0.0,0.0,0.0,0,0.0,23,3,0,1672.75,250.912,100.365,66.91,2007.298,328856,"Proximates, Mozzarella cheese, low-moisture, part-skim, KRAFT (CA1) - NFY120DIE",0.0,0.0,21.5
0.0,0.0,0.0,0,0.0,32,4,2,1114.0,215.838,86.335,57.557,1726.705,2711451,"Plantains, green, unripe, peeled, raw",2.29,0.0,0.0
0.0,0.0,0.0,0,0.0,22,3,0,1295.25,194.288,77.715,51.81,1554.302,319915,Hummus - NFY12140Q,5.7,0.0,0.0
0.0,0.0,0.0,0,0.0,30,3,0,1157.75,173.662,69.465,46.31,1389.298,326779,"Figs, Dried, Pass 2, Region 1, n/a, No, Proximates - NFY010CE6",0.0,0.0,1.21
0.0,0.0,0.0,0,0.0,20,3,0,1766.25,264.938,105.975,70.65,2119.502,2687032,"Squash, acorn, raw",2.43,0.0,0.0
0.0,0.0,0.0,0,0.0,27,3,0,1891.25,283.688,113.475,75.65,2269.502,329252,"Proximates, Cheese, string (low-moisture, part-skim mozzarella), SARGENTO (AZ,IN) - NFY120X6F",0.0,0.0,21.0
0.0,0.0,0.0,0,0.0,28,4,0,1376.5,206.475,82.59,55.06,1651.8,2710829,"Fonio, grain, dry, raw",2.197,7.16875,1.693
0.0,0.0,0.0,0,0.0,21,3,0,1275.25,191.288,76.515,51.01,1530.302,335643,"Beans, Dry, Pinto, 224 (0% moisture)",4.0,22.3,1.45
0.0,0.0,0.0,0,0.0,22,2,1,1210.25,208.012,83.205,55.47,1664.098,335970,"Beans, Dry, Great Northern, 726 (0% moisture)",4.6,28.7,1.24
0.0,0.0,0.0,0,0.0,18,4,0,1529.0,229.35,91.74,61.16,1834.8,326863,"Figs, Dried, Pass 2, Region 3, n/a, Yes, Proximates - NFY010CFL",0.0,0.0,1.57
0.0,0.0,0.0,0,0.0,23,2,4,1763.75,418.891,167.556,111.704,3351.124,335764,"Beans, Dry, Small Red, 493 (0% moisture)",3.9,20.7,1.29
0.0,0.0,0.0,0,0.0,21,2,0,1320.0,198.0,79.2,52.8,1584.0,320395,"Proximates, Beef, Eye of Round roast/steak, lean only, raw, animal 18, select",0.0,24.0,2.24
0.0,0.0,0.0,0,0.0,21,2,0,1324.0,198.6,79.44,52.96,1588.8,328617,"Proximates, Cheese, cheddar, sharp, block/chunk CABOT, SERIOUSLY SHARP (GA,NJ) - NFY120X0Y",0.0,0.0,34.0
0.0,0.0,0.0,0,0.0,23,2,0,1482.75,222.412,88.965,59.31,1779.298,2646175,"Beef, flank, steak, boneless, choice, raw",0.0,20.13125,9.399
0.0,0.0,0.0,0,0.0,28,4,0,1716.25,257.438,102.975,68.65,2059.502,1104705,"Flour, soy, defatted",0.0,51.1,3.33
0.0,0.0,0.0,0,0.0,25,3,0,1930.0,289.5,115.8,77.2,2316.0,324146,"BEEF BREAKFAST SAUSAGE, BANQUET BROWN N SERVE SAUSAGE LINKS, MAPLE FLAVOR",0.0,0.0,32.5
0.0,0.0,0.0,0,0.0,28,3,0,1466.5,219.975,87.99,58.66,1759.8,332401,"Pears, Bartlett, Region 4, n/a, Yes, Proximates - NFY0000AA",0.0,0.0,0.15
0.0,0.0,0.0,0,0.0,26,4,2,1412.5,273.672,109.469,72.979,2189.375,1750680,"SOY MILK, UNSWEETENED, PLAIN, SHELF STABLE",0.0,0.0,2.695
0.0,0.0,0.0,0,0.0,23,3,0,1981.25,297.188,118.875,79.25,2377.502,321536,"Beans, snap, canned, drained - NFY1211YP",0.0,0.0,0.3
0.0,0.0,0.0,0,0.0,22,3,0,1476.25,221.438,88.575,59.05,1771.502,2259774,"peppers, bell, yellow, raw, mini ",0.0,0.0,0.32
0.0,0.0,0.0,0,0.0,22,2,1,1517.5,260.82,104.328,69.552,2086.56,335369,"Beans, Dry, Navy, 234 (0% moisture)",4.2,22.4,1.64
0.0,0.0,0.0,0,0.0,23,3,0,1582.75,237.412,94.965,63.31,1899.298,325524,"Seeds, sunflower seed kernels, dry roasted, with salt added",10.3,21.0,56.1
0.0,0.0,0.0,0,0.0,23,2,0,1092.75,163.912,65.565,43.71,1311.298,1753462,"APPLES, HONEYCRISP, WITH SKIN, RAW",0.0,0.0,0.0
0.0,0.0,0.0,0,0.0,31,2,0,1364.0,204.6,81.84,54.56,1636.8,335590,"Beans, Dry, Pinto, 808 (0% moisture)",4.2,25.7,1.28
0.0,0.0,0.0,0,0.0,23,3,3,1945.0,419.391,167.756,111.837,3355.121,335565,"Beans, Dry, Pinto, 426 (0% moisture)",3.8,24.8,1.13
0.0,0.0,0.0,0,0.0,59,2,4,1560.0,370.5,148.2,98.8,2964.0,327912,"Romaine Lettuce, Region 4, n/a, Yes - Fiber - NFY0101TC",2.0,0.0,0.0
0.0,0.0,0.0,0,0.0,70,2,0,1475.0,221.25,88.5,59.0,1770.0,325963,"TURKEY BREAKFAST SAUSAGE, BUTTERBALL",0.0,0.0,11.9
0.0,0.0,0.0,0,0.0,22,2,0,1921.25,288.188,115.275,76.85,2305.502,2685580,"Tomato, paste, canned, without salt added",4.704,4.234375,0.7325
0.0,0.0,0.0,0,0.0,17,3,0,1662.5,249.375,99.75,66.5,1995.0,330525,"Total Fat, Ground turkey, 93% lean, 7% fat, pan-broiled crumbles (MI1)",0.0,0.0,12.2
0.0,0.0,0.0,0,0.0,21,3,0,1693.75,254.062,101.625,67.75,2032.498,325686,"TDF, White bread, store brand, mixed composite (CA2,NC) - NFY0907GX",2.4,0.0,0.0
0.0,0.0,0.0,0,0.0,26,4,0,1923.75,288.562,115.425,76.95,2308.498,790513,"ONIONS, RED",2.3,0.0,0.0
0.0,0.0,0.0,0,0.0,34,3,0,1615.0,242.25,96.9,64.6,1938.0,335746,"Beans, Dry, Small Red, 473 (0% moisture)",4.1,23.7,0.98
0.0,0.0,0.0,0,0.0,20,4,0,1169.0,175.35,70.14,46.76,1402.8,335919,"Beans, Dry, Small White, 265 (0% moisture)",4.2,21.7,1.32
0.0,0.0,0.0,0,0.0,24,3,0,1323.75,198.562,79.425,52.95,1588.498,332569,"Bartlett Pears, Pass 2, Freeze Dried, Regions 1 & 4, n/a, Yes - Fiber, NFY0108TR",2.8,0.0,0.0
0.0,0.0,0.0,0,0.0,27,3,0,1605.25,240.788,96.315,64.21,1926.302,335397,"Beans, Dry, Navy, 213 (0% moisture)",4.6,24.5,1.43
0.0,0.0,0.0,0,0.0,22,4,0,1426.25,213.938,85.575,57.05,1711.502,2349756,"Cherries, dark red, sweet, raw",0.0,0.0,0.0
0.0,0.0,0.0,0,0.0,49,3,0,1500.25,225.038,90.015,60.01,1800.302,335917,"Beans, Dry, Small White, 272 (0% moisture)",4.4,26.3,1.48
0.0,0.0,0.0,0,0.0,21,2,0,1468.75,220.312,88.125,58.75,1762.498,335824,"Beans, Dry, Black, 250 (0% moisture)",4.0,23.6,1.55
0.0,0.0,0.0,0,0.0,26,3,1,1627.5,279.727,111.891,74.594,2237.818,2710824,"Avocado, Hass, peeled, raw",0.0,1.8125,20.31
0.0,0.0,0.0,0,0.0,26,2,1,1845.0,317.109,126.844,84.562,2536.87,329830,"Cheese, dry white, queso seco",0.0,24.5,24.3
0.0,0.0,0.0,0,0.0,28,3,0,1365.0,204.75,81.9,54.6,1638.0,790839,"BANANAS, SLIGHTLY RIPE",0.0,0.0,0.14
0.0,0.0,0.0,0,0.0,29,3,0,1461.25,219.188,87.675,58.45,1753.502,335425,"Beans, Dry, Brown (0% moisture)",4.1,25.6,1.12
0.0,0.0,0.0,0,0.0,21,3,0,1855.0,278.25,111.3,74.2,2226.0,747016,American cheese,0.0,0.0,31.8
0.0,0.0,0.0,0,0.0,24,3,0,1189.0,178.35,71.34,47.56,1426.8,1104962,"Onions, white, raw",1.2,0.89,0.13
0.0,0.0,0.0,0,0.0,22,3,0,1645.0,246.75,98.7,65.8,1974.0,2514746,"Chicken, ground, with additives, raw",0.0,17.9125,7.161
0.0,0.0,0.0,0,0.0,20,3,0,1405.0,210.75,84.3,56.2,1686.0,2710816,"Melons, honeydew, raw",0.0,0.53125,0.2163
0.0,0.0,0.0,0,0.0,20,3,0,1487.5,223.125,89.25,59.5,1785.0,335773,"Beans, Dry, Small Red, 703 (0% moisture)",4.0,23.9,1.4
0.0,0.0,0.0,0,0.0,22,3,0,1280.25,192.038,76.815,51.21,1536.302,335697,"Beans, Dry, Small Red, 11F-8142 (0% moisture)",4.8,24.5,1.0
0.0,0.0,0.0,0,0.0,36,4,0,1696.25,254.438,101.775,67.85,2035.502,335966,"Beans, Dry, Great Northern, 11F-8139 (0% moisture)",4.5,26.4,1.28
0.0,0.0,0.0,0,0.0,25,3,0,1152.75,172.912,69.165,46.11,1383.298,2514424,"white rice, long grain, unenriched",0.0,0.0,0.975
0.0,0.0,0.0,0,0.0,22,2,0,1337.75,200.662,80.265,53.51,1605.298,335508,"Beans, Dry, Pinto, 743 (0% moisture)",4.0,21.8,1.18
0.0,0.0,0.0,0,0.0,16,3,1,1856.25,319.043,127.617,85.078,2552.342,335860,"Beans, Dry, Black, 225 (0% moisture)",3.9,23.7,1.26
0.0,0.0,0.0,0,0.0,24,3,0,1525.0,228.75,91.5,61.0,1830.0,336044,"Beans, Dry, Great Northern, 655 (0% moisture)",4.4,23.0,1.25
0.0,0.0,0.0,0,0.0,36,3,0,1429.0,214.35,85.74,57.16,1714.8,330457,"Proximates, Oil, coconut, BETTER BODY ORGANIC (CA2) - NFY120PDG",0.0,0.0,99.0
0.0,0.0,0.0,0,0.0,34,4,0,1097.75,164.662,65.865,43.91,1317.298,335391,"Beans, Dry, Navy, 281 (0% moisture)",4.7,24.9,1.73
0.0,0.0,0.0,0,0.0,22,3,0,1529.0,229.35,91.74,61.16,1834.8,334194,"Fish, tuna, light, canned in water, drained solids",0.0,19.0,0.94
0.0,0.0,0.0,0,0.0,20,3,1,1639.0,281.703,112.681,75.121,2253.625,336058,"Beans, Dry, Great Northern, 693 (0% moisture)",4.4,24.8,1.19
0.0,0.0,0.0,0,0.0,30,3,0,1335.25,200.288,80.115,53.41,1602.302,2711451,"Plantains, green, unripe, peeled, raw",2.29,0.0,0.0
0.0,0.0,0.0,0,0.0,22,2,0,1239.0,185.85,74.34,49.56,1486.8,334260,"Proximates, Sweet And Sour Pork, Chinese restaurant (IN1,NY1) - NFY0903IK",0.0,0.0,14.8
0.0,0.0,0.0,0,0.0,38,3,0,1725.0,258.75,103.5,69.0,2070.0,335434,"Beans, Dry, Tan, 11F-8005 (0% moisture)",4.7,27.6,1.34
0.0,0.0,0.0,0,0.0,28,3,0,1746.25,261.938,104.775,69.85,2095.502,334849,"Beef, loin, top loin steak, boneless, lip-on, separable lean only, trimmed to 1/8"" fat, choice, raw",0.0,22.8,6.39
0.0,0.0,0.0,0,0.0,23,2,1,1820.0,312.812,125.125,83.417,2502.501,325778,"Proximates, White bread, store brand, PUBLIX BREAD (FL1) - NFY0907KN",0.0,0.0,3.3
0.0,0.0,0.0,0,0.0,22,2,0,1307.75,196.162,78.465,52.31,1569.298,2346404,"Sweet potatoes, orange flesh, without skin, raw",0.0,1.578125,0.375
0.0,0.0,0.0,0,0.0,26,2,0,1196.5,179.475,71.79,47.86,1435.8,334902,"Proximates, Beef, Top Round roast/steak, lean only, raw, animal 5, select",0.0,23.8,2.77
0.0,0.0,0.0,0,0.0,29,3,0,1600.0,240.0,96.0,64.0,1920.0,324795,"TDF, Peanut butter, creamy, JIF (MI,OK) - NFY120CAR",4.7,0.0,0.0
0.0,0.0,0.0,0,0.0,33,3,0,1380.0,207.0,82.8,55.2,1656.0,335012,"Proximates, Beef, T-Bone Steak, lean only, cooked, animal 13, upperchoice",0.0,28.2,11.0
0.0,0.0,0.0,0,0.0,25,3,0,2190.0,328.5,131.4,87.6,2628.0,335301,"Beans, Dry, Pink, 725 (0% moisture)",3.9,21.8,1.54
0.0,0.0,0.0,0,0.0,21,3,0,1152.75,172.912,69.165,46.11,1383.298,334648,"TDF, Pupusas, Bean, flat stuffed corn biscuit (TX-HA,NV) - NFY0901XA",5.7,0.0,0.0
0.0,0.0,0.0,0,0.0,23,3,0,1700.0,255.0,102.0,68.0,2040.0,335346,"Beans, Dry, Navy, 598 (0% moisture)",4.1,24.4,1.46
0.0,0.0,0.0,0,0.0,27,3,0,1314.0,197.1,78.84,52.56,1576.8,334834,"Proximates, Beef, Boneless Top Loin steak, lean only, raw, animal 21, lowerchoice",0.0,23.9,4.4
0.0,0.0,0.0,0,0.0,28,3,0,2408.75,361.312,144.525,96.35,2890.498,328367,"Proximates, Cheese, cheddar, natural shredded mild, KRAFT (IN,GA) - NFY120WQB",0.0,0.0,32.5
0.0,0.0,0.0,0,0.0,21,3,0,1294.0,194.1,77.64,51.76,1552.8,325736,"Proximates, White bread, store brand, SUNNYSIDE FARMS BREAD (CA2) - NFY0907JF",0.0,0.0,4.3
0.0,0.0,0.0,0,0.0,24,3,4,1349.0,320.388,128.155,85.437,2563.105,2647439,"Cheese, pasteurized process cheese food or product, American, singles",0.0,15.5672,23.86
0.0,0.0,0.0,0,0.0,25,3,2,1445.25,280.017,112.007,74.671,2240.135,335356,"Beans, Dry, Navy, 260 (0% moisture)",4.1,22.3,1.54
0.0,0.0,0.0,0,0.0,43,2,0,1470.0,220.5,88.2,58.8,1764.0,335391,"Beans, Dry, Navy, 281 (0% moisture)",4.7,24.9,1.73
0.0,0.0,0.0,0,0.0,35,2,0,1351.25,202.688,81.075,54.05,1621.502,324034,"TDF, Salsa, PACE CHUNKY, MEDIUM (MI,OK) - NFY090KZ1",1.8,0.0,0.0
0.0,0.0,0.0,0,0.0,30,3,0,1857.5,278.625,111.45,74.3,2229.0,325005,"Proximates, Parmesan cheese, grated, store brand/other brand, SAFEWAY KITCHENS (CO,CA1) - NFY120DU4",0.0,0.0,22.3
0.0,0.0,0.0,0,0.0,22,3,0,1595.0,239.25,95.7,63.8,1914.0,335325,"Beans, Dry, Navy, 279 (0% moisture)",4.2,23.1,1.7
0.0,0.0,0.0,0,0.0,41,3,0,1209.0,181.35,72.54,48.36,1450.8,335363,"Beans, Dry, Navy, 246 (0% moisture)",4.3,20.8,1.98
0.0,0.0,0.0,0,0.0,20,3,2,1420.25,275.173,110.069,73.38,2201.388,333321,"Proximates, Haddock, raw (NC) - NFY060CLE",0.0,0.0,0.33
0.0,0.0,0.0,0,0.0,22,3,0,1515.25,227.288,90.915,60.61,1818.302,335435,"Beans, Dry, Tan, 11F-8175 (0% moisture)",4.4,28.1,1.19
0.0,0.0,0.0,0,0.0,21,3,2,1235.25,239.33,95.732,63.821,1914.637,2514304,"amaranth, flour",0.0,0.0,3.17
0.0,0.0,0.0,0,0.0,24,2,1,1916.25,329.355,131.742,87.828,2634.84,2747661,"Peppers, jalapeno, seeded, raw",1.725,0.621125,0.1488
0.0,0.0,0.0,0,0.0,26,2,0,1847.5,277.125,110.85,73.9,2217.0,335779,"Beans, Dry, Cranberry, 11F-8131 (0% moisture)",4.6,25.5,1.03
0.0,0.0,0.0,0,0.0,25,2,0,1325.25,198.788,79.515,53.01,1590.302,326029,"Proximates, Cheese, swiss, slices (NY, NC) - 18c-17-06-Prox",0.0,0.0,30.7
0.0,0.0,0.0,0,0.0,23,2,4,1665.0,395.438,158.175,105.45,3163.502,335477,"Beans, Dry, Pinto, 11F-8047 (0% moisture)",4.3,27.3,1.3
0.0,0.0,0.0,0,0.0,27,3,0,1644.0,246.6,98.64,65.76,1972.8,748971,"Bacon, cooked",0.0,0.0,36.0
0.0,0.0,0.0,0,0.0,24,3,0,1649.0,247.35,98.94,65.96,1978.8,332886,"OATMEAL COOKIES WITH RAISINS, STORE/OTHER BRAND",0.0,0.0,13.8
0.0,0.0,0.0,0,0.0,27,2,0,1425.25,213.788,85.515,57.01,1710.302,326779,"Figs, Dried, Pass 2, Region 1, n/a, No, Proximates - NFY010CE6",0.0,0.0,1.21
0.0,0.0,0.0,0,0.0,38,3,0,1976.25,296.438,118.575,79.05,2371.502,1750344,"Mushroom, lion's mane",0.0,2.5,0.2563
0.0,0.0,0.0,0,0.0,31,3,0,1351.25,202.688,81.075,54.05,1621.502,335482,"Beans, Dry, Pinto, 11F-8100 (0% moisture)",4.5,21.8,1.34
0.0,0.0,0.0,0,0.0,21,3,0,2072.5,310.875,124.35,82.9,2487.0,324062,"BEEF BREAKFAST SAUSAGE, ECKRICH SAUSAGE LINKS",0.0,0.0,25.4
0.0,0.0,0.0,0,0.0,23,3,1,1893.75,325.488,130.195,86.797,2603.905,334693,"TDF, Pupusas, Bean, flat stuffed corn biscuit (CA-LA) - NFY0901XQ",5.7,0.0,0.0
0.0,0.0,0.0,0,0.0,23,3,1,1643.75,282.52,113.008,75.339,2260.163,335917,"Beans, Dry, Small White, 272 (0% moisture)",4.4,26.3,1.48
0.0,0.0,0.0,0,0.0,23,3,0,1358.75,203.812,81.525,54.35,1630.498,335499,"Beans, Dry, Pinto, 11F-8076 (0% moisture)",4.4,24.7,1.11
0.0,0.0,0.0,0,0.0,22,3,0,1891.25,283.688,113.475,75.65,2269.502,328749,"Proximates, Cottage cheese, 2% milkfat, DAISY (MO,CT) - NFY120BPL",0.0,0.0,2.07
0.0,0.0,0.0,0,0.0,22,2,0,1445.0,216.75,86.7,57.8,1734.0,335636,"Beans, Dry, Pinto, 812 (0% moisture)",4.0,22.4,1.39
0.0,0.0,0.0,0,0.0,23,2,0,1805.0,270.75,108.3,72.2,2166.0,323384,"CHEESE, RICOTTA, WHOLE MILK, LUCERNE",0.0,0.0,11.9
0.0,0.0,0.0,0,0.0,29,2,1,1550.0,266.406,106.562,71.042,2131.25,335315,"Beans, Dry, Navy, 11F-8028 (0% moisture)",4.7,23.5,1.45
0.0,0.0,0.0,0,0.0,21,2,4,1661.25,394.547,157.819,105.212,3156.372,2710822,"Arugula, baby, raw",2.28,1.64875,0.325
0.0,0.0,0.0,0,0.0,39,3,0,1132.75,169.912,67.965,45.31,1359.298,335257,"Beans, Dry, Pink, 11F-8124 (0% moisture)",4.3,23.6,1.36
0.0,0.0,0.0,0,0.0,25,4,0,1404.0,210.6,84.24,56.16,1684.8,790513,"ONIONS, RED",2.3,0.0,0.0
0.0,0.0,0.0,0,0.0,18,3,1,1250.25,214.887,85.955,57.303,1719.095,2346399,"Cherries, sweet, dark red, raw",0.0,1.039375,0.1925
0.0,0.0,0.0,0,0.0,22,3,0,1927.5,289.125,115.65,77.1,2313.0,325997,"Proximates, Cheese, swiss, slices (FL) - 18c-16-04-Prox",0.0,0.0,31.0
0.0,0.0,0.0,0,0.0,16,3,4,1816.25,431.359,172.544,115.029,3450.873,330007,"Proximates, Greek yogurt, DANNON OIKOS PLAIN NON-FAT (IN1,NY1) - NFY09114L",0.0,0.0,0.55
0.0,0.0,0.0,0,0.0,27,2,0,1284.0,192.6,77.04,51.36,1540.8,334512,"Proximates, Chinese Restaurant, Fried Rice (No Meat) (CA2) - NFY1209Q7",0.0,0.0,2.38
0.0,0.0,0.0,0,0.0,53,3,0,1284.0,192.6,77.04,51.36,1540.8,335982,"Beans, Dry, Great Northern, 688 (0% moisture)",4.4,25.0,1.33
0.0,0.0,0.0,0,0.0,23,3,0,1582.5,237.375,94.95,63.3,1899.0,326414,"Carrots, whole, unprepared - Proximates - NF99143U",0.0,0.0,0.38
0.0,0.0,0.0,0,0.0,38,3,0,1559.0,233.85,93.54,62.36,1870.8,332231,"Proximates, Sauce, pasta, HUNTS original, canned spaghetti sauce (AL1) - NFY0904YX",0.0,0.0,0.82
0.0,0.0,0.0,0,0.0,23,3,0,1791.25,268.688,107.475,71.65,2149.502,790149,"FLOUR, RICE, WHITE",0.0,0.0,1.4
0.0,0.0,0.0,0,0.0,51,2,0,1345.25,201.788,80.715,53.81,1614.302,335428,"Beans, Dry, Flor de Mayo (0% moisture)",4.0,23.3,0.86
0.0,0.0,0.0,0,0.0,30,2,1,1926.25,331.074,132.43,88.286,2648.59,790756,"BANANAS, SLIGHTLY RIPE, MEDIUM SIZE",1.2,0.0,0.0
0.0,0.0,0.0,0,0.0,21,3,0,1314.0,197.1,78.84,52.56,1576.8,335795,"Beans, Dry, Black, 11F-8180 (0% moisture)",4.6,25.8,1.54
0.0,0.0,0.0,0,0.0,26,2,3,1280.25,276.054,110.422,73.614,2208.43,335445,"Beans, Dry, Pinto, 11F-8091 (0% moisture)",4.5,26.3,1.34
0.0,0.0,0.0,0,0.0,45,3,0,1601.5,240.225,96.09,64.06,1921.8,335056,"Proximates, Beef, T-Bone Steak, lean only, cooked, animal 27, lowerchoice",0.0,26.3,12.9
0.0,0.0,0.0,0,0.0,27,2,0,1435.25,215.288,86.115,57.41,1722.302,2727576,"Pork, belly, with skin, raw",0.0,15.2,35.83
0.0,0.0,0.0,0,0.0,28,2,0,1267.75,190.162,76.065,50.71,1521.298,334650,"Proximates, Pupusas, Bean, flat stuffed corn biscuit (TX-HA,NV) - NFY0901XC",0.0,0.0,9.46
0.0,0.0,0.0,0,0.0,21,3,0,1400.0,210.0,84.0,56.0,1680.0,330858,"Total Fat, Ground turkey, 93% lean, 7% fat, raw (AL1)",0.0,0.0,9.29
0.0,0.0,0.0,0,0.0,23,4,0,1780.0,267.0,106.8,71.2,2136.0,329822,"Proximates, Cheese, dry white, Queso seco, mixed composite (NY, TX-TR) - NFY09008M",0.0,0.0,26.3
0.0,0.0,0.0,0,0.0,22,4,0,1756.25,263.438,105.375,70.25,2107.502,335726,"Beans, Dry, Small Red, 417 (0% moisture)",4.0,27.4,1.24
0.0,0.0,0.0,0,0.0,26,3,2,1747.5,338.578,135.431,90.288,2708.628,335134,"TDF, Whole wheat bread, NATURES OWN (FL,NC) - NFY1204QA",5.9,0.0,0.0
0.0,0.0,0.0,0,0.0,24,2,0,1810.0,271.5,108.6,72.4,2172.0,330800,"Total Fat, Ground turkey, 93% lean, 7% fat, pan-broiled crumbles (IN1)",0.0,0.0,13.0
0.0,0.0,0.0,0,0.0,23,2,0,1324.0,198.6,79.44,52.96,1588.8,328356,"Proximates, Cheese, cheddar, natural shredded sharp, store brand, SHOP RITE (IA,IN,NJ) - NFY120WUA",0.0,0.0,33.9
0.0,0.0,0.0,0,0.0,20,2,0,1790.0,268.5,107.4,71.6,2148.0,335465,"Beans, Dry, Pinto, 11F-8069 (0% moisture)",4.3,24.3,1.25
0.0,0.0,0.0,0,0.0,24,3,0,1277.75,191.662,76.665,51.11,1533.298,328452,"Proximates, Cheese, cheddar, sharp, block/chunk KRAFT (PA,CA1,IA) - NFY120WZD",0.0,0.0,35.0
0.0,0.0,0.0,0,0.0,50,3,0,1936.25,290.438,116.175,77.45,2323.502,335785,"Beans, Dry, Light Tan (0% moisture)",4.3,24.6,1.28
0.0,0.0,0.0,0,0.0,19,4,3,1721.25,371.145,148.458,98.972,2969.16,335755,"Beans, Dry, Small Red, 746 (0% moisture)",3.9,22.3,1.26
0.0,0.0,0.0,0,0.0,37,3,0,1668.75,250.312,100.125,66.75,2002.498,320409,"Proximates, Beef, Eye of Round roast/steak, lean only, raw, animal 35, select",0.0,22.7,1.47
0.0,0.0,0.0,0,0.0,23,3,0,1410.0,211.5,84.6,56.4,1692.0,2747674,"Turnips, raw",1.915,0.953125,0.1188
0.0,0.0,0.0,0,0.0,27,3,0,1364.0,204.6,81.84,54.56,1636.8,334578,"Proximates, Tamale, Pork (CA-AL,IL) - NFY09027Y",0.0,0.0,9.23
0.0,0.0,0.0,0,0.0,22,4,0,1875.0,281.25,112.5,75.0,2250.0,332485,"Pears, Bartlett, Region 3, n/a, Yes, Proximates - NFY00009Y",0.0,0.0,0.3
0.0,0.0,0.0,0,0.0,40,4,0,1295.25,194.288,77.715,51.81,1554.302,335506,"Beans, Dry, Pinto, 761 (0% moisture)",4.5,27.6,1.13
0.0,0.0,0.0,0,0.0,23,3,0,1721.25,258.188,103.275,68.85,2065.502,335472,"Beans, Dry, Pinto, 11F-8176 (0% moisture)",4.7,25.4,1.13
0.0,0.0,0.0,0,0.0,21,3,0,1715.0,257.25,102.9,68.6,2058.0,335485,"Beans, Dry, Pinto, 11F-8037 (0% moisture)",4.3,20.6,1.49
0.0,0.0,0.0,0,0.0,33,3,0,1614.0,242.1,96.84,64.56,1936.8,332271,"Proximates, Sauce, pasta, HUNTS original, canned spaghetti sauce (MI1) - NFY090509",0.0,0.0,0.91
0.0,0.0,0.0,0,0.0,28,2,0,1396.25,209.438,83.775,55.85,1675.502,327860,"Romaine Lettuce, Region 2, n/a, Yes - Proximates - NFY0101R5",0.0,0.0,0.31
0.0,0.0,0.0,0,0.0,29,3,3,1355.25,292.226,116.89,77.927,2337.807,335742,"Beans, Dry, Small Red, 606 (0% moisture)",4.0,23.0,1.5
0.0,0.0,0.0,0,0.0,25,3,4,1711.25,406.422,162.569,108.379,3251.375,330922,"Fat, Chicken, skin, raw, from drumsticks and thighs, non-enhanced (CO1,CT1,IN1) - 14B-01-03-TotalFat",0.0,0.0,43.3
0.0,0.0,0.0,0,0.0,22,3,0,1285.25,192.788,77.115,51.41,1542.302,2512374,"Flour, buckwheat",10.35,8.88492,2.484
0.0,0.0,0.0,0,0.0,25,3,0,1290.0,193.5,77.4,51.6,1548.0,333307,"Proximates, Haddock, raw (NY) - NFY060COB",0.0,0.0,0.55
0.0,0.0,0.0,0,0.0,49,3,1,1095.25,188.246,75.298,50.199,1505.967,335614,"Beans, Dry, Pinto, 729 (0% moisture)",3.9,23.5,1.02
0.0,0.0,0.0,0,0.0,31,2,0,1422.75,213.412,85.365,56.91,1707.298,335558,"Beans, Dry, Pinto, 821 (0% moisture)",4.5,26.9,1.44
0.0,0.0,0.0,0,0.0,25,2,2,1648.75,319.445,127.778,85.185,2555.557,326009,"Proximates, Cheese, swiss, slices (AL, CA1) - 18c-16-02-Prox",0.0,0.0,30.9
0.0,0.0,0.0,0,0.0,27,4,4,1412.5,335.469,134.188,89.458,2683.75,331501,"Fat, Chicken, dark meat, lean only, drumstick, braised, non-enhanced (FL1,MO1,NY1) - 14B-06-04-TotalFat",0.0,0.0,6.29
0.0,0.0,0.0,0,0.0,22,2,1,2188.75,376.191,150.477,100.318,3009.534,2687016,"Squash, yellow, raw",1.17,0.0,0.0
0.0,0.0,0.0,0,0.0,30,3,0,2228.75,334.312,133.725,89.15,2674.498,747725,"Eggs, whole",0.0,0.0,9.82
0.0,0.0,0.0,0,0.0,25,4,0,1594.0,239.1,95.64,63.76,1912.8,2346387,"Cream, sour, full fat",0.0,3.070694,17.99
0.0,0.0,0.0,0,0.0,22,3,1,1597.75,274.613,109.845,73.23,2196.902,1104710,"FLOUR, SOY, FULL FAT (ORGANIC)",0.0,0.0,23.3
0.0,0.0,0.0,0,0.0,26,2,3,1440.25,310.554,124.222,82.814,2484.43,334225,"Proximates, Sugar, Granulated, White, store brand (CO2, CT1, IN1) - NFY040XF1",0.0,0.0,0.55
0.0,0.0,0.0,0,0.0,23,3,0,1771.25,265.688,106.275,70.85,2125.502,334805,"Proximates, Beef, Boneless Top Loin steak, lean only, raw, animal 24, upperchoice",0.0,22.3,6.15
0.0,0.0,0.0,0,0.0,23,3,1,1763.75,303.145,121.258,80.839,2425.163,2262558,"sesame seed butter (tahini), creamy",0.0,0.0,61.07
0.0,0.0,0.0,0,0.0,15,3,2,1302.75,252.408,100.963,67.309,2019.265,2710839,"Sorghum bran, white, unenriched, dry, raw",34.95,11.16875,9.259
0.0,0.0,0.0,0,0.0,43,2,1,1237.75,212.738,85.095,56.73,1701.902,335591,"Beans, Dry, Pinto, 499 (0% moisture)",4.1,23.6,1.48
0.0,0.0,0.0,0,0.0,35,4,2,1395.25,270.33,108.132,72.088,2162.64,336066,"Beans, Dry, Great Northern, 694 (0% moisture)",4.7,26.4,1.32
0.0,0.0,0.0,0,0.0,21,2,0,1455.25,218.288,87.315,58.21,1746.302,335294,"Beans, Dry, Pink, 445 (0% moisture)",3.9,21.8,0.98
0.0,0.0,0.0,0,0.0,21,3,0,1502.75,225.412,90.165,60.11,1803.298,330703,"Protein, ash,& moisture, Ground turkey, 93% lean, 7% fat, patties, broiled (AL1,CA1,MI1) ",0.0,26.2,0.0
0.0,0.0,0.0,0,0.0,25,4,3,1561.25,336.645,134.658,89.772,2693.16,320391,"Proximates, Beef, Eye of Round roast/steak, lean only, raw, animal 16, select",0.0,23.8,2.07
0.0,0.0,0.0,0,0.0,25,3,0,2081.25,312.188,124.875,83.25,2497.502,335272,"Beans, Dry, Pink, 430 (0% moisture)",3.8,24.5,0.94
0.0,0.0,0.0,0,0.0,30,4,0,1726.25,258.938,103.575,69.05,2071.502,326003,"Proximates, Cheese, swiss, slices (MI, OK) - 18c-16-06-Prox",0.0,0.0,31.4
0.0,0.0,0.0,0,0.0,28,4,0,1786.25,267.938,107.175,71.45,2143.502,335881,"Beans, Dry, Black, 572 (0% moisture)",4.2,25.8,1.33
0.0,0.0,0.0,0,0.0,26,3,2,1409.0,272.994,109.198,72.798,2183.95,321709,"Broccoli, Region 3, n/a, Yes, Proximates - NFY0104AU",0.0,0.0,0.22
0.0,0.0,0.0,0,0.0,24,2,0,1826.25,273.938,109.575,73.05,2191.502,333745,"Proximates, Tuna, canned, in water, drained solids,  CHICKEN OF THE SEA CHUNK LIGHT, IN WATER  (VA,CA1) - NFY090S2I",0.0,0.0,0.97
0.0,0.0,0.0,0,0.0,33,3,0,1371.25,205.688,82.275,54.85,1645.502,2713099,"Avocado, Hass, peeled, pit removed, raw",0.0,0.0,19.75
0.0,0.0,0.0,0,0.0,20,2,0,1303.75,195.562,78.225,52.15,1564.498,335467,"Beans, Dry, Pinto, 11F-8089 (0% moisture)",4.2,25.2,1.2
0.0,0.0,0.0,0,0.0,26,3,0,1546.5,231.975,92.79,61.86,1855.8,2727579,"Squash, spaghetti, peeled, seeded, raw",1.4,0.791875,0.0
0.0,0.0,0.0,0,0.0,21,3,2,1114.0,215.838,86.335,57.557,1726.705,332870,"OATMEAL COOKIES WITH RAISINS, PEPPERIDGE FARM SOFT BAKED",0.0,0.0,14.9
0.0,0.0,0.0,0,0.0,20,2,1,1017.75,174.926,69.97,46.647,1399.407,334622,"Proximates, Tamale, Pork (TX-TR) - NFY09028I",0.0,0.0,5.19
0.0,0.0,0.0,0,0.0,65,3,4,1381.25,328.047,131.219,87.479,2624.375,320448,"TOMATOES, GRAPE",0.0,0.0,0.7
0.0,0.0,0.0,0,0.0,53,3,0,1590.0,238.5,95.4,63.6,1908.0,327203,"Nectarines, Raw, Pass 2, Region 2, n/a, Yes, Proximates - NFY010BV5",0.0,0.0,0.7
0.0,0.0,0.0,0,0.0,23,4,2,1902.5,368.609,147.444,98.296,2948.876,334693,"TDF, Pupusas, Bean, flat stuffed corn biscuit (CA-LA) - NFY0901XQ",5.7,0.0,0.0
0.0,0.0,0.0,0,0.0,22,4,0,1547.75,232.162,92.865,61.91,1857.298,326300,"Carrots, sliced or crinkle cut, frozen, unprepared - Proximates - NF9913TB",0.0,0.0,0.17
0.0,0.0,0.0,0,0.0,32,2,0,1215.25,182.288,72.915,48.61,1458.302,335957,"Beans, Dry, Great Northern, 11F-8068 (0% moisture)",4.6,24.0,1.13
0.0,0.0,0.0,0,0.0,38,3,0,1367.75,205.162,82.065,54.71,1641.298,335262,"Beans, Dry, Pink, 11F-8018 (0% moisture)",4.4,24.8,1.42
0.0,0.0,0.0,0,0.0,20,3,0,1355.25,203.288,81.315,54.21,1626.302,2747676,"Watermelon, seedless, rind only, raw",1.535,0.53125,0.07
0.0,0.0,0.0,0,0.0,27,3,2,1550.0,300.312,120.125,80.083,2402.495,335946,"Beans, Dry, Great Northern, 11F-8113 (0% moisture)",4.6,24.6,1.24
0.0,0.0,0.0,0,0.0,23,3,0,1234.0,185.1,74.04,49.36,1480.8,330964,"Proximates, Chicken, skin, braised, from drumsticks and thighs, non-enhanced (CO1,CT1,IN1) - 14B-03-03-prox",0.0,0.0,36.1
0.0,0.0,0.0,0,0.0,24,2,0,1353.75,203.062,81.225,54.15,1624.498,321775,"Broccoli, Region 2, n/a, Yes, Proximates - NFY01048K",0.0,0.0,0.34
0.0,0.0,0.0,0,0.0,25,3,2,1742.5,337.609,135.044,90.029,2700.873,326149,Kale - NFY1214SF,0.0,0.0,0.91
0.0,0.0,0.0,0,0.0,22,3,1,1820.0,312.812,125.125,83.417,2502.501,332073,"TDF, Sauce, pasta, PREGO 100% Natural Italian, Traditional, bottled spaghetti sauce (AL1,CA1) - NFY0904TU",2.0,0.0,0.0
0.0,0.0,0.0,0,0.0,24,3,0,1917.5,287.625,115.05,76.7,2301.0,324246,"Proximates, Onion rings, frozen, ORE-IDA (NY,OK) - NFY1206AS",0.0,0.0,13.7
0.0,0.0,0.0,0,0.0,24,3,2,1319.0,255.556,102.223,68.148,2044.448,328056,"Proximates, Cheddar cheese, sliced, storebrand, KROGER (IN,MI) - NFY120DDA",0.0,0.0,34.6
0.0,0.0,0.0,0,0.0,22,3,0,1486.25,222.938,89.175,59.45,1783.502,332062,"Proximates, Sauce, pasta, RAGU Old World, bottled spaghetti sauce (MI1) - NFY0904T9",0.0,0.0,1.97
0.0,0.0,0.0,0,0.0,21,3,3,1272.75,274.437,109.775,73.183,2195.495,335944,"Beans, Dry, Great Northern, 11F-8134 (0% moisture)",4.4,25.0,1.41
0.0,0.0,0.0,0,0.0,40,3,1,1390.25,238.949,95.58,63.72,1911.596,335475,"Beans, Dry, Pinto, 11F-8038 (0% moisture)",4.0,24.5,1.4
0.0,0.0,0.0,0,0.0,22,2,0,1733.75,260.062,104.025,69.35,2080.498,336035,"Beans, Dry, Great Northern, 418 (0% moisture)",4.2,25.9,1.35
0.0,0.0,0.0,0,0.0,22,3,0,2016.25,302.438,120.975,80.65,2419.502,334233,"Proximates, Sugar, Granulated, White, Name brand (AL1, CA1, MI1) - NFY040XEH",0.0,0.0,0.64
0.0,0.0,0.0,0,0.0,50,3,0,1373.75,206.062,82.425,54.95,1648.498,326733,"Mission Figs, Dried, Region 2, n/a, Yes, Proximates  - NF",0.0,0.0,0.7
0.0,0.0,0.0,0,0.0,22,3,0,1269.0,190.35,76.14,50.76,1522.8,335810,"Beans, Dry, Black, 11F-8002 (0% moisture)",4.6,25.2,1.35
0.0,0.0,0.0,0,0.0,21,2,0,1402.75,210.412,84.165,56.11,1683.298,335296,"Beans, Dry, Pink, 477 (0% moisture)",4.2,23.6,1.09
0.0,0.0,0.0,0,0.0,26,3,1,1169.0,200.922,80.369,53.579,1607.375,2687016,"Squash, yellow, raw",1.17,0.0,0.0
0.0,0.0,0.0,0,0.0,25,3,0,1520.25,228.038,91.215,60.81,1824.302,335789,"Beans, Dry, Black, 11F-8122 (0% moisture)",4.3,24.2,1.08
0.0,0.0,0.0,0,0.0,25,3,0,1330.0,199.5,79.8,53.2,1596.0,323904,"TDF, Salsa, TOSTITOS CHUNKY, MEDIUM (CO,CT) - NFY090KVL",1.9,0.0,0.0
0.0,0.0,0.0,0,0.0,28,3,1,2237.5,384.57,153.828,102.552,3076.56,335561,"Beans, Dry, Pinto, 368 (0% moisture)",3.7,23.1,1.21
0.0,0.0,0.0,0,0.0,30,2,0,1375.0,206.25,82.5,55.0,1650.0,335799,"Beans, Dry, Black, 11F-8168 (0% moisture)",4.1,24.0,1.04
0.0,0.0,0.0,0,0.0,24,3,0,1896.25,284.438,113.775,75.85,2275.502,319915,Hummus - NFY12140Q,5.7,0.0,0.0
0.0,0.0,0.0,0,0.0,23,3,0,1371.25,205.688,82.275,54.85,1645.502,2263890,"Grapes, red, seedless, raw",0.0,0.914375,0.1638
0.0,0.0,0.0,0,0.0,24,3,0,1866.25,279.938,111.975,74.65,2239.502,326465,"Proximates, Mustard, yellow, FRENCHS CLASSIC (CA2,NC) - NFY120HZ4",0.0,0.0,3.57
0.0,0.0,0.0,0,0.0,22,3,0,1836.25,275.438,110.175,73.45,2203.502,335403,"Beans, Dry, Navy, 290 (0% moisture)",4.5,25.0,1.37
0.0,0.0,0.0,0,0.0,46,3,0,1367.5,205.125,82.05,54.7,1641.0,334936,"Proximates, Beef, Top Round roast/steak, lean only, raw, animal 17, select",0.0,23.8,3.5
0.0,0.0,0.0,0,0.0,25,3,0,1891.25,283.688,113.475,75.65,2269.502,2514496,"rye, flour",0.0,0.0,2.32
0.0,0.0,0.0,0,0.0,32,3,0,1029.0,154.35,61.74,41.16,1234.8,2710823,"Asparagus, green, raw",1.883,1.4375,0.2163
0.0,0.0,0.0,0,0.0,37,3,0,1425.25,213.788,85.515,57.01,1710.302,327699,"Strawberries, raw",1.8,0.64,0.22
0.0,0.0,0.0,0,0.0,25,3,0,1591.25,238.688,95.475,63.65,1909.502,2687104,"tomato, paste, canned, without salt added",4.49,0.0,0.0
0.0,0.0,0.0,0,0.0,27,3,0,1912.5,286.875,114.75,76.5,2295.0,333910,"Proximates, Tuna, canned, in water, drained solids, store brand,  GREAT VALUE &  MIDWEST COUNTRY FARE (FL,MO) - NFY090S6Q",0.0,0.0,0.9
0.0,0.0,0.0,0,0.0,22,2,1,1491.25,256.309,102.523,68.349,2050.469,321609,"Beans, snap, canned, drained - NFY1211ZS",0.0,0.0,0.37
0.0,0.0,0.0,0,0.0,22,3,0,1509.0,226.35,90.54,60.36,1810.8,335108,"Proximates, Beef, Porterhouse Steak, lean only, raw, animal 36, select",0.0,21.0,7.02
0.0,0.0,0.0,0,0.0,23,3,1,1740.0,299.062,119.625,79.75,2392.498,335593,"Beans, Dry, Pinto, 343 (0% moisture)",4.0,25.0,1.06
0.0,0.0,0.0,0,0.0,29,3,0,1414.0,212.1,84.84,56.56,1696.8,335916,"Beans, Dry, Small White, 571 (0% moisture)",4.5,25.7,1.44
0.0,0.0,0.0,0,0.0,23,4,4,1905.0,452.438,180.975,120.65,3619.502,335964,"Beans, Dry, Great Northern, 11F-8138 (0% moisture)",4.2,24.4,1.1
0.0,0.0,0.0,0,0.0,21,2,0,1500.0,225.0,90.0,60.0,1800.0,335526,"Beans, Dry, Pinto, 814 (0% moisture)",4.4,26.6,1.16
0.0,0.0,0.0,0,0.0,22,2,0,1947.5,292.125,116.85,77.9,2337.0,335312,"Beans, Dry, Navy, 11F-8165 (0% moisture)",4.1,25.5,0.94
0.0,0.0,0.0,0,0.0,24,3,0,1937.5,290.625,116.25,77.5,2325.0,335517,"Beans, Dry, Pinto, 436 (0% moisture)",3.9,22.0,1.09
0.0,0.0,0.0,0,0.0,23,2,0,1421.25,213.188,85.275,56.85,1705.502,335826,"Beans, Dry, Black, 269 (0% moisture)",4.2,23.7,1.53
0.0,0.0,0.0,0,0.0,38,3,0,1415.25,212.288,84.915,56.61,1698.302,335503,"Beans, Dry, Pinto, 11F-8072 (0% moisture)",4.3,23.4,1.19
0.0,0.0,0.0,0,0.0,22,3,0,1395.0,209.25,83.7,55.8,1674.0,2512372,"Flour, quinoa",6.295,11.92235,6.601
0.0,0.0,0.0,0,0.0,22,3,0,1676.25,251.438,100.575,67.05,2011.502,335417,"Beans, Dry, Navy, 308 (0% moisture)",4.3,24.5,1.44
0.0,0.0,0.0,0,0.0,22,3,4,1149.0,272.888,109.155,72.77,2183.102,335360,"Beans, Dry, Navy, 568 (0% moisture)",4.4,24.6,1.46
0.0,0.0,0.0,0,0.0,28,3,0,1635.0,245.25,98.1,65.4,1962.0,328807,"Proximates, Cottage cheese, 2% milkfat, store brand/other brand, KROGER & SAFEWAY (CA1,MI) - NFY120BQX",0.0,0.0,2.72
0.0,0.0,0.0,0,0.0,20,4,0,1857.5,278.625,111.45,74.3,2229.0,335924,"Beans, Dry, Small White, 544 (0% moisture)",4.4,23.5,1.02
0.0,0.0,0.0,0,0.0,30,3,1,1755.0,301.641,120.656,80.438,2413.13,320383,"Proximates, Beef, Eye of Round roast/steak, lean only, raw, animal 10, select",0.0,23.9,1.91
0.0,0.0,0.0,0,0.0,27,3,0,1422.75,213.412,85.365,56.91,1707.298,334489,"Proximates, Chinese Restaurant, Fried Rice (No Meat) (NC) - NFY1209QE",0.0,0.0,1.34
0.0,0.0,0.0,0,0.0,29,2,0,1328.75,199.312,79.725,53.15,1594.498,2747655,"Fennel, bulb, raw",2.046,0.921875,0.14
0.0,0.0,0.0,0,0.0,24,2,0,1666.25,249.938,99.975,66.65,1999.502,335774,"Beans, Dry, Small Red (0% moisture)",4.1,23.5,1.28
0.0,0.0,0.0,0,0.0,24,3,0,1333.75,200.062,80.025,53.35,1600.498,335778,"Beans, Dry, Cranberry, 11F-8022 (0% moisture)",4.4,22.7,1.32
0.0,0.0,0.0,0,0.0,27,3,0,1560.25,234.038,93.615,62.41,1872.302,2514328,"buckwheat, whole grain",0.0,0.0,3.21
0.0,0.0,0.0,0,0.0,23,3,0,1591.25,238.688,95.475,63.65,1909.502,331162,"Fat, Chicken, dark meat, lean only, drumstick, braised, non-enhanced (National) - 14B-06-01-TotalFat",0.0,0.0,5.54
0.0,0.0,0.0,0,0.0,23,2,0,1650.0,247.5,99.0,66.0,1980.0,334978,"Proximates, Beef, T-Bone Steak, lean only, cooked, animal 1, upperchoice",0.0,25.4,14.0
0.0,0.0,0.0,0,0.0,25,4,0,1868.75,280.312,112.125,74.75,2242.498,332558,"Pears, Bosc, Region 2, n/a, Yes, Fiber - NFY0000C3",3.5,0.0,0.0
0.0,0.0,0.0,0,0.0,29,2,0,1820.0,273.0,109.2,72.8,2184.0,335434,"Beans, Dry, Tan, 11F-8005 (0% moisture)",4.7,27.6,1.34
0.0,0.0,0.0,0,0.0,23,2,0,1112.75,166.912,66.765,44.51,1335.298,335721,"Beans, Dry, Small Red, 731 (0% moisture)",4.0,22.3,1.63
0.0,0.0,0.0,0,0.0,27,3,0,1712.5,256.875,102.75,68.5,2055.0,321752,"Broccoli, Cooked, Region 4, n/a, Yes, Fiber - NFY0104D6",3.2,0.0,0.0
0.0,0.0,0.0,0,0.0,23,2,1,1698.75,291.973,116.789,77.859,2335.779,324285,"Proximates, Onion rings, frozen, ORE-IDA (FL,MO) - NFY1206AE",0.0,0.0,12.6
0.0,0.0,0.0,0,0.0,33,2,0,1332.75,199.912,79.965,53.31,1599.298,333294,"Proximates, Haddock, raw (CO) - NFY060CM8",0.0,0.0,0.44
0.0,0.0,0.0,0,0.0,22,2,0,1670.0,250.5,100.2,66.8,2004.0,335580,"Beans, Dry, Pinto, 632 (0% moisture)",3.7,18.8,1.22
0.0,0.0,0.0,0,0.0,43,3,4,1783.75,423.641,169.456,112.971,3389.127,2647439,"Cheese, pasteurized process cheese food or product, American, singles",0.0,15.5672,23.86
0.0,0.0,0.0,0,0.0,22,3,0,1521.5,228.225,91.29,60.86,1825.8,329873,"Proximates, Greek yogurt, FAGE PLAIN NONFAT (OK1) - NFY091131",0.0,0.0,0.31
0.0,0.0,0.0,0,0.0,23,3,1,1521.25,261.465,104.586,69.724,2091.72,335702,"Beans, Dry, Small Red, 11F-8017 (0% moisture)",4.3,24.6,1.6
0.0,0.0,0.0,0,0.0,45,2,0,1232.75,184.912,73.965,49.31,1479.298,328276,"Proximates, Cheese, cheddar, natural shredded sharp, store brand, MY ESSENTIALS (AZ,GA,NC,PA) - NFY120WV6",0.0,0.0,32.7
0.0,0.0,0.0,0,0.0,24,3,0,1353.75,203.062,81.225,54.15,1624.498,335366,"Beans, Dry, Navy, 530 (0% moisture)",4.4,24.1,1.73
0.0,0.0,0.0,0,0.0,24,3,0,1993.75,299.062,119.625,79.75,2392.498,330740,"Protein, ash,& moisture, Ground turkey, 93% lean, 7% fat, patties, broiled (FL1) ",0.0,25.9,0.0
0.0,0.0,0.0,0,0.0,20,3,1,1240.25,213.168,85.267,56.845,1705.345,330526,"Protein, ash,& moisture, Ground turkey, 93% lean, 7% fat, pan-broiled crumbles (MI1)",0.0,27.3,0.0
0.0,0.0,0.0,0,0.0,21,3,0,1703.75,255.562,102.225,68.15,2044.498,330693,"Total Fat, Ground turkey, 93% lean, 7% fat, pan-broiled crumbles (NY1)",0.0,0.0,12.2
0.0,0.0,0.0,0,0.0,22,4,0,2138.75,320.812,128.325,85.55,2566.498,334516,"Proximates, Chinese Restaurant, Fried Rice (No Meat) (MO) - NFY1209R6",0.0,0.0,2.85
0.0,0.0,0.0,0,0.0,35,3,0,1156.5,173.475,69.39,46.26,1387.8,335664,"Beans, Dry, Pinto, 668 (0% moisture)",3.7,19.6,1.27
0.0,0.0,0.0,0,0.0,25,3,0,1594.0,239.1,95.64,63.76,1912.8,330622,"Total Fat, Ground turkey, 93% lean, 7% fat, raw (CO1)",0.0,0.0,6.93
0.0,0.0,0.0,0,0.0,24,3,0,2053.75,308.062,123.225,82.15,2464.498,334260,"Proximates, Sweet And Sour Pork, Chinese restaurant (IN1,NY1) - NFY0903IK",0.0,0.0,14.8
0.0,0.0,0.0,0,0.0,19,3,0,1800.0,270.0,108.0,72.0,2160.0,335090,"Proximates, Beef, Porterhouse Steak, lean only, raw, animal 17, select",0.0,23.1,6.91
0.0,0.0,0.0,0,0.0,22,2,0,1645.0,246.75,98.7,65.8,1974.0,327659,"Strawberries, Fresh, Pass 2, Region 4, n/a, Yes - Proximates, NFY01091W",0.0,0.0,0.26
0.0,0.0,0.0,0,0.0,23,3,0,1290.0,193.5,77.4,51.6,1548.0,333335,"Proximates, Haddock, raw (AL) - NFY060COQ",0.0,0.0,0.46
0.0,0.0,0.0,0,0.0,23,3,0,2130.0,319.5,127.8,85.2,2556.0,331960,"Chicken, broiler or fryers, breast, skinless, boneless, meat only, cooked, braised",0.0,32.1,3.24
0.0,0.0,0.0,0,0.0,25,2,1,1811.25,311.309,124.523,83.016,2490.472,335461,"Beans, Dry, Pinto, 11F-8048 (0% moisture)",4.6,25.6,1.16
0.0,0.0,0.0,0,0.0,22,3,0,1446.5,216.975,86.79,57.86,1735.8,335945,"Beans, Dry, Great Northern, 11F-8051 (0% moisture)",4.2,24.9,1.08
0.0,0.0,0.0,0,0.0,28,3,0,1555.25,233.288,93.315,62.21,1866.302,325555,"ITALIAN PORK SAUSAGE, KROGER, COOKED",0.0,0.0,24.3
0.0,0.0,0.0,0,0.0,34,3,3,1367.75,294.921,117.968,78.646,2359.37,335695,"Beans, Dry, Pinto (0% moisture)",4.1,23.7,1.24
0.0,0.0,0.0,0,0.0,36,3,0,1506.5,225.975,90.39,60.26,1807.8,334563,"Proximates, Tamale, Pork (TX-HA,NV) - NFY0902AA",0.0,0.0,10.9
0.0,0.0,0.0,0,0.0,21,3,4,1182.75,280.903,112.361,74.907,2247.219,330843,"Total Fat, Ground turkey, 93% lean, 7% fat, pan-broiled crumbles (CT1)",0.0,0.0,11.9
0.0,0.0,0.0,0,0.0,22,2,3,1410.25,304.085,121.634,81.089,2432.677,2687120,"tomato, puree, canned, no salt added",1.65,0.0,0.0
0.0,0.0,0.0,0,0.0,20,2,0,1470.25,220.538,88.215,58.81,1764.302,335721,"Beans, Dry, Small Red, 731 (0% moisture)",4.0,22.3,1.63
0.0,0.0,0.0,0,0.0,17,4,4,1542.5,366.344,146.538,97.692,2930.756,335358,"Beans, Dry, Navy, 627 (0% moisture)",4.1,24.3,1.48
0.0,0.0,0.0,0,0.0,42,2,0,1237.75,185.662,74.265,49.51,1485.298,335237,"TDF, Whole wheat bread, Store brand/other (MI,NC) - NFY1204SM",8.3,0.0,0.0
0.0,0.0,0.0,0,0.0,20,4,1,1687.5,290.039,116.016,77.344,2320.316,2685581,"Tomatoes, crushed, canned",1.944,1.4375,0.3975
0.0,0.0,0.0,0,0.0,23,3,1,1872.5,321.836,128.734,85.823,2574.687,335307,"Beans, Dry, Navy, 11F-8043 (0% moisture)",4.5,23.5,1.19
0.0,0.0,0.0,0,0.0,23,2,4,1722.5,409.094,163.638,109.092,3272.756,334628,"Restaurant, Latino, tamale, pork",2.4,7.38,9.04
0.0,0.0,0.0,0,0.0,28,3,2,1696.25,328.648,131.459,87.64,2629.188,321609,"Beans, snap, canned, drained - NFY1211ZS",0.0,0.0,0.37
0.0,0.0,0.0,0,0.0,21,3,1,1285.25,220.902,88.361,58.907,1767.215,331607,"Fat, Chicken, skin, roasted, from drumsticks and thighs, non-enhanced (CA2,NC1) - 14B-02-02-TotalFat",0.0,0.0,41.1
0.0,0.0,0.0,0,0.0,20,4,0,1867.5,280.125,112.05,74.7,2241.0,335882,"Beans, Dry, Black, 301 (0% moisture)",4.1,25.0,1.01
0.0,0.0,0.0,0,0.0,32,3,0,2025.0,303.75,121.5,81.0,2430.0,326486,"Proximates, Mustard, yellow, store brand, AMERICAS CHOICE YELLOW MUSTARD & SHOP RITE YELLOW MUSTARD (NY,CT1) - NFY120I0M",0.0,0.0,3.22
0.0,0.0,0.0,0,0.0,43,2,0,1525.25,228.788,91.515,61.01,1830.302,336041,"Beans, Dry, Great Northern, 364 (0% moisture)",4.2,23.3,1.15
0.0,0.0,0.0,0,0.0,24,3,2,1828.75,354.32,141.728,94.485,2834.557,323157,"Almonds, dry roasted, salted - NFY1213KL",10.6,0.0,0.0
0.0,0.0,0.0,0,0.0,20,3,0,1465.0,219.75,87.9,58.6,1758.0,335494,"Beans, Dry, Pinto, 11F-8103 (0% moisture)",4.1,25.2,1.2
0.0,0.0,0.0,0,0.0,18,3,0,1630.25,244.538,97.815,65.21,1956.302,336033,"Beans, Dry, Great Northern, 519 (0% moisture)",4.4,25.2,1.29
0.0,0.0,0.0,0,0.0,23,2,0,2023.75,303.562,121.425,80.95,2428.498,335058,"Proximates, Beef, T-Bone Steak, lean only, cooked, animal 33, lowerchoice",0.0,27.9,11.1
0.0,0.0,0.0,0,0.0,23,3,2,1632.5,316.297,126.519,84.346,2530.378,330869,"Turkey, ground, 93% lean, 7% fat, pan-broiled crumbles",0.0,27.1,11.6
0.0,0.0,0.0,0,0.0,37,3,0,1821.25,273.188,109.275,72.85,2185.502,335922,"Beans, Dry, Small White, 549 (0% moisture)",4.3,24.8,1.24
0.0,0.0,0.0,0,0.0,20,3,0,1417.5,212.625,85.05,56.7,1701.0,333990,"Proximates, Tuna, canned, in water, drained solids, store brand,  GREAT VALUE &  SAFEWAY (AL,CA1) - NFY090S5Y",0.0,0.0,0.87
0.0,0.0,0.0,0,0.0,23,2,3,1632.5,352.008,140.803,93.869,2816.065,324394,"Proximates, Pickles, kosher dill, spears, VLASIC (AL,CA1) - NFY120HLX",0.0,0.0,0.32
0.0,0.0,0.0,0,0.0,29,4,0,1381.5,207.225,82.89,55.26,1657.8,2512380,"Rice, brown, long grain, unenriched, raw",3.021,7.25305,3.306
0.0,0.0,0.0,0,0.0,22,3,0,1160.25,174.038,69.615,46.41,1392.302,335853,"Beans, Dry, Black, 590 (0% moisture)",4.1,25.6,1.53
0.0,0.0,0.0,0,0.0,20,2,0,1270.25,190.538,76.215,50.81,1524.302,335703,"Beans, Dry, Small Red, 11F-8169 (0% moisture)",4.3,25.5,1.34
0.0,0.0,0.0,0,0.0,19,2,1,1600.0,275.0,110.0,73.333,2199.997,322559,"Milk, nonfat, fluid, with added vitamin A and vitamin D (fat free or skim)",0.0,3.43,0.08
0.0,0.0,0.0,0,0.0,24,3,0,1950.0,292.5,117.0,78.0,2340.0,2747658,"Mahi mahi, frozen, wild caught",0.0,19.79375,0.3767
0.0,0.0,0.0,0,0.0,58,4,0,1563.75,234.562,93.825,62.55,1876.498,321831,"Broccoli, steamed, Pass 2, Region 2, n/a, Yes, Proximates - NFY010D8W",0.0,0.0,0.43
0.0,0.0,0.0,0,0.0,23,3,0,1901.25,285.188,114.075,76.05,2281.502,326377,"Carrots, sliced or crinkle cut, frozen, unprepared - Proximates - NF9913QP",0.0,0.0,0.46
0.0,0.0,0.0,0,0.0,20,3,0,1966.25,294.938,117.975,78.65,2359.502,335269,"Beans, Dry, Pink, 817 (0% moisture)",4.2,25.4,1.23
0.0,0.0,0.0,0,0.0,22,2,2,1776.25,344.148,137.659,91.773,2753.185,335312,"Beans, Dry, Navy, 11F-8165 (0% moisture)",4.1,25.5,0.94
0.0,0.0,0.0,0,0.0,22,2,4,1880.0,446.5,178.6,119.067,3572.003,335349,"Beans, Dry, Navy, 262 (0% moisture)",4.3,22.1,1.7
0.0,0.0,0.0,0,0.0,20,2,1,1736.25,298.418,119.367,79.578,2387.342,2727569,"Chicken, breast, meat and skin, raw",0.0,21.40625,4.777
0.0,0.0,0.0,0,0.0,23,3,0,2243.75,336.562,134.625,89.75,2692.498,335612,"Beans, Dry, Pinto, 801 (0% moisture)",3.9,24.1,0.95
0.0,0.0,0.0,0,0.0,18,3,0,1873.75,281.062,112.425,74.95,2248.498,335940,"Beans, Dry, Great Northern, 11F-8194 (0% moisture)",4.1,23.4,1.14
0.0,0.0,0.0,0,0.0,15,4,0,1292.75,193.912,77.565,51.71,1551.298,323971,"TDF, Salsa, PACE CHUNKY, MEDIUM (AL,CA1) - NFY090KXH",1.9,0.0,0.0
0.0,0.0,0.0,0,0.0,20,4,0,1875.0,281.25,112.5,75.0,2250.0,330693,"Total Fat, Ground turkey, 93% lean, 7% fat, pan-broiled crumbles (NY1)",0.0,0.0,12.2
0.0,0.0,0.0,0,0.0,25,3,1,1673.75,287.676,115.07,76.714,2301.41,335583,"Beans, Dry, Pinto, 325 (0% moisture)",3.8,20.8,1.15
0.0,0.0,0.0,0,0.0,23,3,0,1440.0,216.0,86.4,57.6,1728.0,335987,"Beans, Dry, Great Northern, 392 (0% moisture)",4.3,23.9,1.12
0.0,0.0,0.0,0,0.0,25,3,0,1972.5,295.875,118.35,78.9,2367.0,2685580,"Tomato, paste, canned, without salt added",4.704,4.234375,0.7325
0.0,0.0,0.0,0,0.0,23,3,0,2028.75,304.312,121.725,81.15,2434.498,334712,"TDF, Pupusas, Bean, flat stuffed corn biscuit (MD,NM) - NFY0901WQ",5.4,0.0,0.0
0.0,0.0,0.0,0,0.0,30,3,1,1908.75,328.066,131.227,87.484,2624.528,326056,"Proximates, Cheese, swiss, slices (AL, CA1) - 18c-17-02-Prox",0.0,0.0,30.3
0.0,0.0,0.0,0,0.0,33,3,1,1902.5,326.992,130.797,87.198,2615.938,324870,"Proximates, Parmesan cheese, grated, KRAFT 100% (FL,MO) - NFY120DS3",0.0,0.0,28.7
0.0,0.0,0.0,0,0.0,47,2,0,1019.0,152.85,61.14,40.76,1222.8,330532,"Protein, ash,& moisture, Ground turkey, 93% lean, 7% fat, patties, broiled (National) ",0.0,26.6,0.0
0.0,0.0,0.0,0,0.0,30,3,0,1436.25,215.438,86.175,57.45,1723.502,2258589,"Peppers, bell, yellow, raw",1.071,0.819375,0.1211
0.0,0.0,0.0,0,0.0,30,3,0,2098.75,314.812,125.925,83.95,2518.498,330661,"Protein, ash,& moisture, Ground turkey, 93% lean, 7% fat, patties, broiled (CO1) ",0.0,25.6,0.0
0.0,0.0,0.0,0,0.0,22,3,0,1110.25,166.538,66.615,44.41,1332.302,335541,"Beans, Dry, Pinto, 391 (0% moisture)",4.1,25.1,1.36
0.0,0.0,0.0,0,0.0,24,2,0,1287.75,193.162,77.265,51.51,1545.298,336050,"Beans, Dry, Great Northern, 706 (0% moisture)",4.4,25.8,1.17
0.0,0.0,0.0,0,0.0,29,3,0,1665.25,249.788,99.915,66.61,1998.302,335797,"Beans, Dry, Black, 11F-8116 (0% moisture)",4.2,26.0,1.15
0.0,0.0,0.0,0,0.0,22,4,4,1728.75,410.578,164.231,109.488,3284.628,325211,"Grapefruit juice, white, shelf stable - NFY1213US",0.0,0.0,0.5
0.0,0.0,0.0,0,0.0,19,3,0,1244.0,186.6,74.64,49.76,1492.8,326454,"Carrots, whole, unprepared - Proximates - NF991414",0.0,0.0,0.41
0.0,0.0,0.0,0,0.0,23,2,4,1600.0,380.0,152.0,101.333,3039.997,330525,"Total Fat, Ground turkey, 93% lean, 7% fat, pan-broiled crumbles (MI1)",0.0,0.0,12.2
0.0,0.0,0.0,0,0.0,21,2,3,1733.75,373.84,149.536,99.691,2990.723,335658,"Beans, Dry, Pinto, 643 (0% moisture)",4.0,22.6,1.16
0.0,0.0,0.0,0,0.0,23,3,1,1781.25,306.152,122.461,81.641,2449.221,790839,"BANANAS, SLIGHTLY RIPE",0.0,0.0,0.14
0.0,0.0,0.0,0,0.0,44,2,2,1770.0,342.938,137.175,91.45,2743.502,335388,"Beans, Dry, Navy, 567 (0% moisture)",4.4,23.2,1.49
0.0,0.0,0.0,0,0.0,27,2,0,1521.25,228.188,91.275,60.85,1825.502,326582,"Proximates, Mustard, yellow, store brand, GREAT VALUE & GREAT VALUE (AL1,OK1) - NFY120I0W",0.0,0.0,2.8
0.0,0.0,0.0,0,0.0,34,3,0,1119.0,167.85,67.14,44.76,1342.8,2710832,"Mandarin, seedless, peeled, raw",1.328,1.039375,0.4575
0.0,0.0,0.0,0,0.0,23,2,0,1713.75,257.062,102.825,68.55,2056.498,325809,"Proximates, White bread, PEPPERIDGE FARMS (FL1,MO1) - NFY0907NU",0.0,0.0,5.2
0.0,0.0,0.0,0,0.0,60,3,0,1310.25,196.538,78.615,52.41,1572.302,324313,"TDF, Onion rings, frozen, ALEXIA (AL,OK) - NFY12066R",2.5,0.0,0.0
0.0,0.0,0.0,0,0.0,25,3,4,1384.0,328.7,131.48,87.653,2629.597,335108,"Proximates, Beef, Porterhouse Steak, lean only, raw, animal 36, select",0.0,21.0,7.02
0.0,0.0,0.0,0,0.0,22,3,1,1850.0,317.969,127.188,84.792,2543.756,2758980,"Raisins, dark, seedless",3.679,0.0,0.0
0.0,0.0,0.0,0,0.0,21,3,2,1272.75,246.595,98.638,65.759,1972.763,327864,"Romaine Lettuce, Region 2, n/a, Yes - Fiber - NFY0101RC",1.8,0.0,0.0
0.0,0.0,0.0,0,0.0,45,3,1,1522.5,261.68,104.672,69.781,2093.437,335884,"Beans, Dry, Black, 259 (0% moisture)",4.2,24.7,1.72
0.0,0.0,0.0,0,0.0,20,3,1,1627.75,279.77,111.908,74.605,2238.157,332140,"Proximates, Sauce, pasta, PREGO 100% Natural Italian, Traditional, bottled spaghetti sauce (FL1) - NFY0904WF",0.0,0.0,1.67
0.0,0.0,0.0,0,0.0,37,3,0,1680.0,252.0,100.8,67.2,2016.0,335301,"Beans, Dry, Pink, 725 (0% moisture)",3.9,21.8,1.54
0.0,0.0,0.0,0,0.0,19,3,3,1184.0,255.3,102.12,68.08,2042.4,334673,"TDF, Pupusas, Bean, flat stuffed corn biscuit (TX-TR) - NFY0901VQ",5.8,0.0,0.0
0.0,0.0,0.0,0,0.0,26,3,0,1249.0,187.35,74.94,49.96,1498.8,335641,"Beans, Dry, Pinto, 420 (0% moisture)",4.0,23.1,1.15
0.0,0.0,0.0,0,0.0,25,2,0,1414.0,212.1,84.84,56.56,1696.8,328236,"Proximates, Cheese, cheddar, natural shredded mild, KRAFT (KY,NE,NC) - NFY120WPK",0.0,0.0,32.7
0.0,0.0,0.0,0,0.0,24,3,0,1619.0,242.85,97.14,64.76,1942.8,335804,"Beans, Dry, Black, 11F-8000 (0% moisture)",4.1,26.1,1.45
0.0,0.0,0.0,0,0.0,22,3,4,1527.5,362.781,145.112,96.742,2902.25,2346399,"Cherries, sweet, dark red, raw",0.0,1.039375,0.1925
0.0,0.0,0.0,0,0.0,27,4,0,1664.0,249.6,99.84,66.56,1996.8,335719,"Beans, Dry, Small Red, 813 (0% moisture)",4.1,23.2,1.53
0.0,0.0,0.0,0,0.0,42,3,0,1587.75,238.162,95.265,63.51,1905.298,2727576,"Pork, belly, with skin, raw",0.0,15.2,35.83
0.0,0.0,0.0,0,0.0,42,4,0,1205.25,180.788,72.315,48.21,1446.302,326375,"Carrots, sliced or crinkle cut, frozen, unprepared - Proximates - NF9913QM",0.0,0.0,0.27
0.0,0.0,0.0,0,0.0,18,2,0,1473.75,221.062,88.425,58.95,1768.498,1104721,"FLOUR, SOY, FULL FAT",0.0,0.0,20.9
0.0,0.0,0.0,0,0.0,20,3,0,1489.0,223.35,89.34,59.56,1786.8,335985,"Beans, Dry, Great Northern, 380 (0% moisture)",4.2,23.7,1.17
0.0,0.0,0.0,0,0.0,24,4,3,1678.75,361.98,144.792,96.528,2895.84,332384,"Lunchmeat, ham - NFY1210QA",0.0,0.0,4.38
0.0,0.0,0.0,0,0.0,39,3,0,1054.0,158.1,63.24,42.16,1264.8,335320,"Beans, Dry, Navy, 11F-8183 (0% moisture)",3.9,25.0,1.15
0.0,0.0,0.0,0,0.0,15,4,1,1600.0,275.0,110.0,73.333,2199.997,335843,"Beans, Dry, Black, 534 (0% moisture)",4.0,23.3,1.41
0.0,0.0,0.0,0,0.0,39,2,0,1462.75,219.412,87.765,58.51,1755.298,335807,"Beans, Dry, Black, 11F-8158 (0% moisture)",4.2,24.9,0.97
0.0,0.0,0.0,0,0.0,31,3,0,1607.75,241.162,96.465,64.31,1929.298,326056,"Proximates, Cheese, swiss, slices (AL, CA1) - 18c-17-02-Prox",0.0,0.0,30.3
0.0,0.0,0.0,0,0.0,25,2,0,1570.0,235.5,94.2,62.8,1884.0,325531,"ITALIAN PORK SAUSAGE, STORE/OTHER, COOKED",0.0,0.0,29.2
0.0,0.0,0.0,0,0.0,26,3,0,1209.0,181.35,72.54,48.36,1450.8,335560,"Beans, Dry, Pinto, 734 (0% moisture)",3.9,23.7,1.38
0.0,0.0,0.0,0,0.0,34,4,0,1683.75,252.562,101.025,67.35,2020.498,327198,"Melons, cantaloupe, raw",0.8,0.82,0.18
0.0,0.0,0.0,0,0.0,22,3,0,1147.75,172.162,68.865,45.91,1377.298,2512374,"Flour, buckwheat",10.35,8.88492,2.484
0.0,0.0,0.0,0,0.0,40,3,0,1409.0,211.35,84.54,56.36,1690.8,326377,"Carrots, sliced or crinkle cut, frozen, unprepared - Proximates - NF9913QP",0.0,0.0,0.46
0.0,0.0,0.0,0,0.0,34,4,0,861.5,129.225,51.69,34.46,1033.8,335457,"Beans, Dry, Pinto, 11F-8081 (0% moisture)",4.2,24.0,1.33
0.0,0.0,0.0,0,0.0,55,3,0,1531.25,229.688,91.875,61.25,1837.502,325273,"Grapefruit juice, white, shelf stable - NFY1213UF",0.0,0.0,0.0
0.0,0.0,0.0,0,0.0,20,3,3,1307.75,281.984,112.793,75.196,2255.872,328367,"Proximates, Cheese, cheddar, natural shredded mild, KRAFT (IN,GA) - NFY120WQB",0.0,0.0,32.5
0.0,0.0,0.0,0,0.0,24,3,0,1516.25,227.438,90.975,60.65,1819.502,320391,"Proximates, Beef, Eye of Round roast/steak, lean only, raw, animal 16, select",0.0,23.8,2.07
0.0,0.0,0.0,0,0.0,44,4,0,1846.25,276.938,110.775,73.85,2215.502,329355,"Proximates, Cheese, string (low-moisture, part-skim mozzarella), BORDEN (CA1,NE,PA) - NFY120XAN",0.0,0.0,20.8
0.0,0.0,0.0,0,0.0,20,3,0,1339.0,200.85,80.34,53.56,1606.8,321706,"Broccoli, Region 3, n/a, Yes, Proximates - NFY0104BP",0.0,0.0,0.36
0.0,0.0,0.0,0,0.0,26,2,0,1134.0,170.1,68.04,45.36,1360.8,330135,"Proximates, Greek yogurt, DANNON OIKOS PLAIN NON-FAT (CO1,CT1) - NFY09115R",0.0,0.0,0.3
0.0,0.0,0.0,0,0.0,25,3,0,1911.25,286.688,114.675,76.45,2293.502,335570,"Beans, Dry, Pinto, 695 (0% moisture)",4.0,21.1,1.35
0.0,0.0,0.0,0,0.0,56,3,0,1336.25,200.438,80.175,53.45,1603.502,335945,"Beans, Dry, Great Northern, 11F-8051 (0% moisture)",4.2,24.9,1.08
0.0,0.0,0.0,0,0.0,21,2,0,1622.5,243.375,97.35,64.9,1947.0,335811,"Beans, Dry, Black, 11F-8135 (0% moisture)",4.5,25.1,1.06
0.0,0.0,0.0,0,0.0,22,3,1,1818.75,312.598,125.039,83.359,2500.779,324176,"Proximates, Onion rings, frozen, ORE-IDA (CA2,NC) - NFY12069K",0.0,0.0,12.8
0.0,0.0,0.0,0,0.0,22,3,0,1507.5,226.125,90.45,60.3,1809.0,333823,"Proximates, Tuna, canned, in water, drained solids, store brand,  AMERICAS CHOICE &  KROGER (IN,NY) - NFY090S5H",0.0,0.0,0.84
0.0,0.0,0.0,0,0.0,21,2,2,1374.0,266.213,106.485,70.99,2129.702,323157,"Almonds, dry roasted, salted - NFY1213KL",10.6,0.0,0.0
0.0,0.0,0.0,0,0.0,21,3,0,1665.25,249.788,99.915,66.61,1998.302,327089,"Cantaloupe, raw, Region 1, n/a, Yes - Proximates,  NF000980, NF00098U",0.0,0.0,0.18
0.0,0.0,0.0,0,0.0,46,4,0,1926.25,288.938,115.575,77.05,2311.502,335546,"Beans, Dry, Pinto, 720 (0% moisture)",3.8,21.6,1.2
0.0,0.0,0.0,0,0.0,23,4,0,1673.75,251.062,100.425,66.95,2008.498,324146,"BEEF BREAKFAST SAUSAGE, BANQUET BROWN N SERVE SAUSAGE LINKS, MAPLE FLAVOR",0.0,0.0,32.5
0.0,0.0,0.0,0,0.0,23,3,0,1888.75,283.312,113.325,75.55,2266.498,335929,"Beans, Dry, Red, 645 (0% moisture)",4.0,21.2,1.13
0.0,0.0,0.0,0,0.0,25,3,0,1381.25,207.188,82.875,55.25,1657.502,790774,"Bananas, overripe, raw",1.7,0.73,0.22
0.0,0.0,0.0,0,0.0,33,3,0,1400.0,210.0,84.0,56.0,1680.0,325604,"ITALIAN PORK SAUSAGE, JOHNSONVILLE MILD, COOKED",0.0,0.0,25.8
0.0,0.0,0.0,0,0.0,32,3,0,1149.0,172.35,68.94,45.96,1378.8,335678,"Beans, Dry, Pinto, 781 (0% moisture)",4.0,23.4,1.2
0.0,0.0,0.0,0,0.0,22,3,0,1575.25,236.288,94.515,63.01,1890.302,790108,"FLOUR, BREAD, WHITE (ENRICHED) (UNBLEACHED) (ORGANIC)",0.0,0.0,1.6
0.0,0.0,0.0,0,0.0,23,2,1,2006.25,344.824,137.93,91.953,2758.593,332105,"TDF, Sauce, pasta, PREGO 100% Natural Italian, Traditional, bottled spaghetti sauce (MI1,OK1) - NFY0904UU",1.8,0.0,0.0
0.0,0.0,0.0,0,0.0,26,3,0,1177.75,176.662,70.665,47.11,1413.298,2648398,"provolone cheese, sliced, non-smoked",0.0,0.0,27.13
0.0,0.0,0.0,0,0.0,21,3,1,1581.25,271.777,108.711,72.474,2174.218,335430,"Beans, Dry, Carioca, 11F-8104 (0% moisture)",4.4,24.7,1.33
0.0,0.0,0.0,0,0.0,18,3,0,1507.75,226.162,90.465,60.31,1809.298,324420,"Proximates, Pickles, kosher dill, spears, CLAUSEN (MI,OK) - NFY120HOV",0.0,0.0,0.36
0.0,0.0,0.0,0,0.0,24,2,0,1875.0,281.25,112.5,75.0,2250.0,323505,"Kale, raw",4.1,2.92,1.49
0.0,0.0,0.0,0,0.0,30,3,0,1670.25,250.538,100.215,66.81,2004.302,335923,"Beans, Dry, Small White, 285 (0% moisture)",4.4,23.8,1.1
0.0,0.0,0.0,0,0.0,25,3,0,1361.25,204.188,81.675,54.45,1633.502,335247,"Beans, Dry, Pink, 11F-8190 (0% moisture)",3.8,24.9,1.23
0.0,0.0,0.0,0,0.0,47,4,0,1241.5,186.225,74.49,49.66,1489.8,2711711,"Plantains, black, overripe, peeled, raw",1.52,0.0,0.0
0.0,0.0,0.0,0,0.0,29,4,0,1544.0,231.6,92.64,61.76,1852.8,332271,"Proximates, Sauce, pasta, HUNTS original, canned spaghetti sauce (MI1) - NFY090509",0.0,0.0,0.91
0.0,0.0,0.0,0,0.0,28,4,0,1557.75,233.662,93.465,62.31,1869.298,325221,"Grapefruit juice, white, shelf stable - NFY1213SW",0.0,0.0,0.69
0.0,0.0,0.0,0,0.0,23,2,1,1528.75,262.754,105.102,70.068,2102.036,2747658,"Mahi mahi, frozen, wild caught",0.0,19.79375,0.3767
0.0,0.0,0.0,0,0.0,19,3,0,1485.25,222.788,89.115,59.41,1782.302,747693,"Ketchup, restaurant",0.0,1.11,0.55
0.0,0.0,0.0,0,0.0,22,3,0,1496.25,224.438,89.775,59.85,1795.502,334882,"Proximates, Beef, Tenderloin Roast, lean only, cooked, animal 28, select",0.0,27.8,3.85
0.0,0.0,0.0,0,0.0,39,3,0,1360.0,204.0,81.6,54.4,1632.0,335794,"Beans, Dry, Black, 11F-8013 (0% moisture)",4.5,26.0,1.11
0.0,0.0,0.0,0,0.0,38,4,0,1945.0,291.75,116.7,77.8,2334.0,334233,"Proximates, Sugar, Granulated, White, Name brand (AL1, CA1, MI1) - NFY040XEH",0.0,0.0,0.64
0.0,0.0,0.0,0,0.0,20,3,1,1735.0,298.203,119.281,79.521,2385.625,329035,"Proximates, Mozzarella cheese, low-moisture, part-skim, store brand, HYVEE & PUBLIX (FL,MO) - NFY120DM8",0.0,0.0,19.1
0.0,0.0,0.0,0,0.0,26,2,1,1359.0,233.578,93.431,62.287,1868.619,335721,"Beans, Dry, Small Red, 731 (0% moisture)",4.0,22.3,1.63
0.0,0.0,0.0,0,0.0,22,3,2,1716.25,332.523,133.009,88.673,2660.185,789965,"FLOUR, ALL PURPOSE (UNENRICHED) (UNBLEACHED)",0.0,0.0,1.5
0.0,0.0,0.0,0,0.0,21,2,0,1461.25,219.188,87.675,58.45,1753.502,324051,"BEEF BREAKFAST SAUSAGE, BANQUET BROWN N SERVE SAUSAGE LINKS",0.0,0.0,29.7
0.0,0.0,0.0,0,0.0,28,2,0,1555.0,233.25,93.3,62.2,1866.0,323476,Kale - NFY1212CY,0.0,0.0,1.43
0.0,0.0,0.0,0,0.0,22,3,2,1515.0,293.531,117.413,78.275,2348.251,329136,"Proximates, Cheese, string (low-moisture, part-skim mozzarella), KRAFT (IA) - NFY120X52",0.0,0.0,20.3
0.0,0.0,0.0,0,0.0,20,2,2,1530.25,296.486,118.594,79.063,2371.887,332472,"Pears, Bosc, Region 1, n/a, Yes, Proximates - NFY0000BP",0.0,0.0,0.07
0.0,0.0,0.0,0,0.0,18,3,0,1639.0,245.85,98.34,65.56,1966.8,335799,"Beans, Dry, Black, 11F-8168 (0% moisture)",4.1,24.0,1.04
0.0,0.0,0.0,0,0.0,23,3,0,1561.25,234.188,93.675,62.45,1873.502,335970,"Beans, Dry, Great Northern, 726 (0% moisture)",4.6,28.7,1.24
0.0,0.0,0.0,0,0.0,42,3,0,1337.75,200.662,80.265,53.51,1605.298,326971,"Kiwi, Pass 2, Region 1, n/a, Yes, Proximates - NFY010BY1",0.0,0.0,0.9
0.0,0.0,0.0,0,0.0,25,2,1,1210.25,208.012,83.205,55.47,1664.098,336003,"Beans, Dry, Great Northern, 501 (0% moisture)",4.4,24.8,1.04
0.0,0.0,0.0,0,0.0,20,2,2,1958.75,379.508,151.803,101.202,3036.062,321709,"Broccoli, Region 3, n/a, Yes, Proximates - NFY0104AU",0.0,0.0,0.22
0.0,0.0,0.0,0,0.0,25,2,0,1365.25,204.788,81.915,54.61,1638.302,325400,"Peaches, Raw, Pass 2, Region 3, n/a, Yes, Proximates - NFY010BSN",0.0,0.0,0.16
0.0,0.0,0.0,0,0.0,21,2,3,1252.75,270.124,108.05,72.033,2160.993,335015,"Proximates, Beef, T-Bone Steak, lean only, cooked, animal 20, lowerchoice",0.0,26.7,10.8
0.0,0.0,0.0,0,0.0,24,3,0,1635.0,245.25,98.1,65.4,1962.0,2685580,"Tomato, paste, canned, without salt added",4.704,4.234375,0.7325
0.0,0.0,0.0,0,0.0,22,2,1,1102.75,189.535,75.814,50.543,1516.283,335658,"Beans, Dry, Pinto, 643 (0% moisture)",4.0,22.6,1.16
0.0,0.0,0.0,0,0.0,25,3,0,1368.75,205.312,82.125,54.75,1642.498,746952,"Ham, sliced, restaurant",0.0,19.6,3.68
0.0,0.0,0.0,0,0.0,22,2,0,1270.25,190.538,76.215,50.81,1524.302,2713566,"Arugula, baby, raw ",0.0,0.0,0.31
0.0,0.0,0.0,0,0.0,24,2,1,1487.75,255.707,102.283,68.189,2045.661,330588,"Total Fat, Ground turkey, 93% lean, 7% fat, pan-broiled crumbles (NC1)",0.0,0.0,13.1
0.0,0.0,0.0,0,0.0,30,3,0,1836.25,275.438,110.175,73.45,2203.502,2747659,"Parsnips, raw",5.351,1.265625,0.5381
0.0,0.0,0.0,0,0.0,43,3,2,1580.0,306.125,122.45,81.633,2448.997,330811,"Total Fat, Ground turkey, 93% lean, 7% fat, patties, broiled (IN1)",0.0,0.0,11.8
0.0,0.0,0.0,0,0.0,25,2,0,1432.75,214.912,85.965,57.31,1719.298,335393,"Beans, Dry, Navy, 295 (0% moisture)",4.4,24.3,1.49
0.0,0.0,0.0,0,0.0,21,2,0,1481.25,222.188,88.875,59.25,1777.502,746771,"Oranges, raw, navels",2.0,0.91,0.15
0.0,0.0,0.0,0,0.0,23,4,0,1424.0,213.6,85.44,56.96,1708.8,335006,"Proximates, Beef, T-Bone Steak, lean only, cooked, animal 2, upperchoice",0.0,24.6,12.4
0.0,0.0,0.0,0,0.0,21,2,0,1703.75,255.562,102.225,68.15,2044.498,335604,"Beans, Dry, Pinto, 665 (0% moisture)",3.9,21.6,1.18
0.0,0.0,0.0,0,0.0,23,2,0,1411.25,211.688,84.675,56.45,1693.502,327889,"Romaine Lettuce, Region 3, n/a, Yes - Proximates - NFY0101S5",0.0,0.0,0.23
0.0,0.0,0.0,0,0.0,30,3,0,1207.75,181.162,72.465,48.31,1449.298,334475,"Proximates, Chinese Restaurant, Fried Rice (No Meat) (AL) - NFY1209PT",0.0,0.0,3.84
0.0,0.0,0.0,0,0.0,24,3,0,1656.25,248.438,99.375,66.25,1987.502,2262075,"Flaxseed, ground",23.13,18.0359,37.28
0.0,0.0,0.0,0,0.0,30,3,0,1986.25,297.938,119.175,79.45,2383.502,335217,"Proximates, Whole wheat bread, Store brand/other (CA1,CO) - NFY1204RQ",0.0,0.0,3.78
0.0,0.0,0.0,0,0.0,20,3,0,1376.25,206.438,82.575,55.05,1651.502,324313,"TDF, Onion rings, frozen, ALEXIA (AL,OK) - NFY12066R",2.5,0.0,0.0
0.0,0.0,0.0,0,0.0,27,3,0,1674.0,251.1,100.44,66.96,2008.8,335470,"Beans, Dry, Pinto, 11F-8121 (0% moisture)",4.1,24.4,1.11
0.0,0.0,0.0,0,0.0,22,2,0,1891.25,283.688,113.475,75.65,2269.502,335296,"Beans, Dry, Pink, 477 (0% moisture)",4.2,23.6,1.09
0.0,0.0,0.0,0,0.0,22,2,1,1516.25,260.605,104.242,69.495,2084.843,324743,"Proximates, Peanut butter, creamy, JIF (AL,CA1) - NFY120C96",0.0,0.0,52.2
0.0,0.0,0.0,0,0.0,22,4,0,1310.25,196.538,78.615,52.41,1572.302,332765,"Olives, Green Manzanilla, Star - AZ, CA2",0.0,0.0,13.0
0.0,0.0,0.0,0,0.0,22,3,1,1495.25,256.996,102.798,68.532,2055.964,2684445,"Fish, catfish, farm raised, raw",0.0,16.46875,7.308
0.0,0.0,0.0,0,0.0,25,2,0,1648.75,247.312,98.925,65.95,1978.498,327093,"Cantaloupe, raw, Region 1, n/a, Yes - Fiber,  NF000987",0.0,0.0,0.18
0.0,0.0,0.0,0,0.0,28,4,0,1249.0,187.35,74.94,49.96,1498.8,330344,"Proximates, Yogurt, Greek, strawberry, non-fat, FAGE TOTAL (CA2,CO) - NFY120OS1",0.0,8.09,0.07
0.0,0.0,0.0,0,0.0,21,2,4,1205.25,286.247,114.499,76.332,2289.972,335913,"Beans, Dry, Small White, 11F-8057 (0% moisture)",4.2,25.9,1.16
0.0,0.0,0.0,0,0.0,37,3,0,1142.75,171.412,68.565,45.71,1371.298,335756,"Beans, Dry, Small Red, 370 (0% moisture)",4.1,22.7,1.22
0.0,0.0,0.0,0,0.0,22,3,1,1986.25,341.387,136.555,91.036,2731.092,335693,"Beans, Dry, Pinto, 328 (0% moisture)",3.6,22.9,1.09
0.0,0.0,0.0,0,0.0,18,3,0,1189.0,178.35,71.34,47.56,1426.8,2346386,"Cream, heavy",0.0,2.017994,35.56
0.0,0.0,0.0,0,0.0,47,3,0,1199.0,179.85,71.94,47.96,1438.8,335500,"Beans, Dry, Pinto, 11F-8178 (0% moisture)",4.3,25.3,1.18
0.0,0.0,0.0,0,0.0,24,3,0,2016.25,302.438,120.975,80.65,2419.502,335521,"Beans, Dry, Pinto, 462 (0% moisture)",4.4,26.0,1.18
0.0,0.0,0.0,0,0.0,24,3,0,1150.25,172.538,69.015,46.01,1380.302,332261,"Proximates, Sauce, pasta, HUNTS original, canned spaghetti sauce (MO1) - NFY090503",0.0,0.0,0.76
0.0,0.0,0.0,0,0.0,25,3,0,1554.0,233.1,93.24,62.16,1864.8,332261,"Proximates, Sauce, pasta, HUNTS original, canned spaghetti sauce (MO1) - NFY090503",0.0,0.0,0.76
0.0,0.0,0.0,0,0.0,26,3,0,1406.25,210.938,84.375,56.25,1687.502,327417,"Oranges, Navel, Raw, Region 1, n/a, Yes, Fiber - NFY0103ZW",1.9,0.0,0.0
0.0,0.0,0.0,0,0.0,26,4,0,1547.75,232.162,92.865,61.91,1857.298,324020,"TDF, Salsa, PACE CHUNKY, MEDIUM (FL,MO) - NFY090KYN",1.7,0.0,0.0
0.0,0.0,0.0,0,0.0,22,2,0,1159.0,173.85,69.54,46.36,1390.8,327432,"Oranges, Navel, Raw, Region 2, n/a, Yes, Proximates - NFY01040Q",0.0,0.0,0.07
0.0,0.0,0.0,0,0.0,25,2,0,1248.75,187.312,74.925,49.95,1498.498,335626,"Beans, Dry, Pinto, 738 (0% moisture)",3.8,21.6,1.29
0.0,0.0,0.0,0,0.0,22,3,3,1531.5,330.23,132.092,88.061,2641.837,335715,"Beans, Dry, Small Red, 772 (0% moisture)",4.1,21.9,1.27
0.0,0.0,0.0,0,0.0,21,3,0,1440.0,216.0,86.4,57.6,1728.0,331941,"Proximates, Chicken breasts, boneless, skinless, non-enhanced, braised (CO,CT) - 17A-02-04-Prox",0.0,0.0,3.91
0.0,0.0,0.0,0,0.0,27,3,0,2041.25,306.188,122.475,81.65,2449.502,1753048,"APPLES, GALA, WITH SKIN, RAW",2.73,0.0,0.0
0.0,0.0,0.0,0,0.0,22,4,2,1826.25,353.836,141.534,94.356,2830.684,2514400,"brown rice, long grain, unenriched",0.0,0.0,2.62
0.0,0.0,0.0,0,0.0,24,3,2,1493.75,289.414,115.766,77.177,2315.313,2263892,"Applesauce, unsweetened, with added vitamin C",0.0,0.2734375,0.1625
0.0,0.0,0.0,0,0.0,25,2,0,1172.75,175.912,70.365,46.91,1407.298,335667,"Beans, Dry, Pinto, 414 (0% moisture)",4.2,25.0,1.4
0.0,0.0,0.0,0,0.0,22,2,1,1607.5,276.289,110.516,73.677,2210.313,335882,"Beans, Dry, Black, 301 (0% moisture)",4.1,25.0,1.01
0.0,0.0,0.0,0,0.0,22,3,0,1689.0,253.35,101.34,67.56,2026.8,1753048,"APPLES, GALA, WITH SKIN, RAW",2.73,0.0,0.0
0.0,0.0,0.0,0,0.0,27,4,2,1632.5,316.297,126.519,84.346,2530.378,328677,"Proximates, Cottage cheese, 2% milkfat, DAISY (CA1,CO) - NFY120BMU",0.0,0.0,2.27
0.0,0.0,0.0,0,0.0,22,2,0,1409.0,211.35,84.54,56.36,1690.8,335323,"Beans, Dry, Navy, 289 (0% moisture)",4.0,23.4,1.73
0.0,0.0,0.0,0,0.0,18,3,0,1343.75,201.562,80.625,53.75,1612.498,326924,"Kiwi, Region 4, n/a, Yes, Fiber  - NFY0100U9",3.8,0.0,0.0
0.0,0.0,0.0,0,0.0,28,2,0,1795.0,269.25,107.7,71.8,2154.0,335715,"Beans, Dry, Small Red, 772 (0% moisture)",4.1,21.9,1.27
0.0,0.0,0.0,0,0.0,15,2,4,1420.0,337.25,134.9,89.933,2697.997,2758979,"Raisins, golden, seedless",3.006,0.0,0.0
